[0.720s] DEBUG:colcon:Command line arguments: ['/usr/bin/colcon', 'build', '--symlink-install']
[0.720s] DEBUG:colcon:Parsed command line arguments: Namespace(log_base=None, log_level=None, verb_name='build', build_base='build', install_base='install', merge_install=False, symlink_install=True, test_result_base=None, continue_on_error=False, executor='parallel', parallel_workers=8, event_handlers=None, ignore_user_meta=False, metas=['./colcon.meta'], base_paths=['.'], packages_ignore=None, packages_ignore_regex=None, paths=None, packages_up_to=None, packages_up_to_regex=None, packages_above=None, packages_above_and_dependencies=None, packages_above_depth=None, packages_select_by_dep=None, packages_skip_by_dep=None, packages_skip_up_to=None, packages_select_build_failed=False, packages_skip_build_finished=False, packages_select_test_failures=False, packages_skip_test_passed=False, packages_select=None, packages_skip=None, packages_select_regex=None, packages_skip_regex=None, packages_start=None, packages_end=None, allow_overriding=[], cmake_args=None, cmake_target=None, cmake_target_skip_unavailable=False, cmake_clean_cache=False, cmake_clean_first=False, cmake_force_configure=False, ament_cmake_args=None, catkin_cmake_args=None, catkin_skip_building_tests=False, verb_parser=<colcon_defaults.argument_parser.defaults.DefaultArgumentsDecorator object at 0xffff8228b340>, verb_extension=<colcon_core.verb.build.BuildVerb object at 0xffff8247d1b0>, main=<bound method BuildVerb.main of <colcon_core.verb.build.BuildVerb object at 0xffff8247d1b0>>)
[2.019s] Level 1:colcon.colcon_core.package_discovery:discover_packages(colcon_meta) check parameters
[2.020s] Level 1:colcon.colcon_core.package_discovery:discover_packages(recursive) check parameters
[2.021s] Level 1:colcon.colcon_core.package_discovery:discover_packages(ignore) check parameters
[2.021s] Level 1:colcon.colcon_core.package_discovery:discover_packages(path) check parameters
[2.021s] Level 1:colcon.colcon_core.package_discovery:discover_packages(colcon_meta) discover
[2.021s] Level 1:colcon.colcon_core.package_discovery:discover_packages(recursive) discover
[2.022s] INFO:colcon.colcon_core.package_discovery:Crawling recursively for packages in '/home/sunrise/dev_ws'
[2.022s] Level 1:colcon.colcon_core.package_identification:_identify(.) by extensions ['ignore', 'ignore_ament_install']
[2.023s] Level 1:colcon.colcon_core.package_identification:_identify(.) by extension 'ignore'
[2.023s] Level 1:colcon.colcon_core.package_identification:_identify(.) by extension 'ignore_ament_install'
[2.024s] Level 1:colcon.colcon_core.package_identification:_identify(.) by extensions ['colcon_pkg']
[2.024s] Level 1:colcon.colcon_core.package_identification:_identify(.) by extension 'colcon_pkg'
[2.024s] Level 1:colcon.colcon_core.package_identification:_identify(.) by extensions ['colcon_meta']
[2.025s] Level 1:colcon.colcon_core.package_identification:_identify(.) by extension 'colcon_meta'
[2.025s] Level 1:colcon.colcon_core.package_identification:_identify(.) by extensions ['ros']
[2.025s] Level 1:colcon.colcon_core.package_identification:_identify(.) by extension 'ros'
[2.098s] Level 1:colcon.colcon_core.package_identification:_identify(.) by extensions ['cmake', 'python']
[2.099s] Level 1:colcon.colcon_core.package_identification:_identify(.) by extension 'cmake'
[2.099s] Level 1:colcon.colcon_core.package_identification:_identify(.) by extension 'python'
[2.099s] Level 1:colcon.colcon_core.package_identification:_identify(.) by extensions ['python_setup_py']
[2.100s] Level 1:colcon.colcon_core.package_identification:_identify(.) by extension 'python_setup_py'
[2.100s] Level 1:colcon.colcon_core.package_identification:_identify(build) by extensions ['ignore', 'ignore_ament_install']
[2.101s] Level 1:colcon.colcon_core.package_identification:_identify(build) by extension 'ignore'
[2.101s] Level 1:colcon.colcon_core.package_identification:_identify(build) ignored
[2.102s] Level 1:colcon.colcon_core.package_identification:_identify(install) by extensions ['ignore', 'ignore_ament_install']
[2.103s] Level 1:colcon.colcon_core.package_identification:_identify(install) by extension 'ignore'
[2.103s] Level 1:colcon.colcon_core.package_identification:_identify(install) ignored
[2.103s] Level 1:colcon.colcon_core.package_identification:_identify(log) by extensions ['ignore', 'ignore_ament_install']
[2.104s] Level 1:colcon.colcon_core.package_identification:_identify(log) by extension 'ignore'
[2.104s] Level 1:colcon.colcon_core.package_identification:_identify(log) ignored
[2.105s] Level 1:colcon.colcon_core.package_identification:_identify(src) by extensions ['ignore', 'ignore_ament_install']
[2.105s] Level 1:colcon.colcon_core.package_identification:_identify(src) by extension 'ignore'
[2.105s] Level 1:colcon.colcon_core.package_identification:_identify(src) by extension 'ignore_ament_install'
[2.106s] Level 1:colcon.colcon_core.package_identification:_identify(src) by extensions ['colcon_pkg']
[2.106s] Level 1:colcon.colcon_core.package_identification:_identify(src) by extension 'colcon_pkg'
[2.106s] Level 1:colcon.colcon_core.package_identification:_identify(src) by extensions ['colcon_meta']
[2.106s] Level 1:colcon.colcon_core.package_identification:_identify(src) by extension 'colcon_meta'
[2.107s] Level 1:colcon.colcon_core.package_identification:_identify(src) by extensions ['ros']
[2.107s] Level 1:colcon.colcon_core.package_identification:_identify(src) by extension 'ros'
[2.107s] Level 1:colcon.colcon_core.package_identification:_identify(src) by extensions ['cmake', 'python']
[2.108s] Level 1:colcon.colcon_core.package_identification:_identify(src) by extension 'cmake'
[2.108s] Level 1:colcon.colcon_core.package_identification:_identify(src) by extension 'python'
[2.108s] Level 1:colcon.colcon_core.package_identification:_identify(src) by extensions ['python_setup_py']
[2.108s] Level 1:colcon.colcon_core.package_identification:_identify(src) by extension 'python_setup_py'
[2.109s] Level 1:colcon.colcon_core.package_identification:_identify(src/LSLIDAR_X_ROS2-20240228) by extensions ['ignore', 'ignore_ament_install']
[2.109s] Level 1:colcon.colcon_core.package_identification:_identify(src/LSLIDAR_X_ROS2-20240228) by extension 'ignore'
[2.110s] Level 1:colcon.colcon_core.package_identification:_identify(src/LSLIDAR_X_ROS2-20240228) by extension 'ignore_ament_install'
[2.110s] Level 1:colcon.colcon_core.package_identification:_identify(src/LSLIDAR_X_ROS2-20240228) by extensions ['colcon_pkg']
[2.110s] Level 1:colcon.colcon_core.package_identification:_identify(src/LSLIDAR_X_ROS2-20240228) by extension 'colcon_pkg'
[2.111s] Level 1:colcon.colcon_core.package_identification:_identify(src/LSLIDAR_X_ROS2-20240228) by extensions ['colcon_meta']
[2.111s] Level 1:colcon.colcon_core.package_identification:_identify(src/LSLIDAR_X_ROS2-20240228) by extension 'colcon_meta'
[2.111s] Level 1:colcon.colcon_core.package_identification:_identify(src/LSLIDAR_X_ROS2-20240228) by extensions ['ros']
[2.111s] Level 1:colcon.colcon_core.package_identification:_identify(src/LSLIDAR_X_ROS2-20240228) by extension 'ros'
[2.112s] Level 1:colcon.colcon_core.package_identification:_identify(src/LSLIDAR_X_ROS2-20240228) by extensions ['cmake', 'python']
[2.112s] Level 1:colcon.colcon_core.package_identification:_identify(src/LSLIDAR_X_ROS2-20240228) by extension 'cmake'
[2.112s] Level 1:colcon.colcon_core.package_identification:_identify(src/LSLIDAR_X_ROS2-20240228) by extension 'python'
[2.112s] Level 1:colcon.colcon_core.package_identification:_identify(src/LSLIDAR_X_ROS2-20240228) by extensions ['python_setup_py']
[2.113s] Level 1:colcon.colcon_core.package_identification:_identify(src/LSLIDAR_X_ROS2-20240228) by extension 'python_setup_py'
[2.113s] Level 1:colcon.colcon_core.package_identification:_identify(src/LSLIDAR_X_ROS2-20240228/src) by extensions ['ignore', 'ignore_ament_install']
[2.114s] Level 1:colcon.colcon_core.package_identification:_identify(src/LSLIDAR_X_ROS2-20240228/src) by extension 'ignore'
[2.114s] Level 1:colcon.colcon_core.package_identification:_identify(src/LSLIDAR_X_ROS2-20240228/src) by extension 'ignore_ament_install'
[2.114s] Level 1:colcon.colcon_core.package_identification:_identify(src/LSLIDAR_X_ROS2-20240228/src) by extensions ['colcon_pkg']
[2.115s] Level 1:colcon.colcon_core.package_identification:_identify(src/LSLIDAR_X_ROS2-20240228/src) by extension 'colcon_pkg'
[2.115s] Level 1:colcon.colcon_core.package_identification:_identify(src/LSLIDAR_X_ROS2-20240228/src) by extensions ['colcon_meta']
[2.115s] Level 1:colcon.colcon_core.package_identification:_identify(src/LSLIDAR_X_ROS2-20240228/src) by extension 'colcon_meta'
[2.115s] Level 1:colcon.colcon_core.package_identification:_identify(src/LSLIDAR_X_ROS2-20240228/src) by extensions ['ros']
[2.115s] Level 1:colcon.colcon_core.package_identification:_identify(src/LSLIDAR_X_ROS2-20240228/src) by extension 'ros'
[2.116s] Level 1:colcon.colcon_core.package_identification:_identify(src/LSLIDAR_X_ROS2-20240228/src) by extensions ['cmake', 'python']
[2.116s] Level 1:colcon.colcon_core.package_identification:_identify(src/LSLIDAR_X_ROS2-20240228/src) by extension 'cmake'
[2.116s] Level 1:colcon.colcon_core.package_identification:_identify(src/LSLIDAR_X_ROS2-20240228/src) by extension 'python'
[2.117s] Level 1:colcon.colcon_core.package_identification:_identify(src/LSLIDAR_X_ROS2-20240228/src) by extensions ['python_setup_py']
[2.117s] Level 1:colcon.colcon_core.package_identification:_identify(src/LSLIDAR_X_ROS2-20240228/src) by extension 'python_setup_py'
[2.118s] Level 1:colcon.colcon_core.package_identification:_identify(src/LSLIDAR_X_ROS2-20240228/src/lslidar_driver) by extensions ['ignore', 'ignore_ament_install']
[2.118s] Level 1:colcon.colcon_core.package_identification:_identify(src/LSLIDAR_X_ROS2-20240228/src/lslidar_driver) by extension 'ignore'
[2.118s] Level 1:colcon.colcon_core.package_identification:_identify(src/LSLIDAR_X_ROS2-20240228/src/lslidar_driver) by extension 'ignore_ament_install'
[2.119s] Level 1:colcon.colcon_core.package_identification:_identify(src/LSLIDAR_X_ROS2-20240228/src/lslidar_driver) by extensions ['colcon_pkg']
[2.119s] Level 1:colcon.colcon_core.package_identification:_identify(src/LSLIDAR_X_ROS2-20240228/src/lslidar_driver) by extension 'colcon_pkg'
[2.119s] Level 1:colcon.colcon_core.package_identification:_identify(src/LSLIDAR_X_ROS2-20240228/src/lslidar_driver) by extensions ['colcon_meta']
[2.119s] Level 1:colcon.colcon_core.package_identification:_identify(src/LSLIDAR_X_ROS2-20240228/src/lslidar_driver) by extension 'colcon_meta'
[2.120s] Level 1:colcon.colcon_core.package_identification:_identify(src/LSLIDAR_X_ROS2-20240228/src/lslidar_driver) by extensions ['ros']
[2.120s] Level 1:colcon.colcon_core.package_identification:_identify(src/LSLIDAR_X_ROS2-20240228/src/lslidar_driver) by extension 'ros'
[2.137s] DEBUG:colcon.colcon_core.package_identification:Package 'src/LSLIDAR_X_ROS2-20240228/src/lslidar_driver' with type 'ros.ament_cmake' and name 'lslidar_driver'
[2.138s] Level 1:colcon.colcon_core.package_identification:_identify(src/LSLIDAR_X_ROS2-20240228/src/lslidar_msgs) by extensions ['ignore', 'ignore_ament_install']
[2.139s] Level 1:colcon.colcon_core.package_identification:_identify(src/LSLIDAR_X_ROS2-20240228/src/lslidar_msgs) by extension 'ignore'
[2.139s] Level 1:colcon.colcon_core.package_identification:_identify(src/LSLIDAR_X_ROS2-20240228/src/lslidar_msgs) by extension 'ignore_ament_install'
[2.140s] Level 1:colcon.colcon_core.package_identification:_identify(src/LSLIDAR_X_ROS2-20240228/src/lslidar_msgs) by extensions ['colcon_pkg']
[2.140s] Level 1:colcon.colcon_core.package_identification:_identify(src/LSLIDAR_X_ROS2-20240228/src/lslidar_msgs) by extension 'colcon_pkg'
[2.140s] Level 1:colcon.colcon_core.package_identification:_identify(src/LSLIDAR_X_ROS2-20240228/src/lslidar_msgs) by extensions ['colcon_meta']
[2.141s] Level 1:colcon.colcon_core.package_identification:_identify(src/LSLIDAR_X_ROS2-20240228/src/lslidar_msgs) by extension 'colcon_meta'
[2.141s] Level 1:colcon.colcon_core.package_identification:_identify(src/LSLIDAR_X_ROS2-20240228/src/lslidar_msgs) by extensions ['ros']
[2.141s] Level 1:colcon.colcon_core.package_identification:_identify(src/LSLIDAR_X_ROS2-20240228/src/lslidar_msgs) by extension 'ros'
[2.146s] DEBUG:colcon.colcon_core.package_identification:Package 'src/LSLIDAR_X_ROS2-20240228/src/lslidar_msgs' with type 'ros.ament_cmake' and name 'lslidar_msgs'
[2.147s] Level 1:colcon.colcon_core.package_identification:_identify(src/config) by extensions ['ignore', 'ignore_ament_install']
[2.147s] Level 1:colcon.colcon_core.package_identification:_identify(src/config) by extension 'ignore'
[2.148s] Level 1:colcon.colcon_core.package_identification:_identify(src/config) by extension 'ignore_ament_install'
[2.148s] Level 1:colcon.colcon_core.package_identification:_identify(src/config) by extensions ['colcon_pkg']
[2.149s] Level 1:colcon.colcon_core.package_identification:_identify(src/config) by extension 'colcon_pkg'
[2.149s] Level 1:colcon.colcon_core.package_identification:_identify(src/config) by extensions ['colcon_meta']
[2.149s] Level 1:colcon.colcon_core.package_identification:_identify(src/config) by extension 'colcon_meta'
[2.150s] Level 1:colcon.colcon_core.package_identification:_identify(src/config) by extensions ['ros']
[2.150s] Level 1:colcon.colcon_core.package_identification:_identify(src/config) by extension 'ros'
[2.150s] Level 1:colcon.colcon_core.package_identification:_identify(src/config) by extensions ['cmake', 'python']
[2.151s] Level 1:colcon.colcon_core.package_identification:_identify(src/config) by extension 'cmake'
[2.151s] Level 1:colcon.colcon_core.package_identification:_identify(src/config) by extension 'python'
[2.151s] Level 1:colcon.colcon_core.package_identification:_identify(src/config) by extensions ['python_setup_py']
[2.151s] Level 1:colcon.colcon_core.package_identification:_identify(src/config) by extension 'python_setup_py'
[2.152s] Level 1:colcon.colcon_core.package_identification:_identify(src/log) by extensions ['ignore', 'ignore_ament_install']
[2.152s] Level 1:colcon.colcon_core.package_identification:_identify(src/log) by extension 'ignore'
[2.153s] Level 1:colcon.colcon_core.package_identification:_identify(src/log) by extension 'ignore_ament_install'
[2.153s] Level 1:colcon.colcon_core.package_identification:_identify(src/log) by extensions ['colcon_pkg']
[2.153s] Level 1:colcon.colcon_core.package_identification:_identify(src/log) by extension 'colcon_pkg'
[2.154s] Level 1:colcon.colcon_core.package_identification:_identify(src/log) by extensions ['colcon_meta']
[2.154s] Level 1:colcon.colcon_core.package_identification:_identify(src/log) by extension 'colcon_meta'
[2.154s] Level 1:colcon.colcon_core.package_identification:_identify(src/log) by extensions ['ros']
[2.154s] Level 1:colcon.colcon_core.package_identification:_identify(src/log) by extension 'ros'
[2.155s] Level 1:colcon.colcon_core.package_identification:_identify(src/log) by extensions ['cmake', 'python']
[2.155s] Level 1:colcon.colcon_core.package_identification:_identify(src/log) by extension 'cmake'
[2.155s] Level 1:colcon.colcon_core.package_identification:_identify(src/log) by extension 'python'
[2.155s] Level 1:colcon.colcon_core.package_identification:_identify(src/log) by extensions ['python_setup_py']
[2.156s] Level 1:colcon.colcon_core.package_identification:_identify(src/log) by extension 'python_setup_py'
[2.156s] Level 1:colcon.colcon_core.package_identification:_identify(src/origincar) by extensions ['ignore', 'ignore_ament_install']
[2.157s] Level 1:colcon.colcon_core.package_identification:_identify(src/origincar) by extension 'ignore'
[2.157s] Level 1:colcon.colcon_core.package_identification:_identify(src/origincar) by extension 'ignore_ament_install'
[2.157s] Level 1:colcon.colcon_core.package_identification:_identify(src/origincar) by extensions ['colcon_pkg']
[2.157s] Level 1:colcon.colcon_core.package_identification:_identify(src/origincar) by extension 'colcon_pkg'
[2.158s] Level 1:colcon.colcon_core.package_identification:_identify(src/origincar) by extensions ['colcon_meta']
[2.158s] Level 1:colcon.colcon_core.package_identification:_identify(src/origincar) by extension 'colcon_meta'
[2.158s] Level 1:colcon.colcon_core.package_identification:_identify(src/origincar) by extensions ['ros']
[2.158s] Level 1:colcon.colcon_core.package_identification:_identify(src/origincar) by extension 'ros'
[2.159s] Level 1:colcon.colcon_core.package_identification:_identify(src/origincar) by extensions ['cmake', 'python']
[2.159s] Level 1:colcon.colcon_core.package_identification:_identify(src/origincar) by extension 'cmake'
[2.159s] Level 1:colcon.colcon_core.package_identification:_identify(src/origincar) by extension 'python'
[2.160s] Level 1:colcon.colcon_core.package_identification:_identify(src/origincar) by extensions ['python_setup_py']
[2.160s] Level 1:colcon.colcon_core.package_identification:_identify(src/origincar) by extension 'python_setup_py'
[2.161s] Level 1:colcon.colcon_core.package_identification:_identify(src/origincar/3rdparty) by extensions ['ignore', 'ignore_ament_install']
[2.161s] Level 1:colcon.colcon_core.package_identification:_identify(src/origincar/3rdparty) by extension 'ignore'
[2.162s] Level 1:colcon.colcon_core.package_identification:_identify(src/origincar/3rdparty) by extension 'ignore_ament_install'
[2.162s] Level 1:colcon.colcon_core.package_identification:_identify(src/origincar/3rdparty) by extensions ['colcon_pkg']
[2.162s] Level 1:colcon.colcon_core.package_identification:_identify(src/origincar/3rdparty) by extension 'colcon_pkg'
[2.163s] Level 1:colcon.colcon_core.package_identification:_identify(src/origincar/3rdparty) by extensions ['colcon_meta']
[2.163s] Level 1:colcon.colcon_core.package_identification:_identify(src/origincar/3rdparty) by extension 'colcon_meta'
[2.163s] Level 1:colcon.colcon_core.package_identification:_identify(src/origincar/3rdparty) by extensions ['ros']
[2.163s] Level 1:colcon.colcon_core.package_identification:_identify(src/origincar/3rdparty) by extension 'ros'
[2.164s] Level 1:colcon.colcon_core.package_identification:_identify(src/origincar/3rdparty) by extensions ['cmake', 'python']
[2.164s] Level 1:colcon.colcon_core.package_identification:_identify(src/origincar/3rdparty) by extension 'cmake'
[2.164s] Level 1:colcon.colcon_core.package_identification:_identify(src/origincar/3rdparty) by extension 'python'
[2.165s] Level 1:colcon.colcon_core.package_identification:_identify(src/origincar/3rdparty) by extensions ['python_setup_py']
[2.165s] Level 1:colcon.colcon_core.package_identification:_identify(src/origincar/3rdparty) by extension 'python_setup_py'
[2.165s] Level 1:colcon.colcon_core.package_identification:_identify(src/origincar/3rdparty/ackermann_msgs-ros2) by extensions ['ignore', 'ignore_ament_install']
[2.166s] Level 1:colcon.colcon_core.package_identification:_identify(src/origincar/3rdparty/ackermann_msgs-ros2) by extension 'ignore'
[2.166s] Level 1:colcon.colcon_core.package_identification:_identify(src/origincar/3rdparty/ackermann_msgs-ros2) by extension 'ignore_ament_install'
[2.167s] Level 1:colcon.colcon_core.package_identification:_identify(src/origincar/3rdparty/ackermann_msgs-ros2) by extensions ['colcon_pkg']
[2.167s] Level 1:colcon.colcon_core.package_identification:_identify(src/origincar/3rdparty/ackermann_msgs-ros2) by extension 'colcon_pkg'
[2.167s] Level 1:colcon.colcon_core.package_identification:_identify(src/origincar/3rdparty/ackermann_msgs-ros2) by extensions ['colcon_meta']
[2.167s] Level 1:colcon.colcon_core.package_identification:_identify(src/origincar/3rdparty/ackermann_msgs-ros2) by extension 'colcon_meta'
[2.168s] Level 1:colcon.colcon_core.package_identification:_identify(src/origincar/3rdparty/ackermann_msgs-ros2) by extensions ['ros']
[2.168s] Level 1:colcon.colcon_core.package_identification:_identify(src/origincar/3rdparty/ackermann_msgs-ros2) by extension 'ros'
[2.171s] DEBUG:colcon.colcon_core.package_identification:Package 'src/origincar/3rdparty/ackermann_msgs-ros2' with type 'ros.ament_cmake' and name 'ackermann_msgs'
[2.172s] Level 1:colcon.colcon_core.package_identification:_identify(src/origincar/3rdparty/aurora930) by extensions ['ignore', 'ignore_ament_install']
[2.174s] Level 1:colcon.colcon_core.package_identification:_identify(src/origincar/3rdparty/aurora930) by extension 'ignore'
[2.174s] Level 1:colcon.colcon_core.package_identification:_identify(src/origincar/3rdparty/aurora930) by extension 'ignore_ament_install'
[2.175s] Level 1:colcon.colcon_core.package_identification:_identify(src/origincar/3rdparty/aurora930) by extensions ['colcon_pkg']
[2.175s] Level 1:colcon.colcon_core.package_identification:_identify(src/origincar/3rdparty/aurora930) by extension 'colcon_pkg'
[2.175s] Level 1:colcon.colcon_core.package_identification:_identify(src/origincar/3rdparty/aurora930) by extensions ['colcon_meta']
[2.175s] Level 1:colcon.colcon_core.package_identification:_identify(src/origincar/3rdparty/aurora930) by extension 'colcon_meta'
[2.176s] Level 1:colcon.colcon_core.package_identification:_identify(src/origincar/3rdparty/aurora930) by extensions ['ros']
[2.176s] Level 1:colcon.colcon_core.package_identification:_identify(src/origincar/3rdparty/aurora930) by extension 'ros'
[2.177s] Level 1:colcon.colcon_core.package_identification:_identify(src/origincar/3rdparty/aurora930) by extensions ['cmake', 'python']
[2.177s] Level 1:colcon.colcon_core.package_identification:_identify(src/origincar/3rdparty/aurora930) by extension 'cmake'
[2.177s] Level 1:colcon.colcon_core.package_identification:_identify(src/origincar/3rdparty/aurora930) by extension 'python'
[2.177s] Level 1:colcon.colcon_core.package_identification:_identify(src/origincar/3rdparty/aurora930) by extensions ['python_setup_py']
[2.178s] Level 1:colcon.colcon_core.package_identification:_identify(src/origincar/3rdparty/aurora930) by extension 'python_setup_py'
[2.178s] Level 1:colcon.colcon_core.package_identification:_identify(src/origincar/3rdparty/serial_ros2) by extensions ['ignore', 'ignore_ament_install']
[2.179s] Level 1:colcon.colcon_core.package_identification:_identify(src/origincar/3rdparty/serial_ros2) by extension 'ignore'
[2.179s] Level 1:colcon.colcon_core.package_identification:_identify(src/origincar/3rdparty/serial_ros2) by extension 'ignore_ament_install'
[2.179s] Level 1:colcon.colcon_core.package_identification:_identify(src/origincar/3rdparty/serial_ros2) by extensions ['colcon_pkg']
[2.180s] Level 1:colcon.colcon_core.package_identification:_identify(src/origincar/3rdparty/serial_ros2) by extension 'colcon_pkg'
[2.180s] Level 1:colcon.colcon_core.package_identification:_identify(src/origincar/3rdparty/serial_ros2) by extensions ['colcon_meta']
[2.180s] Level 1:colcon.colcon_core.package_identification:_identify(src/origincar/3rdparty/serial_ros2) by extension 'colcon_meta'
[2.180s] Level 1:colcon.colcon_core.package_identification:_identify(src/origincar/3rdparty/serial_ros2) by extensions ['ros']
[2.181s] Level 1:colcon.colcon_core.package_identification:_identify(src/origincar/3rdparty/serial_ros2) by extension 'ros'
[2.185s] DEBUG:colcon.colcon_core.package_identification:Package 'src/origincar/3rdparty/serial_ros2' with type 'ros.ament_cmake' and name 'serial'
[2.186s] Level 1:colcon.colcon_core.package_identification:_identify(src/origincar/line_follower_pkg) by extensions ['ignore', 'ignore_ament_install']
[2.186s] Level 1:colcon.colcon_core.package_identification:_identify(src/origincar/line_follower_pkg) by extension 'ignore'
[2.187s] Level 1:colcon.colcon_core.package_identification:_identify(src/origincar/line_follower_pkg) by extension 'ignore_ament_install'
[2.188s] Level 1:colcon.colcon_core.package_identification:_identify(src/origincar/line_follower_pkg) by extensions ['colcon_pkg']
[2.188s] Level 1:colcon.colcon_core.package_identification:_identify(src/origincar/line_follower_pkg) by extension 'colcon_pkg'
[2.188s] Level 1:colcon.colcon_core.package_identification:_identify(src/origincar/line_follower_pkg) by extensions ['colcon_meta']
[2.188s] Level 1:colcon.colcon_core.package_identification:_identify(src/origincar/line_follower_pkg) by extension 'colcon_meta'
[2.189s] Level 1:colcon.colcon_core.package_identification:_identify(src/origincar/line_follower_pkg) by extensions ['ros']
[2.189s] Level 1:colcon.colcon_core.package_identification:_identify(src/origincar/line_follower_pkg) by extension 'ros'
[2.194s] DEBUG:colcon.colcon_core.package_identification:Package 'src/origincar/line_follower_pkg' with type 'ros.ament_python' and name 'line_follower_pkg'
[2.195s] Level 1:colcon.colcon_core.package_identification:_identify(src/origincar/origincar_base) by extensions ['ignore', 'ignore_ament_install']
[2.196s] Level 1:colcon.colcon_core.package_identification:_identify(src/origincar/origincar_base) by extension 'ignore'
[2.196s] Level 1:colcon.colcon_core.package_identification:_identify(src/origincar/origincar_base) by extension 'ignore_ament_install'
[2.197s] Level 1:colcon.colcon_core.package_identification:_identify(src/origincar/origincar_base) by extensions ['colcon_pkg']
[2.197s] Level 1:colcon.colcon_core.package_identification:_identify(src/origincar/origincar_base) by extension 'colcon_pkg'
[2.197s] Level 1:colcon.colcon_core.package_identification:_identify(src/origincar/origincar_base) by extensions ['colcon_meta']
[2.197s] Level 1:colcon.colcon_core.package_identification:_identify(src/origincar/origincar_base) by extension 'colcon_meta'
[2.198s] Level 1:colcon.colcon_core.package_identification:_identify(src/origincar/origincar_base) by extensions ['ros']
[2.198s] Level 1:colcon.colcon_core.package_identification:_identify(src/origincar/origincar_base) by extension 'ros'
[2.212s] DEBUG:colcon.colcon_core.package_identification:Package 'src/origincar/origincar_base' with type 'ros.ament_cmake' and name 'origincar_base'
[2.213s] Level 1:colcon.colcon_core.package_identification:_identify(src/origincar/origincar_bringup) by extensions ['ignore', 'ignore_ament_install']
[2.214s] Level 1:colcon.colcon_core.package_identification:_identify(src/origincar/origincar_bringup) by extension 'ignore'
[2.214s] Level 1:colcon.colcon_core.package_identification:_identify(src/origincar/origincar_bringup) by extension 'ignore_ament_install'
[2.215s] Level 1:colcon.colcon_core.package_identification:_identify(src/origincar/origincar_bringup) by extensions ['colcon_pkg']
[2.215s] Level 1:colcon.colcon_core.package_identification:_identify(src/origincar/origincar_bringup) by extension 'colcon_pkg'
[2.215s] Level 1:colcon.colcon_core.package_identification:_identify(src/origincar/origincar_bringup) by extensions ['colcon_meta']
[2.216s] Level 1:colcon.colcon_core.package_identification:_identify(src/origincar/origincar_bringup) by extension 'colcon_meta'
[2.216s] Level 1:colcon.colcon_core.package_identification:_identify(src/origincar/origincar_bringup) by extensions ['ros']
[2.216s] Level 1:colcon.colcon_core.package_identification:_identify(src/origincar/origincar_bringup) by extension 'ros'
[2.223s] DEBUG:colcon.colcon_core.package_identification:Package 'src/origincar/origincar_bringup' with type 'ros.ament_cmake' and name 'origincar_bringup'
[2.224s] Level 1:colcon.colcon_core.package_identification:_identify(src/origincar/origincar_description) by extensions ['ignore', 'ignore_ament_install']
[2.224s] Level 1:colcon.colcon_core.package_identification:_identify(src/origincar/origincar_description) by extension 'ignore'
[2.225s] Level 1:colcon.colcon_core.package_identification:_identify(src/origincar/origincar_description) by extension 'ignore_ament_install'
[2.225s] Level 1:colcon.colcon_core.package_identification:_identify(src/origincar/origincar_description) by extensions ['colcon_pkg']
[2.226s] Level 1:colcon.colcon_core.package_identification:_identify(src/origincar/origincar_description) by extension 'colcon_pkg'
[2.226s] Level 1:colcon.colcon_core.package_identification:_identify(src/origincar/origincar_description) by extensions ['colcon_meta']
[2.226s] Level 1:colcon.colcon_core.package_identification:_identify(src/origincar/origincar_description) by extension 'colcon_meta'
[2.227s] Level 1:colcon.colcon_core.package_identification:_identify(src/origincar/origincar_description) by extensions ['ros']
[2.227s] Level 1:colcon.colcon_core.package_identification:_identify(src/origincar/origincar_description) by extension 'ros'
[2.230s] DEBUG:colcon.colcon_core.package_identification:Package 'src/origincar/origincar_description' with type 'ros.ament_cmake' and name 'origincar_description'
[2.231s] Level 1:colcon.colcon_core.package_identification:_identify(src/origincar/origincar_msg) by extensions ['ignore', 'ignore_ament_install']
[2.232s] Level 1:colcon.colcon_core.package_identification:_identify(src/origincar/origincar_msg) by extension 'ignore'
[2.232s] Level 1:colcon.colcon_core.package_identification:_identify(src/origincar/origincar_msg) by extension 'ignore_ament_install'
[2.233s] Level 1:colcon.colcon_core.package_identification:_identify(src/origincar/origincar_msg) by extensions ['colcon_pkg']
[2.233s] Level 1:colcon.colcon_core.package_identification:_identify(src/origincar/origincar_msg) by extension 'colcon_pkg'
[2.233s] Level 1:colcon.colcon_core.package_identification:_identify(src/origincar/origincar_msg) by extensions ['colcon_meta']
[2.234s] Level 1:colcon.colcon_core.package_identification:_identify(src/origincar/origincar_msg) by extension 'colcon_meta'
[2.234s] Level 1:colcon.colcon_core.package_identification:_identify(src/origincar/origincar_msg) by extensions ['ros']
[2.234s] Level 1:colcon.colcon_core.package_identification:_identify(src/origincar/origincar_msg) by extension 'ros'
[2.237s] DEBUG:colcon.colcon_core.package_identification:Package 'src/origincar/origincar_msg' with type 'ros.ament_cmake' and name 'origincar_msg'
[2.238s] Level 1:colcon.colcon_core.package_identification:_identify(src/origincar/utils) by extensions ['ignore', 'ignore_ament_install']
[2.239s] Level 1:colcon.colcon_core.package_identification:_identify(src/origincar/utils) by extension 'ignore'
[2.239s] Level 1:colcon.colcon_core.package_identification:_identify(src/origincar/utils) by extension 'ignore_ament_install'
[2.240s] Level 1:colcon.colcon_core.package_identification:_identify(src/origincar/utils) by extensions ['colcon_pkg']
[2.240s] Level 1:colcon.colcon_core.package_identification:_identify(src/origincar/utils) by extension 'colcon_pkg'
[2.240s] Level 1:colcon.colcon_core.package_identification:_identify(src/origincar/utils) by extensions ['colcon_meta']
[2.240s] Level 1:colcon.colcon_core.package_identification:_identify(src/origincar/utils) by extension 'colcon_meta'
[2.241s] Level 1:colcon.colcon_core.package_identification:_identify(src/origincar/utils) by extensions ['ros']
[2.241s] Level 1:colcon.colcon_core.package_identification:_identify(src/origincar/utils) by extension 'ros'
[2.246s] DEBUG:colcon.colcon_core.package_identification:Package 'src/origincar/utils' with type 'ros.ament_cmake' and name 'utils'
[2.247s] Level 1:colcon.colcon_core.package_identification:_identify(src/racing) by extensions ['ignore', 'ignore_ament_install']
[2.247s] Level 1:colcon.colcon_core.package_identification:_identify(src/racing) by extension 'ignore'
[2.248s] Level 1:colcon.colcon_core.package_identification:_identify(src/racing) by extension 'ignore_ament_install'
[2.248s] Level 1:colcon.colcon_core.package_identification:_identify(src/racing) by extensions ['colcon_pkg']
[2.248s] Level 1:colcon.colcon_core.package_identification:_identify(src/racing) by extension 'colcon_pkg'
[2.249s] Level 1:colcon.colcon_core.package_identification:_identify(src/racing) by extensions ['colcon_meta']
[2.249s] Level 1:colcon.colcon_core.package_identification:_identify(src/racing) by extension 'colcon_meta'
[2.249s] Level 1:colcon.colcon_core.package_identification:_identify(src/racing) by extensions ['ros']
[2.249s] Level 1:colcon.colcon_core.package_identification:_identify(src/racing) by extension 'ros'
[2.250s] Level 1:colcon.colcon_core.package_identification:_identify(src/racing) by extensions ['cmake', 'python']
[2.250s] Level 1:colcon.colcon_core.package_identification:_identify(src/racing) by extension 'cmake'
[2.250s] Level 1:colcon.colcon_core.package_identification:_identify(src/racing) by extension 'python'
[2.251s] Level 1:colcon.colcon_core.package_identification:_identify(src/racing) by extensions ['python_setup_py']
[2.251s] Level 1:colcon.colcon_core.package_identification:_identify(src/racing) by extension 'python_setup_py'
[2.252s] Level 1:colcon.colcon_core.package_identification:_identify(src/racing/bno055-main) by extensions ['ignore', 'ignore_ament_install']
[2.252s] Level 1:colcon.colcon_core.package_identification:_identify(src/racing/bno055-main) by extension 'ignore'
[2.252s] Level 1:colcon.colcon_core.package_identification:_identify(src/racing/bno055-main) by extension 'ignore_ament_install'
[2.253s] Level 1:colcon.colcon_core.package_identification:_identify(src/racing/bno055-main) by extensions ['colcon_pkg']
[2.253s] Level 1:colcon.colcon_core.package_identification:_identify(src/racing/bno055-main) by extension 'colcon_pkg'
[2.253s] Level 1:colcon.colcon_core.package_identification:_identify(src/racing/bno055-main) by extensions ['colcon_meta']
[2.253s] Level 1:colcon.colcon_core.package_identification:_identify(src/racing/bno055-main) by extension 'colcon_meta'
[2.254s] Level 1:colcon.colcon_core.package_identification:_identify(src/racing/bno055-main) by extensions ['ros']
[2.254s] Level 1:colcon.colcon_core.package_identification:_identify(src/racing/bno055-main) by extension 'ros'
[2.259s] DEBUG:colcon.colcon_core.package_identification:Package 'src/racing/bno055-main' with type 'ros.ament_python' and name 'bno055'
[2.259s] Level 1:colcon.colcon_core.package_identification:_identify(src/racing/qr_scanner) by extensions ['ignore', 'ignore_ament_install']
[2.260s] Level 1:colcon.colcon_core.package_identification:_identify(src/racing/qr_scanner) by extension 'ignore'
[2.260s] Level 1:colcon.colcon_core.package_identification:_identify(src/racing/qr_scanner) by extension 'ignore_ament_install'
[2.261s] Level 1:colcon.colcon_core.package_identification:_identify(src/racing/qr_scanner) by extensions ['colcon_pkg']
[2.261s] Level 1:colcon.colcon_core.package_identification:_identify(src/racing/qr_scanner) by extension 'colcon_pkg'
[2.261s] Level 1:colcon.colcon_core.package_identification:_identify(src/racing/qr_scanner) by extensions ['colcon_meta']
[2.262s] Level 1:colcon.colcon_core.package_identification:_identify(src/racing/qr_scanner) by extension 'colcon_meta'
[2.262s] Level 1:colcon.colcon_core.package_identification:_identify(src/racing/qr_scanner) by extensions ['ros']
[2.262s] Level 1:colcon.colcon_core.package_identification:_identify(src/racing/qr_scanner) by extension 'ros'
[2.269s] DEBUG:colcon.colcon_core.package_identification:Package 'src/racing/qr_scanner' with type 'ros.ament_python' and name 'qr_scanner'
[2.270s] Level 1:colcon.colcon_core.package_identification:_identify(src/racing/racing_bringup) by extensions ['ignore', 'ignore_ament_install']
[2.271s] Level 1:colcon.colcon_core.package_identification:_identify(src/racing/racing_bringup) by extension 'ignore'
[2.271s] Level 1:colcon.colcon_core.package_identification:_identify(src/racing/racing_bringup) by extension 'ignore_ament_install'
[2.271s] Level 1:colcon.colcon_core.package_identification:_identify(src/racing/racing_bringup) by extensions ['colcon_pkg']
[2.272s] Level 1:colcon.colcon_core.package_identification:_identify(src/racing/racing_bringup) by extension 'colcon_pkg'
[2.272s] Level 1:colcon.colcon_core.package_identification:_identify(src/racing/racing_bringup) by extensions ['colcon_meta']
[2.272s] Level 1:colcon.colcon_core.package_identification:_identify(src/racing/racing_bringup) by extension 'colcon_meta'
[2.273s] Level 1:colcon.colcon_core.package_identification:_identify(src/racing/racing_bringup) by extensions ['ros']
[2.273s] Level 1:colcon.colcon_core.package_identification:_identify(src/racing/racing_bringup) by extension 'ros'
[2.280s] DEBUG:colcon.colcon_core.package_identification:Package 'src/racing/racing_bringup' with type 'ros.ament_python' and name 'racing_bringup'
[2.280s] Level 1:colcon.colcon_core.package_identification:_identify(src/racing/racing_stage1) by extensions ['ignore', 'ignore_ament_install']
[2.281s] Level 1:colcon.colcon_core.package_identification:_identify(src/racing/racing_stage1) by extension 'ignore'
[2.282s] Level 1:colcon.colcon_core.package_identification:_identify(src/racing/racing_stage1) by extension 'ignore_ament_install'
[2.282s] Level 1:colcon.colcon_core.package_identification:_identify(src/racing/racing_stage1) by extensions ['colcon_pkg']
[2.282s] Level 1:colcon.colcon_core.package_identification:_identify(src/racing/racing_stage1) by extension 'colcon_pkg'
[2.283s] Level 1:colcon.colcon_core.package_identification:_identify(src/racing/racing_stage1) by extensions ['colcon_meta']
[2.283s] Level 1:colcon.colcon_core.package_identification:_identify(src/racing/racing_stage1) by extension 'colcon_meta'
[2.283s] Level 1:colcon.colcon_core.package_identification:_identify(src/racing/racing_stage1) by extensions ['ros']
[2.283s] Level 1:colcon.colcon_core.package_identification:_identify(src/racing/racing_stage1) by extension 'ros'
[2.290s] DEBUG:colcon.colcon_core.package_identification:Package 'src/racing/racing_stage1' with type 'ros.ament_python' and name 'racing_stage1'
[2.290s] Level 1:colcon.colcon_core.package_identification:_identify(src/racing/racing_stage2) by extensions ['ignore', 'ignore_ament_install']
[2.291s] Level 1:colcon.colcon_core.package_identification:_identify(src/racing/racing_stage2) by extension 'ignore'
[2.291s] Level 1:colcon.colcon_core.package_identification:_identify(src/racing/racing_stage2) by extension 'ignore_ament_install'
[2.292s] Level 1:colcon.colcon_core.package_identification:_identify(src/racing/racing_stage2) by extensions ['colcon_pkg']
[2.292s] Level 1:colcon.colcon_core.package_identification:_identify(src/racing/racing_stage2) by extension 'colcon_pkg'
[2.293s] Level 1:colcon.colcon_core.package_identification:_identify(src/racing/racing_stage2) by extensions ['colcon_meta']
[2.293s] Level 1:colcon.colcon_core.package_identification:_identify(src/racing/racing_stage2) by extension 'colcon_meta'
[2.293s] Level 1:colcon.colcon_core.package_identification:_identify(src/racing/racing_stage2) by extensions ['ros']
[2.293s] Level 1:colcon.colcon_core.package_identification:_identify(src/racing/racing_stage2) by extension 'ros'
[2.302s] DEBUG:colcon.colcon_core.package_identification:Package 'src/racing/racing_stage2' with type 'ros.ament_python' and name 'racing_stage2'
[2.303s] Level 1:colcon.colcon_core.package_identification:_identify(src/racing/racing_stage2_field_record) by extensions ['ignore', 'ignore_ament_install']
[2.304s] Level 1:colcon.colcon_core.package_identification:_identify(src/racing/racing_stage2_field_record) by extension 'ignore'
[2.304s] Level 1:colcon.colcon_core.package_identification:_identify(src/racing/racing_stage2_field_record) by extension 'ignore_ament_install'
[2.305s] Level 1:colcon.colcon_core.package_identification:_identify(src/racing/racing_stage2_field_record) by extensions ['colcon_pkg']
[2.305s] Level 1:colcon.colcon_core.package_identification:_identify(src/racing/racing_stage2_field_record) by extension 'colcon_pkg'
[2.305s] Level 1:colcon.colcon_core.package_identification:_identify(src/racing/racing_stage2_field_record) by extensions ['colcon_meta']
[2.305s] Level 1:colcon.colcon_core.package_identification:_identify(src/racing/racing_stage2_field_record) by extension 'colcon_meta'
[2.306s] Level 1:colcon.colcon_core.package_identification:_identify(src/racing/racing_stage2_field_record) by extensions ['ros']
[2.306s] Level 1:colcon.colcon_core.package_identification:_identify(src/racing/racing_stage2_field_record) by extension 'ros'
[2.306s] Level 1:colcon.colcon_core.package_identification:_identify(src/racing/racing_stage2_field_record) by extensions ['cmake', 'python']
[2.307s] Level 1:colcon.colcon_core.package_identification:_identify(src/racing/racing_stage2_field_record) by extension 'cmake'
[2.307s] Level 1:colcon.colcon_core.package_identification:_identify(src/racing/racing_stage2_field_record) by extension 'python'
[2.307s] Level 1:colcon.colcon_core.package_identification:_identify(src/racing/racing_stage2_field_record) by extensions ['python_setup_py']
[2.307s] Level 1:colcon.colcon_core.package_identification:_identify(src/racing/racing_stage2_field_record) by extension 'python_setup_py'
[2.308s] Level 1:colcon.colcon_core.package_identification:_identify(src/racing/racing_stage2_field_record/config) by extensions ['ignore', 'ignore_ament_install']
[2.309s] Level 1:colcon.colcon_core.package_identification:_identify(src/racing/racing_stage2_field_record/config) by extension 'ignore'
[2.309s] Level 1:colcon.colcon_core.package_identification:_identify(src/racing/racing_stage2_field_record/config) by extension 'ignore_ament_install'
[2.309s] Level 1:colcon.colcon_core.package_identification:_identify(src/racing/racing_stage2_field_record/config) by extensions ['colcon_pkg']
[2.309s] Level 1:colcon.colcon_core.package_identification:_identify(src/racing/racing_stage2_field_record/config) by extension 'colcon_pkg'
[2.310s] Level 1:colcon.colcon_core.package_identification:_identify(src/racing/racing_stage2_field_record/config) by extensions ['colcon_meta']
[2.310s] Level 1:colcon.colcon_core.package_identification:_identify(src/racing/racing_stage2_field_record/config) by extension 'colcon_meta'
[2.310s] Level 1:colcon.colcon_core.package_identification:_identify(src/racing/racing_stage2_field_record/config) by extensions ['ros']
[2.311s] Level 1:colcon.colcon_core.package_identification:_identify(src/racing/racing_stage2_field_record/config) by extension 'ros'
[2.311s] Level 1:colcon.colcon_core.package_identification:_identify(src/racing/racing_stage2_field_record/config) by extensions ['cmake', 'python']
[2.311s] Level 1:colcon.colcon_core.package_identification:_identify(src/racing/racing_stage2_field_record/config) by extension 'cmake'
[2.312s] Level 1:colcon.colcon_core.package_identification:_identify(src/racing/racing_stage2_field_record/config) by extension 'python'
[2.312s] Level 1:colcon.colcon_core.package_identification:_identify(src/racing/racing_stage2_field_record/config) by extensions ['python_setup_py']
[2.312s] Level 1:colcon.colcon_core.package_identification:_identify(src/racing/racing_stage2_field_record/config) by extension 'python_setup_py'
[2.313s] Level 1:colcon.colcon_core.package_identification:_identify(src/racing/racing_stage2_field_record/launch) by extensions ['ignore', 'ignore_ament_install']
[2.313s] Level 1:colcon.colcon_core.package_identification:_identify(src/racing/racing_stage2_field_record/launch) by extension 'ignore'
[2.314s] Level 1:colcon.colcon_core.package_identification:_identify(src/racing/racing_stage2_field_record/launch) by extension 'ignore_ament_install'
[2.314s] Level 1:colcon.colcon_core.package_identification:_identify(src/racing/racing_stage2_field_record/launch) by extensions ['colcon_pkg']
[2.314s] Level 1:colcon.colcon_core.package_identification:_identify(src/racing/racing_stage2_field_record/launch) by extension 'colcon_pkg'
[2.314s] Level 1:colcon.colcon_core.package_identification:_identify(src/racing/racing_stage2_field_record/launch) by extensions ['colcon_meta']
[2.314s] Level 1:colcon.colcon_core.package_identification:_identify(src/racing/racing_stage2_field_record/launch) by extension 'colcon_meta'
[2.315s] Level 1:colcon.colcon_core.package_identification:_identify(src/racing/racing_stage2_field_record/launch) by extensions ['ros']
[2.315s] Level 1:colcon.colcon_core.package_identification:_identify(src/racing/racing_stage2_field_record/launch) by extension 'ros'
[2.315s] Level 1:colcon.colcon_core.package_identification:_identify(src/racing/racing_stage2_field_record/launch) by extensions ['cmake', 'python']
[2.316s] Level 1:colcon.colcon_core.package_identification:_identify(src/racing/racing_stage2_field_record/launch) by extension 'cmake'
[2.316s] Level 1:colcon.colcon_core.package_identification:_identify(src/racing/racing_stage2_field_record/launch) by extension 'python'
[2.316s] Level 1:colcon.colcon_core.package_identification:_identify(src/racing/racing_stage2_field_record/launch) by extensions ['python_setup_py']
[2.316s] Level 1:colcon.colcon_core.package_identification:_identify(src/racing/racing_stage2_field_record/launch) by extension 'python_setup_py'
[2.317s] Level 1:colcon.colcon_core.package_identification:_identify(src/racing/racing_stage2_field_record/racing_stage2_field_record) by extensions ['ignore', 'ignore_ament_install']
[2.318s] Level 1:colcon.colcon_core.package_identification:_identify(src/racing/racing_stage2_field_record/racing_stage2_field_record) by extension 'ignore'
[2.318s] Level 1:colcon.colcon_core.package_identification:_identify(src/racing/racing_stage2_field_record/racing_stage2_field_record) by extension 'ignore_ament_install'
[2.318s] Level 1:colcon.colcon_core.package_identification:_identify(src/racing/racing_stage2_field_record/racing_stage2_field_record) by extensions ['colcon_pkg']
[2.318s] Level 1:colcon.colcon_core.package_identification:_identify(src/racing/racing_stage2_field_record/racing_stage2_field_record) by extension 'colcon_pkg'
[2.319s] Level 1:colcon.colcon_core.package_identification:_identify(src/racing/racing_stage2_field_record/racing_stage2_field_record) by extensions ['colcon_meta']
[2.319s] Level 1:colcon.colcon_core.package_identification:_identify(src/racing/racing_stage2_field_record/racing_stage2_field_record) by extension 'colcon_meta'
[2.319s] Level 1:colcon.colcon_core.package_identification:_identify(src/racing/racing_stage2_field_record/racing_stage2_field_record) by extensions ['ros']
[2.319s] Level 1:colcon.colcon_core.package_identification:_identify(src/racing/racing_stage2_field_record/racing_stage2_field_record) by extension 'ros'
[2.320s] Level 1:colcon.colcon_core.package_identification:_identify(src/racing/racing_stage2_field_record/racing_stage2_field_record) by extensions ['cmake', 'python']
[2.320s] Level 1:colcon.colcon_core.package_identification:_identify(src/racing/racing_stage2_field_record/racing_stage2_field_record) by extension 'cmake'
[2.320s] Level 1:colcon.colcon_core.package_identification:_identify(src/racing/racing_stage2_field_record/racing_stage2_field_record) by extension 'python'
[2.321s] Level 1:colcon.colcon_core.package_identification:_identify(src/racing/racing_stage2_field_record/racing_stage2_field_record) by extensions ['python_setup_py']
[2.321s] Level 1:colcon.colcon_core.package_identification:_identify(src/racing/racing_stage2_field_record/racing_stage2_field_record) by extension 'python_setup_py'
[2.321s] Level 1:colcon.colcon_core.package_identification:_identify(src/racing/racing_stage2_field_record/racing_stage2_field_record/__pycache__) by extensions ['ignore', 'ignore_ament_install']
[2.322s] Level 1:colcon.colcon_core.package_identification:_identify(src/racing/racing_stage2_field_record/racing_stage2_field_record/__pycache__) by extension 'ignore'
[2.322s] Level 1:colcon.colcon_core.package_identification:_identify(src/racing/racing_stage2_field_record/racing_stage2_field_record/__pycache__) by extension 'ignore_ament_install'
[2.323s] Level 1:colcon.colcon_core.package_identification:_identify(src/racing/racing_stage2_field_record/racing_stage2_field_record/__pycache__) by extensions ['colcon_pkg']
[2.323s] Level 1:colcon.colcon_core.package_identification:_identify(src/racing/racing_stage2_field_record/racing_stage2_field_record/__pycache__) by extension 'colcon_pkg'
[2.323s] Level 1:colcon.colcon_core.package_identification:_identify(src/racing/racing_stage2_field_record/racing_stage2_field_record/__pycache__) by extensions ['colcon_meta']
[2.323s] Level 1:colcon.colcon_core.package_identification:_identify(src/racing/racing_stage2_field_record/racing_stage2_field_record/__pycache__) by extension 'colcon_meta'
[2.324s] Level 1:colcon.colcon_core.package_identification:_identify(src/racing/racing_stage2_field_record/racing_stage2_field_record/__pycache__) by extensions ['ros']
[2.324s] Level 1:colcon.colcon_core.package_identification:_identify(src/racing/racing_stage2_field_record/racing_stage2_field_record/__pycache__) by extension 'ros'
[2.324s] Level 1:colcon.colcon_core.package_identification:_identify(src/racing/racing_stage2_field_record/racing_stage2_field_record/__pycache__) by extensions ['cmake', 'python']
[2.324s] Level 1:colcon.colcon_core.package_identification:_identify(src/racing/racing_stage2_field_record/racing_stage2_field_record/__pycache__) by extension 'cmake'
[2.325s] Level 1:colcon.colcon_core.package_identification:_identify(src/racing/racing_stage2_field_record/racing_stage2_field_record/__pycache__) by extension 'python'
[2.325s] Level 1:colcon.colcon_core.package_identification:_identify(src/racing/racing_stage2_field_record/racing_stage2_field_record/__pycache__) by extensions ['python_setup_py']
[2.325s] Level 1:colcon.colcon_core.package_identification:_identify(src/racing/racing_stage2_field_record/racing_stage2_field_record/__pycache__) by extension 'python_setup_py'
[2.326s] Level 1:colcon.colcon_core.package_identification:_identify(src/racing/racing_stage2_field_record/resource) by extensions ['ignore', 'ignore_ament_install']
[2.326s] Level 1:colcon.colcon_core.package_identification:_identify(src/racing/racing_stage2_field_record/resource) by extension 'ignore'
[2.327s] Level 1:colcon.colcon_core.package_identification:_identify(src/racing/racing_stage2_field_record/resource) by extension 'ignore_ament_install'
[2.327s] Level 1:colcon.colcon_core.package_identification:_identify(src/racing/racing_stage2_field_record/resource) by extensions ['colcon_pkg']
[2.327s] Level 1:colcon.colcon_core.package_identification:_identify(src/racing/racing_stage2_field_record/resource) by extension 'colcon_pkg'
[2.327s] Level 1:colcon.colcon_core.package_identification:_identify(src/racing/racing_stage2_field_record/resource) by extensions ['colcon_meta']
[2.328s] Level 1:colcon.colcon_core.package_identification:_identify(src/racing/racing_stage2_field_record/resource) by extension 'colcon_meta'
[2.328s] Level 1:colcon.colcon_core.package_identification:_identify(src/racing/racing_stage2_field_record/resource) by extensions ['ros']
[2.328s] Level 1:colcon.colcon_core.package_identification:_identify(src/racing/racing_stage2_field_record/resource) by extension 'ros'
[2.329s] Level 1:colcon.colcon_core.package_identification:_identify(src/racing/racing_stage2_field_record/resource) by extensions ['cmake', 'python']
[2.329s] Level 1:colcon.colcon_core.package_identification:_identify(src/racing/racing_stage2_field_record/resource) by extension 'cmake'
[2.329s] Level 1:colcon.colcon_core.package_identification:_identify(src/racing/racing_stage2_field_record/resource) by extension 'python'
[2.329s] Level 1:colcon.colcon_core.package_identification:_identify(src/racing/racing_stage2_field_record/resource) by extensions ['python_setup_py']
[2.329s] Level 1:colcon.colcon_core.package_identification:_identify(src/racing/racing_stage2_field_record/resource) by extension 'python_setup_py'
[2.330s] Level 1:colcon.colcon_core.package_identification:_identify(src/racing/racing_stage2_param_test) by extensions ['ignore', 'ignore_ament_install']
[2.331s] Level 1:colcon.colcon_core.package_identification:_identify(src/racing/racing_stage2_param_test) by extension 'ignore'
[2.331s] Level 1:colcon.colcon_core.package_identification:_identify(src/racing/racing_stage2_param_test) by extension 'ignore_ament_install'
[2.331s] Level 1:colcon.colcon_core.package_identification:_identify(src/racing/racing_stage2_param_test) by extensions ['colcon_pkg']
[2.331s] Level 1:colcon.colcon_core.package_identification:_identify(src/racing/racing_stage2_param_test) by extension 'colcon_pkg'
[2.332s] Level 1:colcon.colcon_core.package_identification:_identify(src/racing/racing_stage2_param_test) by extensions ['colcon_meta']
[2.332s] Level 1:colcon.colcon_core.package_identification:_identify(src/racing/racing_stage2_param_test) by extension 'colcon_meta'
[2.332s] Level 1:colcon.colcon_core.package_identification:_identify(src/racing/racing_stage2_param_test) by extensions ['ros']
[2.332s] Level 1:colcon.colcon_core.package_identification:_identify(src/racing/racing_stage2_param_test) by extension 'ros'
[2.335s] DEBUG:colcon.colcon_core.package_identification:Failed to parse potential ROS package manifest in'src/racing/racing_stage2_param_test': Error(s) in package 'src/racing/racing_stage2_param_test/package.xml':
The manifest contains invalid XML:
not well-formed (invalid token): line 17, column 67
[2.336s] Level 1:colcon.colcon_core.package_identification:_identify(src/racing/racing_stage2_param_test) by extensions ['cmake', 'python']
[2.336s] Level 1:colcon.colcon_core.package_identification:_identify(src/racing/racing_stage2_param_test) by extension 'cmake'
[2.336s] Level 1:colcon.colcon_core.package_identification:_identify(src/racing/racing_stage2_param_test) by extension 'python'
[2.337s] DEBUG:colcon.colcon_core.package_identification:Python package in 'src/racing/racing_stage2_param_test' passes arguments to the setup() function which requires a different identification extension than 'python'
[2.337s] Level 1:colcon.colcon_core.package_identification:_identify(src/racing/racing_stage2_param_test) by extensions ['python_setup_py']
[2.337s] Level 1:colcon.colcon_core.package_identification:_identify(src/racing/racing_stage2_param_test) by extension 'python_setup_py'
[4.131s] DEBUG:colcon.colcon_core.package_identification:Package 'src/racing/racing_stage2_param_test' with type 'python' and name 'racing_stage2_param_test'
[4.132s] Level 1:colcon.colcon_core.package_identification:_identify(src/racing/racing_stage3) by extensions ['ignore', 'ignore_ament_install']
[4.132s] Level 1:colcon.colcon_core.package_identification:_identify(src/racing/racing_stage3) by extension 'ignore'
[4.133s] Level 1:colcon.colcon_core.package_identification:_identify(src/racing/racing_stage3) by extension 'ignore_ament_install'
[4.133s] Level 1:colcon.colcon_core.package_identification:_identify(src/racing/racing_stage3) by extensions ['colcon_pkg']
[4.133s] Level 1:colcon.colcon_core.package_identification:_identify(src/racing/racing_stage3) by extension 'colcon_pkg'
[4.133s] Level 1:colcon.colcon_core.package_identification:_identify(src/racing/racing_stage3) by extensions ['colcon_meta']
[4.134s] Level 1:colcon.colcon_core.package_identification:_identify(src/racing/racing_stage3) by extension 'colcon_meta'
[4.134s] Level 1:colcon.colcon_core.package_identification:_identify(src/racing/racing_stage3) by extensions ['ros']
[4.134s] Level 1:colcon.colcon_core.package_identification:_identify(src/racing/racing_stage3) by extension 'ros'
[4.139s] DEBUG:colcon.colcon_core.package_identification:Package 'src/racing/racing_stage3' with type 'ros.ament_python' and name 'racing_stage3'
[4.140s] Level 1:colcon.colcon_core.package_identification:_identify(src/racing/racing_stage3_param_test) by extensions ['ignore', 'ignore_ament_install']
[4.140s] Level 1:colcon.colcon_core.package_identification:_identify(src/racing/racing_stage3_param_test) by extension 'ignore'
[4.141s] Level 1:colcon.colcon_core.package_identification:_identify(src/racing/racing_stage3_param_test) by extension 'ignore_ament_install'
[4.141s] Level 1:colcon.colcon_core.package_identification:_identify(src/racing/racing_stage3_param_test) by extensions ['colcon_pkg']
[4.141s] Level 1:colcon.colcon_core.package_identification:_identify(src/racing/racing_stage3_param_test) by extension 'colcon_pkg'
[4.141s] Level 1:colcon.colcon_core.package_identification:_identify(src/racing/racing_stage3_param_test) by extensions ['colcon_meta']
[4.141s] Level 1:colcon.colcon_core.package_identification:_identify(src/racing/racing_stage3_param_test) by extension 'colcon_meta'
[4.142s] Level 1:colcon.colcon_core.package_identification:_identify(src/racing/racing_stage3_param_test) by extensions ['ros']
[4.142s] Level 1:colcon.colcon_core.package_identification:_identify(src/racing/racing_stage3_param_test) by extension 'ros'
[4.151s] DEBUG:colcon.colcon_core.package_identification:Package 'src/racing/racing_stage3_param_test' with type 'ros.ament_python' and name 'racing_stage3_param_test'
[4.152s] Level 1:colcon.colcon_core.package_identification:_identify(src/racing/racing_vision_ai) by extensions ['ignore', 'ignore_ament_install']
[4.153s] Level 1:colcon.colcon_core.package_identification:_identify(src/racing/racing_vision_ai) by extension 'ignore'
[4.153s] Level 1:colcon.colcon_core.package_identification:_identify(src/racing/racing_vision_ai) by extension 'ignore_ament_install'
[4.154s] Level 1:colcon.colcon_core.package_identification:_identify(src/racing/racing_vision_ai) by extensions ['colcon_pkg']
[4.154s] Level 1:colcon.colcon_core.package_identification:_identify(src/racing/racing_vision_ai) by extension 'colcon_pkg'
[4.154s] Level 1:colcon.colcon_core.package_identification:_identify(src/racing/racing_vision_ai) by extensions ['colcon_meta']
[4.155s] Level 1:colcon.colcon_core.package_identification:_identify(src/racing/racing_vision_ai) by extension 'colcon_meta'
[4.155s] Level 1:colcon.colcon_core.package_identification:_identify(src/racing/racing_vision_ai) by extensions ['ros']
[4.155s] Level 1:colcon.colcon_core.package_identification:_identify(src/racing/racing_vision_ai) by extension 'ros'
[4.160s] DEBUG:colcon.colcon_core.package_identification:Package 'src/racing/racing_vision_ai' with type 'ros.ament_python' and name 'racing_vision_ai'
[4.161s] Level 1:colcon.colcon_core.package_identification:_identify(src/racing/simple_avoidance) by extensions ['ignore', 'ignore_ament_install']
[4.161s] Level 1:colcon.colcon_core.package_identification:_identify(src/racing/simple_avoidance) by extension 'ignore'
[4.161s] Level 1:colcon.colcon_core.package_identification:_identify(src/racing/simple_avoidance) by extension 'ignore_ament_install'
[4.162s] Level 1:colcon.colcon_core.package_identification:_identify(src/racing/simple_avoidance) by extensions ['colcon_pkg']
[4.162s] Level 1:colcon.colcon_core.package_identification:_identify(src/racing/simple_avoidance) by extension 'colcon_pkg'
[4.162s] Level 1:colcon.colcon_core.package_identification:_identify(src/racing/simple_avoidance) by extensions ['colcon_meta']
[4.162s] Level 1:colcon.colcon_core.package_identification:_identify(src/racing/simple_avoidance) by extension 'colcon_meta'
[4.163s] Level 1:colcon.colcon_core.package_identification:_identify(src/racing/simple_avoidance) by extensions ['ros']
[4.163s] Level 1:colcon.colcon_core.package_identification:_identify(src/racing/simple_avoidance) by extension 'ros'
[4.167s] DEBUG:colcon.colcon_core.package_identification:Package 'src/racing/simple_avoidance' with type 'ros.ament_python' and name 'simple_avoidance'
[4.168s] Level 1:colcon.colcon_core.package_identification:_identify(src/racing/voice_driver) by extensions ['ignore', 'ignore_ament_install']
[4.168s] Level 1:colcon.colcon_core.package_identification:_identify(src/racing/voice_driver) by extension 'ignore'
[4.168s] Level 1:colcon.colcon_core.package_identification:_identify(src/racing/voice_driver) by extension 'ignore_ament_install'
[4.169s] Level 1:colcon.colcon_core.package_identification:_identify(src/racing/voice_driver) by extensions ['colcon_pkg']
[4.169s] Level 1:colcon.colcon_core.package_identification:_identify(src/racing/voice_driver) by extension 'colcon_pkg'
[4.169s] Level 1:colcon.colcon_core.package_identification:_identify(src/racing/voice_driver) by extensions ['colcon_meta']
[4.169s] Level 1:colcon.colcon_core.package_identification:_identify(src/racing/voice_driver) by extension 'colcon_meta'
[4.170s] Level 1:colcon.colcon_core.package_identification:_identify(src/racing/voice_driver) by extensions ['ros']
[4.170s] Level 1:colcon.colcon_core.package_identification:_identify(src/racing/voice_driver) by extension 'ros'
[4.254s] DEBUG:colcon.colcon_core.package_identification:Package 'src/racing/voice_driver' with type 'ros.ament_cmake' and name 'voice_driver'
[4.255s] Level 1:colcon.colcon_core.package_discovery:discover_packages(recursive) using defaults
[4.255s] Level 1:colcon.colcon_core.package_discovery:discover_packages(ignore) discover
[4.256s] Level 1:colcon.colcon_core.package_discovery:discover_packages(ignore) using defaults
[4.256s] Level 1:colcon.colcon_core.package_discovery:discover_packages(path) discover
[4.256s] Level 1:colcon.colcon_core.package_discovery:discover_packages(path) using defaults
[4.407s] Level 1:colcon.colcon_core.package_discovery:discover_packages(prefix_path) check parameters
[4.407s] Level 1:colcon.colcon_core.package_discovery:discover_packages(prefix_path) discover
[4.413s] WARNING:colcon.colcon_ros.prefix_path.ament:The path '/home/sunrise/dev_ws/install/origincar_base' in the environment variable AMENT_PREFIX_PATH doesn't exist
[4.413s] WARNING:colcon.colcon_ros.prefix_path.ament:The path '/home/sunrise/dev_ws/install/serial' in the environment variable AMENT_PREFIX_PATH doesn't exist
[4.413s] WARNING:colcon.colcon_ros.prefix_path.ament:The path '/home/sunrise/dev_ws/install/racing_stage2' in the environment variable AMENT_PREFIX_PATH doesn't exist
[4.414s] WARNING:colcon.colcon_ros.prefix_path.ament:The path '/home/sunrise/dev_ws/install/racing_stage1' in the environment variable AMENT_PREFIX_PATH doesn't exist
[4.414s] WARNING:colcon.colcon_ros.prefix_path.ament:The path '/home/sunrise/dev_ws/install/qr_scanner' in the environment variable AMENT_PREFIX_PATH doesn't exist
[4.414s] WARNING:colcon.colcon_ros.prefix_path.ament:The path '/home/sunrise/dev_ws/install/origincar_msg' in the environment variable AMENT_PREFIX_PATH doesn't exist
[4.415s] WARNING:colcon.colcon_ros.prefix_path.ament:The path '/home/sunrise/dev_ws/install/origincar_description' in the environment variable AMENT_PREFIX_PATH doesn't exist
[4.415s] WARNING:colcon.colcon_ros.prefix_path.ament:The path '/home/sunrise/dev_ws/install/origincar_bringup' in the environment variable AMENT_PREFIX_PATH doesn't exist
[4.415s] WARNING:colcon.colcon_ros.prefix_path.ament:The path '/home/sunrise/dev_ws/install/lslidar_driver' in the environment variable AMENT_PREFIX_PATH doesn't exist
[4.415s] WARNING:colcon.colcon_ros.prefix_path.ament:The path '/home/sunrise/dev_ws/install/lslidar_msgs' in the environment variable AMENT_PREFIX_PATH doesn't exist
[4.416s] WARNING:colcon.colcon_ros.prefix_path.ament:The path '/home/sunrise/dev_ws/install/bno055' in the environment variable AMENT_PREFIX_PATH doesn't exist
[4.416s] WARNING:colcon.colcon_ros.prefix_path.ament:The path '/home/sunrise/dev_ws/install/ackermann_msgs' in the environment variable AMENT_PREFIX_PATH doesn't exist
[4.416s] WARNING:colcon.colcon_ros.prefix_path.catkin:The path '/home/sunrise/dev_ws/install/origincar_base' in the environment variable CMAKE_PREFIX_PATH doesn't exist
[4.417s] WARNING:colcon.colcon_ros.prefix_path.catkin:The path '/home/sunrise/dev_ws/install/serial' in the environment variable CMAKE_PREFIX_PATH doesn't exist
[4.417s] WARNING:colcon.colcon_ros.prefix_path.catkin:The path '/home/sunrise/dev_ws/install/origincar_msg' in the environment variable CMAKE_PREFIX_PATH doesn't exist
[4.417s] WARNING:colcon.colcon_ros.prefix_path.catkin:The path '/home/sunrise/dev_ws/install/origincar_description' in the environment variable CMAKE_PREFIX_PATH doesn't exist
[4.417s] WARNING:colcon.colcon_ros.prefix_path.catkin:The path '/home/sunrise/dev_ws/install/origincar_bringup' in the environment variable CMAKE_PREFIX_PATH doesn't exist
[4.418s] WARNING:colcon.colcon_ros.prefix_path.catkin:The path '/home/sunrise/dev_ws/install/lslidar_driver' in the environment variable CMAKE_PREFIX_PATH doesn't exist
[4.418s] WARNING:colcon.colcon_ros.prefix_path.catkin:The path '/home/sunrise/dev_ws/install/lslidar_msgs' in the environment variable CMAKE_PREFIX_PATH doesn't exist
[4.418s] WARNING:colcon.colcon_ros.prefix_path.catkin:The path '/home/sunrise/dev_ws/install/ackermann_msgs' in the environment variable CMAKE_PREFIX_PATH doesn't exist
[4.423s] DEBUG:colcon.colcon_installed_package_information.package_discovery:Found 0 installed packages in /home/sunrise/dev_ws/install
[4.426s] DEBUG:colcon.colcon_installed_package_information.package_discovery:Found 58 installed packages in /opt/tros/humble
[4.438s] DEBUG:colcon.colcon_installed_package_information.package_discovery:Found 292 installed packages in /opt/ros/humble
[4.455s] Level 1:colcon.colcon_core.package_discovery:discover_packages(prefix_path) using defaults
[4.763s] Level 5:colcon.colcon_core.verb:set package 'ackermann_msgs' build argument 'cmake_args' from command line to 'None'
[4.763s] Level 5:colcon.colcon_core.verb:set package 'ackermann_msgs' build argument 'cmake_target' from command line to 'None'
[4.763s] Level 5:colcon.colcon_core.verb:set package 'ackermann_msgs' build argument 'cmake_target_skip_unavailable' from command line to 'False'
[4.764s] Level 5:colcon.colcon_core.verb:set package 'ackermann_msgs' build argument 'cmake_clean_cache' from command line to 'False'
[4.764s] Level 5:colcon.colcon_core.verb:set package 'ackermann_msgs' build argument 'cmake_clean_first' from command line to 'False'
[4.764s] Level 5:colcon.colcon_core.verb:set package 'ackermann_msgs' build argument 'cmake_force_configure' from command line to 'False'
[4.764s] Level 5:colcon.colcon_core.verb:set package 'ackermann_msgs' build argument 'ament_cmake_args' from command line to 'None'
[4.765s] Level 5:colcon.colcon_core.verb:set package 'ackermann_msgs' build argument 'catkin_cmake_args' from command line to 'None'
[4.765s] Level 5:colcon.colcon_core.verb:set package 'ackermann_msgs' build argument 'catkin_skip_building_tests' from command line to 'False'
[4.765s] DEBUG:colcon.colcon_core.verb:Building package 'ackermann_msgs' with the following arguments: {'ament_cmake_args': None, 'build_base': '/home/sunrise/dev_ws/build/ackermann_msgs', 'catkin_cmake_args': None, 'catkin_skip_building_tests': False, 'cmake_args': None, 'cmake_clean_cache': False, 'cmake_clean_first': False, 'cmake_force_configure': False, 'cmake_target': None, 'cmake_target_skip_unavailable': False, 'install_base': '/home/sunrise/dev_ws/install/ackermann_msgs', 'merge_install': False, 'path': '/home/sunrise/dev_ws/src/origincar/3rdparty/ackermann_msgs-ros2', 'symlink_install': True, 'test_result_base': None}
[4.768s] Level 5:colcon.colcon_core.verb:set package 'bno055' build argument 'cmake_args' from command line to 'None'
[4.769s] Level 5:colcon.colcon_core.verb:set package 'bno055' build argument 'cmake_target' from command line to 'None'
[4.769s] Level 5:colcon.colcon_core.verb:set package 'bno055' build argument 'cmake_target_skip_unavailable' from command line to 'False'
[4.770s] Level 5:colcon.colcon_core.verb:set package 'bno055' build argument 'cmake_clean_cache' from command line to 'False'
[4.770s] Level 5:colcon.colcon_core.verb:set package 'bno055' build argument 'cmake_clean_first' from command line to 'False'
[4.770s] Level 5:colcon.colcon_core.verb:set package 'bno055' build argument 'cmake_force_configure' from command line to 'False'
[4.771s] Level 5:colcon.colcon_core.verb:set package 'bno055' build argument 'ament_cmake_args' from command line to 'None'
[4.771s] Level 5:colcon.colcon_core.verb:set package 'bno055' build argument 'catkin_cmake_args' from command line to 'None'
[4.771s] Level 5:colcon.colcon_core.verb:set package 'bno055' build argument 'catkin_skip_building_tests' from command line to 'False'
[4.772s] DEBUG:colcon.colcon_core.verb:Building package 'bno055' with the following arguments: {'ament_cmake_args': None, 'build_base': '/home/sunrise/dev_ws/build/bno055', 'catkin_cmake_args': None, 'catkin_skip_building_tests': False, 'cmake_args': None, 'cmake_clean_cache': False, 'cmake_clean_first': False, 'cmake_force_configure': False, 'cmake_target': None, 'cmake_target_skip_unavailable': False, 'install_base': '/home/sunrise/dev_ws/install/bno055', 'merge_install': False, 'path': '/home/sunrise/dev_ws/src/racing/bno055-main', 'symlink_install': True, 'test_result_base': None}
[4.776s] Level 5:colcon.colcon_core.verb:set package 'line_follower_pkg' build argument 'cmake_args' from command line to 'None'
[4.776s] Level 5:colcon.colcon_core.verb:set package 'line_follower_pkg' build argument 'cmake_target' from command line to 'None'
[4.777s] Level 5:colcon.colcon_core.verb:set package 'line_follower_pkg' build argument 'cmake_target_skip_unavailable' from command line to 'False'
[4.777s] Level 5:colcon.colcon_core.verb:set package 'line_follower_pkg' build argument 'cmake_clean_cache' from command line to 'False'
[4.777s] Level 5:colcon.colcon_core.verb:set package 'line_follower_pkg' build argument 'cmake_clean_first' from command line to 'False'
[4.778s] Level 5:colcon.colcon_core.verb:set package 'line_follower_pkg' build argument 'cmake_force_configure' from command line to 'False'
[4.778s] Level 5:colcon.colcon_core.verb:set package 'line_follower_pkg' build argument 'ament_cmake_args' from command line to 'None'
[4.778s] Level 5:colcon.colcon_core.verb:set package 'line_follower_pkg' build argument 'catkin_cmake_args' from command line to 'None'
[4.779s] Level 5:colcon.colcon_core.verb:set package 'line_follower_pkg' build argument 'catkin_skip_building_tests' from command line to 'False'
[4.779s] DEBUG:colcon.colcon_core.verb:Building package 'line_follower_pkg' with the following arguments: {'ament_cmake_args': None, 'build_base': '/home/sunrise/dev_ws/build/line_follower_pkg', 'catkin_cmake_args': None, 'catkin_skip_building_tests': False, 'cmake_args': None, 'cmake_clean_cache': False, 'cmake_clean_first': False, 'cmake_force_configure': False, 'cmake_target': None, 'cmake_target_skip_unavailable': False, 'install_base': '/home/sunrise/dev_ws/install/line_follower_pkg', 'merge_install': False, 'path': '/home/sunrise/dev_ws/src/origincar/line_follower_pkg', 'symlink_install': True, 'test_result_base': None}
[4.782s] Level 5:colcon.colcon_core.verb:set package 'lslidar_msgs' build argument 'cmake_args' from command line to 'None'
[4.783s] Level 5:colcon.colcon_core.verb:set package 'lslidar_msgs' build argument 'cmake_target' from command line to 'None'
[4.783s] Level 5:colcon.colcon_core.verb:set package 'lslidar_msgs' build argument 'cmake_target_skip_unavailable' from command line to 'False'
[4.784s] Level 5:colcon.colcon_core.verb:set package 'lslidar_msgs' build argument 'cmake_clean_cache' from command line to 'False'
[4.784s] Level 5:colcon.colcon_core.verb:set package 'lslidar_msgs' build argument 'cmake_clean_first' from command line to 'False'
[4.784s] Level 5:colcon.colcon_core.verb:set package 'lslidar_msgs' build argument 'cmake_force_configure' from command line to 'False'
[4.785s] Level 5:colcon.colcon_core.verb:set package 'lslidar_msgs' build argument 'ament_cmake_args' from command line to 'None'
[4.785s] Level 5:colcon.colcon_core.verb:set package 'lslidar_msgs' build argument 'catkin_cmake_args' from command line to 'None'
[4.785s] Level 5:colcon.colcon_core.verb:set package 'lslidar_msgs' build argument 'catkin_skip_building_tests' from command line to 'False'
[4.785s] DEBUG:colcon.colcon_core.verb:Building package 'lslidar_msgs' with the following arguments: {'ament_cmake_args': None, 'build_base': '/home/sunrise/dev_ws/build/lslidar_msgs', 'catkin_cmake_args': None, 'catkin_skip_building_tests': False, 'cmake_args': None, 'cmake_clean_cache': False, 'cmake_clean_first': False, 'cmake_force_configure': False, 'cmake_target': None, 'cmake_target_skip_unavailable': False, 'install_base': '/home/sunrise/dev_ws/install/lslidar_msgs', 'merge_install': False, 'path': '/home/sunrise/dev_ws/src/LSLIDAR_X_ROS2-20240228/src/lslidar_msgs', 'symlink_install': True, 'test_result_base': None}
[4.789s] Level 5:colcon.colcon_core.verb:set package 'origincar_bringup' build argument 'cmake_args' from command line to 'None'
[4.790s] Level 5:colcon.colcon_core.verb:set package 'origincar_bringup' build argument 'cmake_target' from command line to 'None'
[4.790s] Level 5:colcon.colcon_core.verb:set package 'origincar_bringup' build argument 'cmake_target_skip_unavailable' from command line to 'False'
[4.791s] Level 5:colcon.colcon_core.verb:set package 'origincar_bringup' build argument 'cmake_clean_cache' from command line to 'False'
[4.791s] Level 5:colcon.colcon_core.verb:set package 'origincar_bringup' build argument 'cmake_clean_first' from command line to 'False'
[4.791s] Level 5:colcon.colcon_core.verb:set package 'origincar_bringup' build argument 'cmake_force_configure' from command line to 'False'
[4.791s] Level 5:colcon.colcon_core.verb:set package 'origincar_bringup' build argument 'ament_cmake_args' from command line to 'None'
[4.792s] Level 5:colcon.colcon_core.verb:set package 'origincar_bringup' build argument 'catkin_cmake_args' from command line to 'None'
[4.792s] Level 5:colcon.colcon_core.verb:set package 'origincar_bringup' build argument 'catkin_skip_building_tests' from command line to 'False'
[4.792s] DEBUG:colcon.colcon_core.verb:Building package 'origincar_bringup' with the following arguments: {'ament_cmake_args': None, 'build_base': '/home/sunrise/dev_ws/build/origincar_bringup', 'catkin_cmake_args': None, 'catkin_skip_building_tests': False, 'cmake_args': None, 'cmake_clean_cache': False, 'cmake_clean_first': False, 'cmake_force_configure': False, 'cmake_target': None, 'cmake_target_skip_unavailable': False, 'install_base': '/home/sunrise/dev_ws/install/origincar_bringup', 'merge_install': False, 'path': '/home/sunrise/dev_ws/src/origincar/origincar_bringup', 'symlink_install': True, 'test_result_base': None}
[4.796s] Level 5:colcon.colcon_core.verb:set package 'origincar_description' build argument 'cmake_args' from command line to 'None'
[4.796s] Level 5:colcon.colcon_core.verb:set package 'origincar_description' build argument 'cmake_target' from command line to 'None'
[4.797s] Level 5:colcon.colcon_core.verb:set package 'origincar_description' build argument 'cmake_target_skip_unavailable' from command line to 'False'
[4.797s] Level 5:colcon.colcon_core.verb:set package 'origincar_description' build argument 'cmake_clean_cache' from command line to 'False'
[4.797s] Level 5:colcon.colcon_core.verb:set package 'origincar_description' build argument 'cmake_clean_first' from command line to 'False'
[4.798s] Level 5:colcon.colcon_core.verb:set package 'origincar_description' build argument 'cmake_force_configure' from command line to 'False'
[4.798s] Level 5:colcon.colcon_core.verb:set package 'origincar_description' build argument 'ament_cmake_args' from command line to 'None'
[4.798s] Level 5:colcon.colcon_core.verb:set package 'origincar_description' build argument 'catkin_cmake_args' from command line to 'None'
[4.798s] Level 5:colcon.colcon_core.verb:set package 'origincar_description' build argument 'catkin_skip_building_tests' from command line to 'False'
[4.799s] DEBUG:colcon.colcon_core.verb:Building package 'origincar_description' with the following arguments: {'ament_cmake_args': None, 'build_base': '/home/sunrise/dev_ws/build/origincar_description', 'catkin_cmake_args': None, 'catkin_skip_building_tests': False, 'cmake_args': None, 'cmake_clean_cache': False, 'cmake_clean_first': False, 'cmake_force_configure': False, 'cmake_target': None, 'cmake_target_skip_unavailable': False, 'install_base': '/home/sunrise/dev_ws/install/origincar_description', 'merge_install': False, 'path': '/home/sunrise/dev_ws/src/origincar/origincar_description', 'symlink_install': True, 'test_result_base': None}
[4.802s] Level 5:colcon.colcon_core.verb:set package 'origincar_msg' build argument 'cmake_args' from command line to 'None'
[4.803s] Level 5:colcon.colcon_core.verb:set package 'origincar_msg' build argument 'cmake_target' from command line to 'None'
[4.803s] Level 5:colcon.colcon_core.verb:set package 'origincar_msg' build argument 'cmake_target_skip_unavailable' from command line to 'False'
[4.804s] Level 5:colcon.colcon_core.verb:set package 'origincar_msg' build argument 'cmake_clean_cache' from command line to 'False'
[4.804s] Level 5:colcon.colcon_core.verb:set package 'origincar_msg' build argument 'cmake_clean_first' from command line to 'False'
[4.804s] Level 5:colcon.colcon_core.verb:set package 'origincar_msg' build argument 'cmake_force_configure' from command line to 'False'
[4.805s] Level 5:colcon.colcon_core.verb:set package 'origincar_msg' build argument 'ament_cmake_args' from command line to 'None'
[4.805s] Level 5:colcon.colcon_core.verb:set package 'origincar_msg' build argument 'catkin_cmake_args' from command line to 'None'
[4.805s] Level 5:colcon.colcon_core.verb:set package 'origincar_msg' build argument 'catkin_skip_building_tests' from command line to 'False'
[4.806s] DEBUG:colcon.colcon_core.verb:Building package 'origincar_msg' with the following arguments: {'ament_cmake_args': None, 'build_base': '/home/sunrise/dev_ws/build/origincar_msg', 'catkin_cmake_args': None, 'catkin_skip_building_tests': False, 'cmake_args': None, 'cmake_clean_cache': False, 'cmake_clean_first': False, 'cmake_force_configure': False, 'cmake_target': None, 'cmake_target_skip_unavailable': False, 'install_base': '/home/sunrise/dev_ws/install/origincar_msg', 'merge_install': False, 'path': '/home/sunrise/dev_ws/src/origincar/origincar_msg', 'symlink_install': True, 'test_result_base': None}
[4.809s] Level 5:colcon.colcon_core.verb:set package 'qr_scanner' build argument 'cmake_args' from command line to 'None'
[4.810s] Level 5:colcon.colcon_core.verb:set package 'qr_scanner' build argument 'cmake_target' from command line to 'None'
[4.810s] Level 5:colcon.colcon_core.verb:set package 'qr_scanner' build argument 'cmake_target_skip_unavailable' from command line to 'False'
[4.810s] Level 5:colcon.colcon_core.verb:set package 'qr_scanner' build argument 'cmake_clean_cache' from command line to 'False'
[4.811s] Level 5:colcon.colcon_core.verb:set package 'qr_scanner' build argument 'cmake_clean_first' from command line to 'False'
[4.811s] Level 5:colcon.colcon_core.verb:set package 'qr_scanner' build argument 'cmake_force_configure' from command line to 'False'
[4.811s] Level 5:colcon.colcon_core.verb:set package 'qr_scanner' build argument 'ament_cmake_args' from command line to 'None'
[4.812s] Level 5:colcon.colcon_core.verb:set package 'qr_scanner' build argument 'catkin_cmake_args' from command line to 'None'
[4.812s] Level 5:colcon.colcon_core.verb:set package 'qr_scanner' build argument 'catkin_skip_building_tests' from command line to 'False'
[4.812s] DEBUG:colcon.colcon_core.verb:Building package 'qr_scanner' with the following arguments: {'ament_cmake_args': None, 'build_base': '/home/sunrise/dev_ws/build/qr_scanner', 'catkin_cmake_args': None, 'catkin_skip_building_tests': False, 'cmake_args': None, 'cmake_clean_cache': False, 'cmake_clean_first': False, 'cmake_force_configure': False, 'cmake_target': None, 'cmake_target_skip_unavailable': False, 'install_base': '/home/sunrise/dev_ws/install/qr_scanner', 'merge_install': False, 'path': '/home/sunrise/dev_ws/src/racing/qr_scanner', 'symlink_install': True, 'test_result_base': None}
[4.816s] Level 5:colcon.colcon_core.verb:set package 'racing_stage2_param_test' build argument 'cmake_args' from command line to 'None'
[4.816s] Level 5:colcon.colcon_core.verb:set package 'racing_stage2_param_test' build argument 'cmake_target' from command line to 'None'
[4.817s] Level 5:colcon.colcon_core.verb:set package 'racing_stage2_param_test' build argument 'cmake_target_skip_unavailable' from command line to 'False'
[4.817s] Level 5:colcon.colcon_core.verb:set package 'racing_stage2_param_test' build argument 'cmake_clean_cache' from command line to 'False'
[4.817s] Level 5:colcon.colcon_core.verb:set package 'racing_stage2_param_test' build argument 'cmake_clean_first' from command line to 'False'
[4.818s] Level 5:colcon.colcon_core.verb:set package 'racing_stage2_param_test' build argument 'cmake_force_configure' from command line to 'False'
[4.818s] Level 5:colcon.colcon_core.verb:set package 'racing_stage2_param_test' build argument 'ament_cmake_args' from command line to 'None'
[4.818s] Level 5:colcon.colcon_core.verb:set package 'racing_stage2_param_test' build argument 'catkin_cmake_args' from command line to 'None'
[4.818s] Level 5:colcon.colcon_core.verb:set package 'racing_stage2_param_test' build argument 'catkin_skip_building_tests' from command line to 'False'
[4.819s] DEBUG:colcon.colcon_core.verb:Building package 'racing_stage2_param_test' with the following arguments: {'ament_cmake_args': None, 'build_base': '/home/sunrise/dev_ws/build/racing_stage2_param_test', 'catkin_cmake_args': None, 'catkin_skip_building_tests': False, 'cmake_args': None, 'cmake_clean_cache': False, 'cmake_clean_first': False, 'cmake_force_configure': False, 'cmake_target': None, 'cmake_target_skip_unavailable': False, 'install_base': '/home/sunrise/dev_ws/install/racing_stage2_param_test', 'merge_install': False, 'path': '/home/sunrise/dev_ws/src/racing/racing_stage2_param_test', 'symlink_install': True, 'test_result_base': None}
[4.823s] Level 5:colcon.colcon_core.verb:set package 'racing_stage3' build argument 'cmake_args' from command line to 'None'
[4.823s] Level 5:colcon.colcon_core.verb:set package 'racing_stage3' build argument 'cmake_target' from command line to 'None'
[4.823s] Level 5:colcon.colcon_core.verb:set package 'racing_stage3' build argument 'cmake_target_skip_unavailable' from command line to 'False'
[4.824s] Level 5:colcon.colcon_core.verb:set package 'racing_stage3' build argument 'cmake_clean_cache' from command line to 'False'
[4.824s] Level 5:colcon.colcon_core.verb:set package 'racing_stage3' build argument 'cmake_clean_first' from command line to 'False'
[4.824s] Level 5:colcon.colcon_core.verb:set package 'racing_stage3' build argument 'cmake_force_configure' from command line to 'False'
[4.825s] Level 5:colcon.colcon_core.verb:set package 'racing_stage3' build argument 'ament_cmake_args' from command line to 'None'
[4.825s] Level 5:colcon.colcon_core.verb:set package 'racing_stage3' build argument 'catkin_cmake_args' from command line to 'None'
[4.825s] Level 5:colcon.colcon_core.verb:set package 'racing_stage3' build argument 'catkin_skip_building_tests' from command line to 'False'
[4.825s] DEBUG:colcon.colcon_core.verb:Building package 'racing_stage3' with the following arguments: {'ament_cmake_args': None, 'build_base': '/home/sunrise/dev_ws/build/racing_stage3', 'catkin_cmake_args': None, 'catkin_skip_building_tests': False, 'cmake_args': None, 'cmake_clean_cache': False, 'cmake_clean_first': False, 'cmake_force_configure': False, 'cmake_target': None, 'cmake_target_skip_unavailable': False, 'install_base': '/home/sunrise/dev_ws/install/racing_stage3', 'merge_install': False, 'path': '/home/sunrise/dev_ws/src/racing/racing_stage3', 'symlink_install': True, 'test_result_base': None}
[4.829s] Level 5:colcon.colcon_core.verb:set package 'racing_stage3_param_test' build argument 'cmake_args' from command line to 'None'
[4.829s] Level 5:colcon.colcon_core.verb:set package 'racing_stage3_param_test' build argument 'cmake_target' from command line to 'None'
[4.829s] Level 5:colcon.colcon_core.verb:set package 'racing_stage3_param_test' build argument 'cmake_target_skip_unavailable' from command line to 'False'
[4.829s] Level 5:colcon.colcon_core.verb:set package 'racing_stage3_param_test' build argument 'cmake_clean_cache' from command line to 'False'
[4.830s] Level 5:colcon.colcon_core.verb:set package 'racing_stage3_param_test' build argument 'cmake_clean_first' from command line to 'False'
[4.830s] Level 5:colcon.colcon_core.verb:set package 'racing_stage3_param_test' build argument 'cmake_force_configure' from command line to 'False'
[4.830s] Level 5:colcon.colcon_core.verb:set package 'racing_stage3_param_test' build argument 'ament_cmake_args' from command line to 'None'
[4.830s] Level 5:colcon.colcon_core.verb:set package 'racing_stage3_param_test' build argument 'catkin_cmake_args' from command line to 'None'
[4.830s] Level 5:colcon.colcon_core.verb:set package 'racing_stage3_param_test' build argument 'catkin_skip_building_tests' from command line to 'False'
[4.831s] DEBUG:colcon.colcon_core.verb:Building package 'racing_stage3_param_test' with the following arguments: {'ament_cmake_args': None, 'build_base': '/home/sunrise/dev_ws/build/racing_stage3_param_test', 'catkin_cmake_args': None, 'catkin_skip_building_tests': False, 'cmake_args': None, 'cmake_clean_cache': False, 'cmake_clean_first': False, 'cmake_force_configure': False, 'cmake_target': None, 'cmake_target_skip_unavailable': False, 'install_base': '/home/sunrise/dev_ws/install/racing_stage3_param_test', 'merge_install': False, 'path': '/home/sunrise/dev_ws/src/racing/racing_stage3_param_test', 'symlink_install': True, 'test_result_base': None}
[4.834s] Level 5:colcon.colcon_core.verb:set package 'racing_vision_ai' build argument 'cmake_args' from command line to 'None'
[4.835s] Level 5:colcon.colcon_core.verb:set package 'racing_vision_ai' build argument 'cmake_target' from command line to 'None'
[4.835s] Level 5:colcon.colcon_core.verb:set package 'racing_vision_ai' build argument 'cmake_target_skip_unavailable' from command line to 'False'
[4.835s] Level 5:colcon.colcon_core.verb:set package 'racing_vision_ai' build argument 'cmake_clean_cache' from command line to 'False'
[4.836s] Level 5:colcon.colcon_core.verb:set package 'racing_vision_ai' build argument 'cmake_clean_first' from command line to 'False'
[4.836s] Level 5:colcon.colcon_core.verb:set package 'racing_vision_ai' build argument 'cmake_force_configure' from command line to 'False'
[4.836s] Level 5:colcon.colcon_core.verb:set package 'racing_vision_ai' build argument 'ament_cmake_args' from command line to 'None'
[4.837s] Level 5:colcon.colcon_core.verb:set package 'racing_vision_ai' build argument 'catkin_cmake_args' from command line to 'None'
[4.837s] Level 5:colcon.colcon_core.verb:set package 'racing_vision_ai' build argument 'catkin_skip_building_tests' from command line to 'False'
[4.837s] DEBUG:colcon.colcon_core.verb:Building package 'racing_vision_ai' with the following arguments: {'ament_cmake_args': None, 'build_base': '/home/sunrise/dev_ws/build/racing_vision_ai', 'catkin_cmake_args': None, 'catkin_skip_building_tests': False, 'cmake_args': None, 'cmake_clean_cache': False, 'cmake_clean_first': False, 'cmake_force_configure': False, 'cmake_target': None, 'cmake_target_skip_unavailable': False, 'install_base': '/home/sunrise/dev_ws/install/racing_vision_ai', 'merge_install': False, 'path': '/home/sunrise/dev_ws/src/racing/racing_vision_ai', 'symlink_install': True, 'test_result_base': None}
[4.841s] Level 5:colcon.colcon_core.verb:set package 'serial' build argument 'cmake_args' from command line to 'None'
[4.841s] Level 5:colcon.colcon_core.verb:set package 'serial' build argument 'cmake_target' from command line to 'None'
[4.842s] Level 5:colcon.colcon_core.verb:set package 'serial' build argument 'cmake_target_skip_unavailable' from command line to 'False'
[4.842s] Level 5:colcon.colcon_core.verb:set package 'serial' build argument 'cmake_clean_cache' from command line to 'False'
[4.842s] Level 5:colcon.colcon_core.verb:set package 'serial' build argument 'cmake_clean_first' from command line to 'False'
[4.842s] Level 5:colcon.colcon_core.verb:set package 'serial' build argument 'cmake_force_configure' from command line to 'False'
[4.843s] Level 5:colcon.colcon_core.verb:set package 'serial' build argument 'ament_cmake_args' from command line to 'None'
[4.843s] Level 5:colcon.colcon_core.verb:set package 'serial' build argument 'catkin_cmake_args' from command line to 'None'
[4.843s] Level 5:colcon.colcon_core.verb:set package 'serial' build argument 'catkin_skip_building_tests' from command line to 'False'
[4.843s] DEBUG:colcon.colcon_core.verb:Building package 'serial' with the following arguments: {'ament_cmake_args': None, 'build_base': '/home/sunrise/dev_ws/build/serial', 'catkin_cmake_args': None, 'catkin_skip_building_tests': False, 'cmake_args': None, 'cmake_clean_cache': False, 'cmake_clean_first': False, 'cmake_force_configure': False, 'cmake_target': None, 'cmake_target_skip_unavailable': False, 'install_base': '/home/sunrise/dev_ws/install/serial', 'merge_install': False, 'path': '/home/sunrise/dev_ws/src/origincar/3rdparty/serial_ros2', 'symlink_install': True, 'test_result_base': None}
[4.847s] Level 5:colcon.colcon_core.verb:set package 'simple_avoidance' build argument 'cmake_args' from command line to 'None'
[4.847s] Level 5:colcon.colcon_core.verb:set package 'simple_avoidance' build argument 'cmake_target' from command line to 'None'
[4.848s] Level 5:colcon.colcon_core.verb:set package 'simple_avoidance' build argument 'cmake_target_skip_unavailable' from command line to 'False'
[4.848s] Level 5:colcon.colcon_core.verb:set package 'simple_avoidance' build argument 'cmake_clean_cache' from command line to 'False'
[4.848s] Level 5:colcon.colcon_core.verb:set package 'simple_avoidance' build argument 'cmake_clean_first' from command line to 'False'
[4.849s] Level 5:colcon.colcon_core.verb:set package 'simple_avoidance' build argument 'cmake_force_configure' from command line to 'False'
[4.849s] Level 5:colcon.colcon_core.verb:set package 'simple_avoidance' build argument 'ament_cmake_args' from command line to 'None'
[4.850s] Level 5:colcon.colcon_core.verb:set package 'simple_avoidance' build argument 'catkin_cmake_args' from command line to 'None'
[4.850s] Level 5:colcon.colcon_core.verb:set package 'simple_avoidance' build argument 'catkin_skip_building_tests' from command line to 'False'
[4.850s] DEBUG:colcon.colcon_core.verb:Building package 'simple_avoidance' with the following arguments: {'ament_cmake_args': None, 'build_base': '/home/sunrise/dev_ws/build/simple_avoidance', 'catkin_cmake_args': None, 'catkin_skip_building_tests': False, 'cmake_args': None, 'cmake_clean_cache': False, 'cmake_clean_first': False, 'cmake_force_configure': False, 'cmake_target': None, 'cmake_target_skip_unavailable': False, 'install_base': '/home/sunrise/dev_ws/install/simple_avoidance', 'merge_install': False, 'path': '/home/sunrise/dev_ws/src/racing/simple_avoidance', 'symlink_install': True, 'test_result_base': None}
[4.854s] Level 5:colcon.colcon_core.verb:set package 'utils' build argument 'cmake_args' from command line to 'None'
[4.855s] Level 5:colcon.colcon_core.verb:set package 'utils' build argument 'cmake_target' from command line to 'None'
[4.855s] Level 5:colcon.colcon_core.verb:set package 'utils' build argument 'cmake_target_skip_unavailable' from command line to 'False'
[4.856s] Level 5:colcon.colcon_core.verb:set package 'utils' build argument 'cmake_clean_cache' from command line to 'False'
[4.856s] Level 5:colcon.colcon_core.verb:set package 'utils' build argument 'cmake_clean_first' from command line to 'False'
[4.856s] Level 5:colcon.colcon_core.verb:set package 'utils' build argument 'cmake_force_configure' from command line to 'False'
[4.857s] Level 5:colcon.colcon_core.verb:set package 'utils' build argument 'ament_cmake_args' from command line to 'None'
[4.857s] Level 5:colcon.colcon_core.verb:set package 'utils' build argument 'catkin_cmake_args' from command line to 'None'
[4.857s] Level 5:colcon.colcon_core.verb:set package 'utils' build argument 'catkin_skip_building_tests' from command line to 'False'
[4.858s] DEBUG:colcon.colcon_core.verb:Building package 'utils' with the following arguments: {'ament_cmake_args': None, 'build_base': '/home/sunrise/dev_ws/build/utils', 'catkin_cmake_args': None, 'catkin_skip_building_tests': False, 'cmake_args': None, 'cmake_clean_cache': False, 'cmake_clean_first': False, 'cmake_force_configure': False, 'cmake_target': None, 'cmake_target_skip_unavailable': False, 'install_base': '/home/sunrise/dev_ws/install/utils', 'merge_install': False, 'path': '/home/sunrise/dev_ws/src/origincar/utils', 'symlink_install': True, 'test_result_base': None}
[4.861s] Level 5:colcon.colcon_core.verb:set package 'voice_driver' build argument 'cmake_args' from command line to 'None'
[4.862s] Level 5:colcon.colcon_core.verb:set package 'voice_driver' build argument 'cmake_target' from command line to 'None'
[4.862s] Level 5:colcon.colcon_core.verb:set package 'voice_driver' build argument 'cmake_target_skip_unavailable' from command line to 'False'
[4.863s] Level 5:colcon.colcon_core.verb:set package 'voice_driver' build argument 'cmake_clean_cache' from command line to 'False'
[4.863s] Level 5:colcon.colcon_core.verb:set package 'voice_driver' build argument 'cmake_clean_first' from command line to 'False'
[4.863s] Level 5:colcon.colcon_core.verb:set package 'voice_driver' build argument 'cmake_force_configure' from command line to 'False'
[4.864s] Level 5:colcon.colcon_core.verb:set package 'voice_driver' build argument 'ament_cmake_args' from command line to 'None'
[4.864s] Level 5:colcon.colcon_core.verb:set package 'voice_driver' build argument 'catkin_cmake_args' from command line to 'None'
[4.864s] Level 5:colcon.colcon_core.verb:set package 'voice_driver' build argument 'catkin_skip_building_tests' from command line to 'False'
[4.865s] DEBUG:colcon.colcon_core.verb:Building package 'voice_driver' with the following arguments: {'ament_cmake_args': None, 'build_base': '/home/sunrise/dev_ws/build/voice_driver', 'catkin_cmake_args': None, 'catkin_skip_building_tests': False, 'cmake_args': None, 'cmake_clean_cache': False, 'cmake_clean_first': False, 'cmake_force_configure': False, 'cmake_target': None, 'cmake_target_skip_unavailable': False, 'install_base': '/home/sunrise/dev_ws/install/voice_driver', 'merge_install': False, 'path': '/home/sunrise/dev_ws/src/racing/voice_driver', 'symlink_install': True, 'test_result_base': None}
[4.869s] Level 5:colcon.colcon_core.verb:set package 'lslidar_driver' build argument 'cmake_args' from command line to 'None'
[4.869s] Level 5:colcon.colcon_core.verb:set package 'lslidar_driver' build argument 'cmake_target' from command line to 'None'
[4.869s] Level 5:colcon.colcon_core.verb:set package 'lslidar_driver' build argument 'cmake_target_skip_unavailable' from command line to 'False'
[4.870s] Level 5:colcon.colcon_core.verb:set package 'lslidar_driver' build argument 'cmake_clean_cache' from command line to 'False'
[4.870s] Level 5:colcon.colcon_core.verb:set package 'lslidar_driver' build argument 'cmake_clean_first' from command line to 'False'
[4.871s] Level 5:colcon.colcon_core.verb:set package 'lslidar_driver' build argument 'cmake_force_configure' from command line to 'False'
[4.871s] Level 5:colcon.colcon_core.verb:set package 'lslidar_driver' build argument 'ament_cmake_args' from command line to 'None'
[4.871s] Level 5:colcon.colcon_core.verb:set package 'lslidar_driver' build argument 'catkin_cmake_args' from command line to 'None'
[4.871s] Level 5:colcon.colcon_core.verb:set package 'lslidar_driver' build argument 'catkin_skip_building_tests' from command line to 'False'
[4.872s] DEBUG:colcon.colcon_core.verb:Building package 'lslidar_driver' with the following arguments: {'ament_cmake_args': None, 'build_base': '/home/sunrise/dev_ws/build/lslidar_driver', 'catkin_cmake_args': None, 'catkin_skip_building_tests': False, 'cmake_args': None, 'cmake_clean_cache': False, 'cmake_clean_first': False, 'cmake_force_configure': False, 'cmake_target': None, 'cmake_target_skip_unavailable': False, 'install_base': '/home/sunrise/dev_ws/install/lslidar_driver', 'merge_install': False, 'path': '/home/sunrise/dev_ws/src/LSLIDAR_X_ROS2-20240228/src/lslidar_driver', 'symlink_install': True, 'test_result_base': None}
[4.875s] Level 5:colcon.colcon_core.verb:set package 'origincar_base' build argument 'cmake_args' from command line to 'None'
[4.876s] Level 5:colcon.colcon_core.verb:set package 'origincar_base' build argument 'cmake_target' from command line to 'None'
[4.876s] Level 5:colcon.colcon_core.verb:set package 'origincar_base' build argument 'cmake_target_skip_unavailable' from command line to 'False'
[4.876s] Level 5:colcon.colcon_core.verb:set package 'origincar_base' build argument 'cmake_clean_cache' from command line to 'False'
[4.877s] Level 5:colcon.colcon_core.verb:set package 'origincar_base' build argument 'cmake_clean_first' from command line to 'False'
[4.877s] Level 5:colcon.colcon_core.verb:set package 'origincar_base' build argument 'cmake_force_configure' from command line to 'False'
[4.877s] Level 5:colcon.colcon_core.verb:set package 'origincar_base' build argument 'ament_cmake_args' from command line to 'None'
[4.878s] Level 5:colcon.colcon_core.verb:set package 'origincar_base' build argument 'catkin_cmake_args' from command line to 'None'
[4.878s] Level 5:colcon.colcon_core.verb:set package 'origincar_base' build argument 'catkin_skip_building_tests' from command line to 'False'
[4.878s] DEBUG:colcon.colcon_core.verb:Building package 'origincar_base' with the following arguments: {'ament_cmake_args': None, 'build_base': '/home/sunrise/dev_ws/build/origincar_base', 'catkin_cmake_args': None, 'catkin_skip_building_tests': False, 'cmake_args': None, 'cmake_clean_cache': False, 'cmake_clean_first': False, 'cmake_force_configure': False, 'cmake_target': None, 'cmake_target_skip_unavailable': False, 'install_base': '/home/sunrise/dev_ws/install/origincar_base', 'merge_install': False, 'path': '/home/sunrise/dev_ws/src/origincar/origincar_base', 'symlink_install': True, 'test_result_base': None}
[4.882s] Level 5:colcon.colcon_core.verb:set package 'racing_stage1' build argument 'cmake_args' from command line to 'None'
[4.882s] Level 5:colcon.colcon_core.verb:set package 'racing_stage1' build argument 'cmake_target' from command line to 'None'
[4.883s] Level 5:colcon.colcon_core.verb:set package 'racing_stage1' build argument 'cmake_target_skip_unavailable' from command line to 'False'
[4.883s] Level 5:colcon.colcon_core.verb:set package 'racing_stage1' build argument 'cmake_clean_cache' from command line to 'False'
[4.883s] Level 5:colcon.colcon_core.verb:set package 'racing_stage1' build argument 'cmake_clean_first' from command line to 'False'
[4.884s] Level 5:colcon.colcon_core.verb:set package 'racing_stage1' build argument 'cmake_force_configure' from command line to 'False'
[4.884s] Level 5:colcon.colcon_core.verb:set package 'racing_stage1' build argument 'ament_cmake_args' from command line to 'None'
[4.884s] Level 5:colcon.colcon_core.verb:set package 'racing_stage1' build argument 'catkin_cmake_args' from command line to 'None'
[4.885s] Level 5:colcon.colcon_core.verb:set package 'racing_stage1' build argument 'catkin_skip_building_tests' from command line to 'False'
[4.885s] DEBUG:colcon.colcon_core.verb:Building package 'racing_stage1' with the following arguments: {'ament_cmake_args': None, 'build_base': '/home/sunrise/dev_ws/build/racing_stage1', 'catkin_cmake_args': None, 'catkin_skip_building_tests': False, 'cmake_args': None, 'cmake_clean_cache': False, 'cmake_clean_first': False, 'cmake_force_configure': False, 'cmake_target': None, 'cmake_target_skip_unavailable': False, 'install_base': '/home/sunrise/dev_ws/install/racing_stage1', 'merge_install': False, 'path': '/home/sunrise/dev_ws/src/racing/racing_stage1', 'symlink_install': True, 'test_result_base': None}
[4.888s] Level 5:colcon.colcon_core.verb:set package 'racing_stage2' build argument 'cmake_args' from command line to 'None'
[4.889s] Level 5:colcon.colcon_core.verb:set package 'racing_stage2' build argument 'cmake_target' from command line to 'None'
[4.889s] Level 5:colcon.colcon_core.verb:set package 'racing_stage2' build argument 'cmake_target_skip_unavailable' from command line to 'False'
[4.889s] Level 5:colcon.colcon_core.verb:set package 'racing_stage2' build argument 'cmake_clean_cache' from command line to 'False'
[4.889s] Level 5:colcon.colcon_core.verb:set package 'racing_stage2' build argument 'cmake_clean_first' from command line to 'False'
[4.890s] Level 5:colcon.colcon_core.verb:set package 'racing_stage2' build argument 'cmake_force_configure' from command line to 'False'
[4.890s] Level 5:colcon.colcon_core.verb:set package 'racing_stage2' build argument 'ament_cmake_args' from command line to 'None'
[4.890s] Level 5:colcon.colcon_core.verb:set package 'racing_stage2' build argument 'catkin_cmake_args' from command line to 'None'
[4.890s] Level 5:colcon.colcon_core.verb:set package 'racing_stage2' build argument 'catkin_skip_building_tests' from command line to 'False'
[4.890s] DEBUG:colcon.colcon_core.verb:Building package 'racing_stage2' with the following arguments: {'ament_cmake_args': None, 'build_base': '/home/sunrise/dev_ws/build/racing_stage2', 'catkin_cmake_args': None, 'catkin_skip_building_tests': False, 'cmake_args': None, 'cmake_clean_cache': False, 'cmake_clean_first': False, 'cmake_force_configure': False, 'cmake_target': None, 'cmake_target_skip_unavailable': False, 'install_base': '/home/sunrise/dev_ws/install/racing_stage2', 'merge_install': False, 'path': '/home/sunrise/dev_ws/src/racing/racing_stage2', 'symlink_install': True, 'test_result_base': None}
[4.893s] Level 5:colcon.colcon_core.verb:set package 'racing_bringup' build argument 'cmake_args' from command line to 'None'
[4.894s] Level 5:colcon.colcon_core.verb:set package 'racing_bringup' build argument 'cmake_target' from command line to 'None'
[4.894s] Level 5:colcon.colcon_core.verb:set package 'racing_bringup' build argument 'cmake_target_skip_unavailable' from command line to 'False'
[4.894s] Level 5:colcon.colcon_core.verb:set package 'racing_bringup' build argument 'cmake_clean_cache' from command line to 'False'
[4.895s] Level 5:colcon.colcon_core.verb:set package 'racing_bringup' build argument 'cmake_clean_first' from command line to 'False'
[4.895s] Level 5:colcon.colcon_core.verb:set package 'racing_bringup' build argument 'cmake_force_configure' from command line to 'False'
[4.895s] Level 5:colcon.colcon_core.verb:set package 'racing_bringup' build argument 'ament_cmake_args' from command line to 'None'
[4.895s] Level 5:colcon.colcon_core.verb:set package 'racing_bringup' build argument 'catkin_cmake_args' from command line to 'None'
[4.895s] Level 5:colcon.colcon_core.verb:set package 'racing_bringup' build argument 'catkin_skip_building_tests' from command line to 'False'
[4.896s] DEBUG:colcon.colcon_core.verb:Building package 'racing_bringup' with the following arguments: {'ament_cmake_args': None, 'build_base': '/home/sunrise/dev_ws/build/racing_bringup', 'catkin_cmake_args': None, 'catkin_skip_building_tests': False, 'cmake_args': None, 'cmake_clean_cache': False, 'cmake_clean_first': False, 'cmake_force_configure': False, 'cmake_target': None, 'cmake_target_skip_unavailable': False, 'install_base': '/home/sunrise/dev_ws/install/racing_bringup', 'merge_install': False, 'path': '/home/sunrise/dev_ws/src/racing/racing_bringup', 'symlink_install': True, 'test_result_base': None}
[4.897s] INFO:colcon.colcon_core.executor:Executing jobs using 'parallel' executor
[4.904s] DEBUG:colcon.colcon_parallel_executor.executor.parallel:run_until_complete
[4.907s] INFO:colcon.colcon_ros.task.ament_cmake.build:Building ROS package in '/home/sunrise/dev_ws/src/origincar/origincar_bringup' with build type 'ament_cmake'
[4.908s] INFO:colcon.colcon_cmake.task.cmake.build:Building CMake package in '/home/sunrise/dev_ws/src/origincar/origincar_bringup'
[4.927s] INFO:colcon.colcon_core.plugin_system:Skipping extension 'colcon_core.shell.bat': Not used on non-Windows systems
[4.928s] INFO:colcon.colcon_core.shell:Skip shell extension 'powershell' for command environment: Not usable outside of PowerShell
[4.929s] DEBUG:colcon.colcon_core.shell:Skip shell extension 'dsv' for command environment
[4.961s] INFO:colcon.colcon_ros.task.ament_python.build:Building ROS package in '/home/sunrise/dev_ws/src/racing/qr_scanner' with build type 'ament_python'
[4.962s] Level 1:colcon.colcon_core.shell:create_environment_hook('qr_scanner', 'ament_prefix_path')
[4.964s] INFO:colcon.colcon_core.shell:Creating environment hook '/home/sunrise/dev_ws/install/qr_scanner/share/qr_scanner/hook/ament_prefix_path.ps1'
[4.970s] INFO:colcon.colcon_core.shell:Creating environment descriptor '/home/sunrise/dev_ws/install/qr_scanner/share/qr_scanner/hook/ament_prefix_path.dsv'
[4.975s] INFO:colcon.colcon_core.shell:Creating environment hook '/home/sunrise/dev_ws/install/qr_scanner/share/qr_scanner/hook/ament_prefix_path.sh'
[4.981s] INFO:colcon.colcon_core.shell:Skip shell extension 'powershell' for command environment: Not usable outside of PowerShell
[4.981s] DEBUG:colcon.colcon_core.shell:Skip shell extension 'dsv' for command environment
[5.004s] INFO:colcon.colcon_ros.task.ament_cmake.build:Building ROS package in '/home/sunrise/dev_ws/src/origincar/3rdparty/ackermann_msgs-ros2' with build type 'ament_cmake'
[5.005s] INFO:colcon.colcon_cmake.task.cmake.build:Building CMake package in '/home/sunrise/dev_ws/src/origincar/3rdparty/ackermann_msgs-ros2'
[5.007s] INFO:colcon.colcon_core.shell:Skip shell extension 'powershell' for command environment: Not usable outside of PowerShell
[5.008s] DEBUG:colcon.colcon_core.shell:Skip shell extension 'dsv' for command environment
[5.035s] INFO:colcon.colcon_ros.task.ament_cmake.build:Building ROS package in '/home/sunrise/dev_ws/src/LSLIDAR_X_ROS2-20240228/src/lslidar_msgs' with build type 'ament_cmake'
[5.036s] INFO:colcon.colcon_cmake.task.cmake.build:Building CMake package in '/home/sunrise/dev_ws/src/LSLIDAR_X_ROS2-20240228/src/lslidar_msgs'
[5.038s] INFO:colcon.colcon_core.shell:Skip shell extension 'powershell' for command environment: Not usable outside of PowerShell
[5.039s] DEBUG:colcon.colcon_core.shell:Skip shell extension 'dsv' for command environment
[5.066s] INFO:colcon.colcon_ros.task.ament_cmake.build:Building ROS package in '/home/sunrise/dev_ws/src/origincar/origincar_description' with build type 'ament_cmake'
[5.067s] INFO:colcon.colcon_cmake.task.cmake.build:Building CMake package in '/home/sunrise/dev_ws/src/origincar/origincar_description'
[5.069s] INFO:colcon.colcon_core.shell:Skip shell extension 'powershell' for command environment: Not usable outside of PowerShell
[5.070s] DEBUG:colcon.colcon_core.shell:Skip shell extension 'dsv' for command environment
[5.093s] INFO:colcon.colcon_ros.task.ament_cmake.build:Building ROS package in '/home/sunrise/dev_ws/src/origincar/origincar_msg' with build type 'ament_cmake'
[5.094s] INFO:colcon.colcon_cmake.task.cmake.build:Building CMake package in '/home/sunrise/dev_ws/src/origincar/origincar_msg'
[5.096s] INFO:colcon.colcon_core.shell:Skip shell extension 'powershell' for command environment: Not usable outside of PowerShell
[5.096s] DEBUG:colcon.colcon_core.shell:Skip shell extension 'dsv' for command environment
[5.122s] INFO:colcon.colcon_ros.task.ament_python.build:Building ROS package in '/home/sunrise/dev_ws/src/racing/racing_stage3' with build type 'ament_python'
[5.123s] Level 1:colcon.colcon_core.shell:create_environment_hook('racing_stage3', 'ament_prefix_path')
[5.125s] INFO:colcon.colcon_core.shell:Creating environment hook '/home/sunrise/dev_ws/install/racing_stage3/share/racing_stage3/hook/ament_prefix_path.ps1'
[5.130s] INFO:colcon.colcon_core.shell:Creating environment descriptor '/home/sunrise/dev_ws/install/racing_stage3/share/racing_stage3/hook/ament_prefix_path.dsv'
[5.134s] INFO:colcon.colcon_core.shell:Creating environment hook '/home/sunrise/dev_ws/install/racing_stage3/share/racing_stage3/hook/ament_prefix_path.sh'
[5.139s] INFO:colcon.colcon_core.shell:Skip shell extension 'powershell' for command environment: Not usable outside of PowerShell
[5.140s] DEBUG:colcon.colcon_core.shell:Skip shell extension 'dsv' for command environment
[5.161s] INFO:colcon.colcon_ros.task.ament_cmake.build:Building ROS package in '/home/sunrise/dev_ws/src/origincar/3rdparty/serial_ros2' with build type 'ament_cmake'
[5.162s] INFO:colcon.colcon_cmake.task.cmake.build:Building CMake package in '/home/sunrise/dev_ws/src/origincar/3rdparty/serial_ros2'
[5.164s] INFO:colcon.colcon_core.shell:Skip shell extension 'powershell' for command environment: Not usable outside of PowerShell
[5.165s] DEBUG:colcon.colcon_core.shell:Skip shell extension 'dsv' for command environment
[5.217s] DEBUG:colcon.colcon_core.event_handler.log_command:Invoking command in '/home/sunrise/dev_ws/build/origincar_bringup': CMAKE_PREFIX_PATH=${CMAKE_PREFIX_PATH}:/home/sunrise/dev_ws/install/racing_stage2:/home/sunrise/dev_ws/install/racing_stage1:/home/sunrise/dev_ws/install/qr_scanner:/home/sunrise/dev_ws/install/bno055:/opt/tros/humble:/opt/ros/humble /usr/bin/cmake /home/sunrise/dev_ws/src/origincar/origincar_bringup -DAMENT_CMAKE_SYMLINK_INSTALL=1 -DCMAKE_INSTALL_PREFIX=/home/sunrise/dev_ws/install/origincar_bringup
[7.125s] INFO:colcon.colcon_core.task.python.build:Building Python package in '/home/sunrise/dev_ws/src/racing/qr_scanner'
[7.127s] INFO:colcon.colcon_core.shell:Skip shell extension 'powershell' for command environment: Not usable outside of PowerShell
[7.128s] DEBUG:colcon.colcon_core.shell:Skip shell extension 'dsv' for command environment
[7.163s] DEBUG:colcon.colcon_core.event_handler.log_command:Invoking command in '/home/sunrise/dev_ws/build/ackermann_msgs': CMAKE_PREFIX_PATH=${CMAKE_PREFIX_PATH}:/home/sunrise/dev_ws/install/racing_stage2:/home/sunrise/dev_ws/install/racing_stage1:/home/sunrise/dev_ws/install/qr_scanner:/home/sunrise/dev_ws/install/bno055:/opt/tros/humble:/opt/ros/humble /usr/bin/cmake /home/sunrise/dev_ws/src/origincar/3rdparty/ackermann_msgs-ros2 -DAMENT_CMAKE_SYMLINK_INSTALL=1 -DCMAKE_INSTALL_PREFIX=/home/sunrise/dev_ws/install/ackermann_msgs
[7.173s] DEBUG:colcon.colcon_core.event_handler.log_command:Invoking command in '/home/sunrise/dev_ws/build/lslidar_msgs': CMAKE_PREFIX_PATH=${CMAKE_PREFIX_PATH}:/home/sunrise/dev_ws/install/racing_stage2:/home/sunrise/dev_ws/install/racing_stage1:/home/sunrise/dev_ws/install/qr_scanner:/home/sunrise/dev_ws/install/bno055:/opt/tros/humble:/opt/ros/humble /usr/bin/cmake /home/sunrise/dev_ws/src/LSLIDAR_X_ROS2-20240228/src/lslidar_msgs -DAMENT_CMAKE_SYMLINK_INSTALL=1 -DCMAKE_INSTALL_PREFIX=/home/sunrise/dev_ws/install/lslidar_msgs
[7.182s] DEBUG:colcon.colcon_core.event_handler.log_command:Invoking command in '/home/sunrise/dev_ws/build/origincar_description': CMAKE_PREFIX_PATH=${CMAKE_PREFIX_PATH}:/home/sunrise/dev_ws/install/racing_stage2:/home/sunrise/dev_ws/install/racing_stage1:/home/sunrise/dev_ws/install/qr_scanner:/home/sunrise/dev_ws/install/bno055:/opt/tros/humble:/opt/ros/humble /usr/bin/cmake /home/sunrise/dev_ws/src/origincar/origincar_description -DAMENT_CMAKE_SYMLINK_INSTALL=1 -DCMAKE_INSTALL_PREFIX=/home/sunrise/dev_ws/install/origincar_description
[7.193s] DEBUG:colcon.colcon_core.event_handler.log_command:Invoking command in '/home/sunrise/dev_ws/build/origincar_msg': CMAKE_PREFIX_PATH=${CMAKE_PREFIX_PATH}:/home/sunrise/dev_ws/install/racing_stage2:/home/sunrise/dev_ws/install/racing_stage1:/home/sunrise/dev_ws/install/qr_scanner:/home/sunrise/dev_ws/install/bno055:/opt/tros/humble:/opt/ros/humble /usr/bin/cmake /home/sunrise/dev_ws/src/origincar/origincar_msg -DAMENT_CMAKE_SYMLINK_INSTALL=1 -DCMAKE_INSTALL_PREFIX=/home/sunrise/dev_ws/install/origincar_msg
[9.703s] INFO:colcon.colcon_core.task.python.build:Building Python package in '/home/sunrise/dev_ws/src/racing/racing_stage3'
[9.705s] INFO:colcon.colcon_core.shell:Skip shell extension 'powershell' for command environment: Not usable outside of PowerShell
[9.706s] DEBUG:colcon.colcon_core.shell:Skip shell extension 'dsv' for command environment
[9.749s] DEBUG:colcon.colcon_core.event_handler.log_command:Invoking command in '/home/sunrise/dev_ws/build/serial': CMAKE_PREFIX_PATH=${CMAKE_PREFIX_PATH}:/home/sunrise/dev_ws/install/racing_stage2:/home/sunrise/dev_ws/install/racing_stage1:/home/sunrise/dev_ws/install/qr_scanner:/home/sunrise/dev_ws/install/bno055:/opt/tros/humble:/opt/ros/humble /usr/bin/cmake /home/sunrise/dev_ws/src/origincar/3rdparty/serial_ros2 -DAMENT_CMAKE_SYMLINK_INSTALL=1 -DCMAKE_INSTALL_PREFIX=/home/sunrise/dev_ws/install/serial
[10.263s] DEBUG:colcon.colcon_core.event_handler.log_command:Invoked command in '/home/sunrise/dev_ws/build/origincar_bringup' returned '0': CMAKE_PREFIX_PATH=${CMAKE_PREFIX_PATH}:/home/sunrise/dev_ws/install/racing_stage2:/home/sunrise/dev_ws/install/racing_stage1:/home/sunrise/dev_ws/install/qr_scanner:/home/sunrise/dev_ws/install/bno055:/opt/tros/humble:/opt/ros/humble /usr/bin/cmake /home/sunrise/dev_ws/src/origincar/origincar_bringup -DAMENT_CMAKE_SYMLINK_INSTALL=1 -DCMAKE_INSTALL_PREFIX=/home/sunrise/dev_ws/install/origincar_bringup
[10.266s] DEBUG:colcon.colcon_core.event_handler.log_command:Invoking command in '/home/sunrise/dev_ws/build/origincar_bringup': CMAKE_PREFIX_PATH=${CMAKE_PREFIX_PATH}:/home/sunrise/dev_ws/install/racing_stage2:/home/sunrise/dev_ws/install/racing_stage1:/home/sunrise/dev_ws/install/qr_scanner:/home/sunrise/dev_ws/install/bno055:/opt/tros/humble:/opt/ros/humble /usr/bin/cmake --build /home/sunrise/dev_ws/build/origincar_bringup -- -j8 -l8
[10.494s] DEBUG:colcon.colcon_core.event_handler.log_command:Invoked command in '/home/sunrise/dev_ws/build/origincar_bringup' returned '0': CMAKE_PREFIX_PATH=${CMAKE_PREFIX_PATH}:/home/sunrise/dev_ws/install/racing_stage2:/home/sunrise/dev_ws/install/racing_stage1:/home/sunrise/dev_ws/install/qr_scanner:/home/sunrise/dev_ws/install/bno055:/opt/tros/humble:/opt/ros/humble /usr/bin/cmake --build /home/sunrise/dev_ws/build/origincar_bringup -- -j8 -l8
[10.569s] DEBUG:colcon.colcon_core.event_handler.log_command:Invoking command in '/home/sunrise/dev_ws/build/origincar_bringup': CMAKE_PREFIX_PATH=${CMAKE_PREFIX_PATH}:/home/sunrise/dev_ws/install/racing_stage2:/home/sunrise/dev_ws/install/racing_stage1:/home/sunrise/dev_ws/install/qr_scanner:/home/sunrise/dev_ws/install/bno055:/opt/tros/humble:/opt/ros/humble /usr/bin/cmake --install /home/sunrise/dev_ws/build/origincar_bringup
[11.478s] Level 1:colcon.colcon_core.environment:create_environment_scripts_only(origincar_bringup)
[11.496s] DEBUG:colcon.colcon_core.event_handler.log_command:Invoked command in '/home/sunrise/dev_ws/build/origincar_bringup' returned '0': CMAKE_PREFIX_PATH=${CMAKE_PREFIX_PATH}:/home/sunrise/dev_ws/install/racing_stage2:/home/sunrise/dev_ws/install/racing_stage1:/home/sunrise/dev_ws/install/qr_scanner:/home/sunrise/dev_ws/install/bno055:/opt/tros/humble:/opt/ros/humble /usr/bin/cmake --install /home/sunrise/dev_ws/build/origincar_bringup
[11.505s] Level 1:colcon.colcon_core.environment:checking '/home/sunrise/dev_ws/install/origincar_bringup' for CMake module files
[11.509s] Level 1:colcon.colcon_core.environment:checking '/home/sunrise/dev_ws/install/origincar_bringup' for CMake config files
[11.511s] Level 1:colcon.colcon_core.shell:create_environment_hook('origincar_bringup', 'cmake_prefix_path')
[11.513s] INFO:colcon.colcon_core.shell:Creating environment hook '/home/sunrise/dev_ws/install/origincar_bringup/share/origincar_bringup/hook/cmake_prefix_path.ps1'
[11.521s] INFO:colcon.colcon_core.shell:Creating environment descriptor '/home/sunrise/dev_ws/install/origincar_bringup/share/origincar_bringup/hook/cmake_prefix_path.dsv'
[11.529s] INFO:colcon.colcon_core.shell:Creating environment hook '/home/sunrise/dev_ws/install/origincar_bringup/share/origincar_bringup/hook/cmake_prefix_path.sh'
[11.536s] Level 1:colcon.colcon_core.environment:checking '/home/sunrise/dev_ws/install/origincar_bringup/bin'
[11.537s] Level 1:colcon.colcon_core.environment:checking '/home/sunrise/dev_ws/install/origincar_bringup/lib/pkgconfig/origincar_bringup.pc'
[11.540s] Level 1:colcon.colcon_core.environment:checking '/home/sunrise/dev_ws/install/origincar_bringup/lib/python3.10/site-packages'
[11.542s] Level 1:colcon.colcon_core.environment:checking '/home/sunrise/dev_ws/install/origincar_bringup/bin'
[11.545s] INFO:colcon.colcon_core.shell:Creating package script '/home/sunrise/dev_ws/install/origincar_bringup/share/origincar_bringup/package.ps1'
[11.555s] INFO:colcon.colcon_core.shell:Creating package descriptor '/home/sunrise/dev_ws/install/origincar_bringup/share/origincar_bringup/package.dsv'
[11.561s] INFO:colcon.colcon_core.shell:Creating package script '/home/sunrise/dev_ws/install/origincar_bringup/share/origincar_bringup/package.sh'
[11.568s] INFO:colcon.colcon_core.shell:Creating package script '/home/sunrise/dev_ws/install/origincar_bringup/share/origincar_bringup/package.bash'
[11.574s] INFO:colcon.colcon_core.shell:Creating package script '/home/sunrise/dev_ws/install/origincar_bringup/share/origincar_bringup/package.zsh'
[11.584s] Level 1:colcon.colcon_core.environment:create_file_with_runtime_dependencies(/home/sunrise/dev_ws/install/origincar_bringup/share/colcon-core/packages/origincar_bringup)
[11.591s] Level 1:colcon.colcon_core.environment:create_environment_scripts_only(origincar_bringup)
[11.593s] Level 1:colcon.colcon_core.environment:checking '/home/sunrise/dev_ws/install/origincar_bringup' for CMake module files
[11.596s] Level 1:colcon.colcon_core.environment:checking '/home/sunrise/dev_ws/install/origincar_bringup' for CMake config files
[11.598s] Level 1:colcon.colcon_core.shell:create_environment_hook('origincar_bringup', 'cmake_prefix_path')
[11.600s] INFO:colcon.colcon_core.shell:Creating environment hook '/home/sunrise/dev_ws/install/origincar_bringup/share/origincar_bringup/hook/cmake_prefix_path.ps1'
[11.604s] INFO:colcon.colcon_core.shell:Creating environment descriptor '/home/sunrise/dev_ws/install/origincar_bringup/share/origincar_bringup/hook/cmake_prefix_path.dsv'
[11.607s] INFO:colcon.colcon_core.shell:Creating environment hook '/home/sunrise/dev_ws/install/origincar_bringup/share/origincar_bringup/hook/cmake_prefix_path.sh'
[11.612s] Level 1:colcon.colcon_core.environment:checking '/home/sunrise/dev_ws/install/origincar_bringup/bin'
[11.613s] Level 1:colcon.colcon_core.environment:checking '/home/sunrise/dev_ws/install/origincar_bringup/lib/pkgconfig/origincar_bringup.pc'
[11.615s] Level 1:colcon.colcon_core.environment:checking '/home/sunrise/dev_ws/install/origincar_bringup/lib/python3.10/site-packages'
[11.618s] Level 1:colcon.colcon_core.environment:checking '/home/sunrise/dev_ws/install/origincar_bringup/bin'
[11.624s] INFO:colcon.colcon_core.shell:Creating package script '/home/sunrise/dev_ws/install/origincar_bringup/share/origincar_bringup/package.ps1'
[11.631s] INFO:colcon.colcon_core.shell:Creating package descriptor '/home/sunrise/dev_ws/install/origincar_bringup/share/origincar_bringup/package.dsv'
[11.635s] INFO:colcon.colcon_core.shell:Creating package script '/home/sunrise/dev_ws/install/origincar_bringup/share/origincar_bringup/package.sh'
[11.640s] INFO:colcon.colcon_core.shell:Creating package script '/home/sunrise/dev_ws/install/origincar_bringup/share/origincar_bringup/package.bash'
[11.652s] INFO:colcon.colcon_core.shell:Creating package script '/home/sunrise/dev_ws/install/origincar_bringup/share/origincar_bringup/package.zsh'
[11.655s] Level 1:colcon.colcon_core.environment:create_file_with_runtime_dependencies(/home/sunrise/dev_ws/install/origincar_bringup/share/colcon-core/packages/origincar_bringup)
[11.661s] INFO:colcon.colcon_ros.task.ament_python.build:Building ROS package in '/home/sunrise/dev_ws/src/racing/bno055-main' with build type 'ament_python'
[11.663s] Level 1:colcon.colcon_core.shell:create_environment_hook('bno055', 'ament_prefix_path')
[11.664s] INFO:colcon.colcon_core.shell:Creating environment hook '/home/sunrise/dev_ws/install/bno055/share/bno055/hook/ament_prefix_path.ps1'
[11.676s] INFO:colcon.colcon_core.shell:Creating environment descriptor '/home/sunrise/dev_ws/install/bno055/share/bno055/hook/ament_prefix_path.dsv'
[11.680s] INFO:colcon.colcon_core.shell:Creating environment hook '/home/sunrise/dev_ws/install/bno055/share/bno055/hook/ament_prefix_path.sh'
[11.687s] INFO:colcon.colcon_core.shell:Skip shell extension 'powershell' for command environment: Not usable outside of PowerShell
[11.688s] DEBUG:colcon.colcon_core.shell:Skip shell extension 'dsv' for command environment
[14.160s] INFO:colcon.colcon_core.task.python.build:Building Python package in '/home/sunrise/dev_ws/src/racing/bno055-main'
[14.162s] INFO:colcon.colcon_core.shell:Skip shell extension 'powershell' for command environment: Not usable outside of PowerShell
[14.162s] DEBUG:colcon.colcon_core.shell:Skip shell extension 'dsv' for command environment
[14.203s] DEBUG:colcon.colcon_core.event_handler.log_command:Invoking command in '/home/sunrise/dev_ws/build/racing_stage3': PYTHONPATH=/home/sunrise/dev_ws/build/racing_stage3/prefix_override:/usr/lib/python3/dist-packages/colcon_core/task/python/colcon_distutils_commands:/home/sunrise/dev_ws/install/racing_stage3/lib/python3.10/site-packages:${PYTHONPATH} /usr/bin/python3 -W ignore:setup.py install is deprecated -W ignore:easy_install command is deprecated setup.py develop --editable --build-directory /home/sunrise/dev_ws/build/racing_stage3/build --no-deps symlink_data
[14.217s] DEBUG:colcon.colcon_core.event_handler.log_command:Invoking command in '/home/sunrise/dev_ws/build/qr_scanner': PYTHONPATH=/home/sunrise/dev_ws/build/qr_scanner/prefix_override:/usr/lib/python3/dist-packages/colcon_core/task/python/colcon_distutils_commands:/home/sunrise/dev_ws/install/qr_scanner/lib/python3.10/site-packages:${PYTHONPATH} /usr/bin/python3 -W ignore:setup.py install is deprecated -W ignore:easy_install command is deprecated setup.py develop --editable --build-directory /home/sunrise/dev_ws/build/qr_scanner/build --no-deps symlink_data
[14.221s] DEBUG:colcon.colcon_core.event_handler.log_command:Invoked command in '/home/sunrise/dev_ws/build/origincar_description' returned '0': CMAKE_PREFIX_PATH=${CMAKE_PREFIX_PATH}:/home/sunrise/dev_ws/install/racing_stage2:/home/sunrise/dev_ws/install/racing_stage1:/home/sunrise/dev_ws/install/qr_scanner:/home/sunrise/dev_ws/install/bno055:/opt/tros/humble:/opt/ros/humble /usr/bin/cmake /home/sunrise/dev_ws/src/origincar/origincar_description -DAMENT_CMAKE_SYMLINK_INSTALL=1 -DCMAKE_INSTALL_PREFIX=/home/sunrise/dev_ws/install/origincar_description
[14.229s] DEBUG:colcon.colcon_core.event_handler.log_command:Invoking command in '/home/sunrise/dev_ws/build/origincar_description': CMAKE_PREFIX_PATH=${CMAKE_PREFIX_PATH}:/home/sunrise/dev_ws/install/racing_stage2:/home/sunrise/dev_ws/install/racing_stage1:/home/sunrise/dev_ws/install/qr_scanner:/home/sunrise/dev_ws/install/bno055:/opt/tros/humble:/opt/ros/humble /usr/bin/cmake --build /home/sunrise/dev_ws/build/origincar_description -- -j8 -l8
[15.119s] DEBUG:colcon.colcon_core.event_handler.log_command:Invoked command in '/home/sunrise/dev_ws/build/serial' returned '0': CMAKE_PREFIX_PATH=${CMAKE_PREFIX_PATH}:/home/sunrise/dev_ws/install/racing_stage2:/home/sunrise/dev_ws/install/racing_stage1:/home/sunrise/dev_ws/install/qr_scanner:/home/sunrise/dev_ws/install/bno055:/opt/tros/humble:/opt/ros/humble /usr/bin/cmake /home/sunrise/dev_ws/src/origincar/3rdparty/serial_ros2 -DAMENT_CMAKE_SYMLINK_INSTALL=1 -DCMAKE_INSTALL_PREFIX=/home/sunrise/dev_ws/install/serial
[15.127s] DEBUG:colcon.colcon_core.event_handler.log_command:Invoking command in '/home/sunrise/dev_ws/build/serial': CMAKE_PREFIX_PATH=${CMAKE_PREFIX_PATH}:/home/sunrise/dev_ws/install/racing_stage2:/home/sunrise/dev_ws/install/racing_stage1:/home/sunrise/dev_ws/install/qr_scanner:/home/sunrise/dev_ws/install/bno055:/opt/tros/humble:/opt/ros/humble /usr/bin/cmake --build /home/sunrise/dev_ws/build/serial -- -j8 -l8
[15.155s] DEBUG:colcon.colcon_core.event_handler.log_command:Invoked command in '/home/sunrise/dev_ws/build/origincar_description' returned '0': CMAKE_PREFIX_PATH=${CMAKE_PREFIX_PATH}:/home/sunrise/dev_ws/install/racing_stage2:/home/sunrise/dev_ws/install/racing_stage1:/home/sunrise/dev_ws/install/qr_scanner:/home/sunrise/dev_ws/install/bno055:/opt/tros/humble:/opt/ros/humble /usr/bin/cmake --build /home/sunrise/dev_ws/build/origincar_description -- -j8 -l8
[15.173s] DEBUG:colcon.colcon_core.event_handler.log_command:Invoking command in '/home/sunrise/dev_ws/build/origincar_description': CMAKE_PREFIX_PATH=${CMAKE_PREFIX_PATH}:/home/sunrise/dev_ws/install/racing_stage2:/home/sunrise/dev_ws/install/racing_stage1:/home/sunrise/dev_ws/install/qr_scanner:/home/sunrise/dev_ws/install/bno055:/opt/tros/humble:/opt/ros/humble /usr/bin/cmake --install /home/sunrise/dev_ws/build/origincar_description
[18.181s] DEBUG:colcon.colcon_core.event_handler.log_command:Invoking command in '/home/sunrise/dev_ws/build/bno055': PYTHONPATH=/home/sunrise/dev_ws/build/bno055/prefix_override:/usr/lib/python3/dist-packages/colcon_core/task/python/colcon_distutils_commands:/home/sunrise/dev_ws/install/bno055/lib/python3.10/site-packages:${PYTHONPATH} /usr/bin/python3 -W ignore:setup.py install is deprecated -W ignore:easy_install command is deprecated setup.py develop --editable --build-directory /home/sunrise/dev_ws/build/bno055/build --no-deps symlink_data
[19.118s] Level 1:colcon.colcon_core.shell:create_environment_hook('racing_stage3', 'pythonpath_develop')
[19.121s] INFO:colcon.colcon_core.shell:Creating environment hook '/home/sunrise/dev_ws/build/racing_stage3/share/racing_stage3/hook/pythonpath_develop.ps1'
[19.124s] DEBUG:colcon.colcon_core.event_handler.log_command:Invoked command in '/home/sunrise/dev_ws/build/racing_stage3' returned '0': PYTHONPATH=/home/sunrise/dev_ws/build/racing_stage3/prefix_override:/usr/lib/python3/dist-packages/colcon_core/task/python/colcon_distutils_commands:/home/sunrise/dev_ws/install/racing_stage3/lib/python3.10/site-packages:${PYTHONPATH} /usr/bin/python3 -W ignore:setup.py install is deprecated -W ignore:easy_install command is deprecated setup.py develop --editable --build-directory /home/sunrise/dev_ws/build/racing_stage3/build --no-deps symlink_data
[19.130s] INFO:colcon.colcon_core.shell:Creating environment descriptor '/home/sunrise/dev_ws/build/racing_stage3/share/racing_stage3/hook/pythonpath_develop.dsv'
[19.137s] INFO:colcon.colcon_core.shell:Creating environment hook '/home/sunrise/dev_ws/build/racing_stage3/share/racing_stage3/hook/pythonpath_develop.sh'
[19.145s] Level 1:colcon.colcon_core.environment:checking '/home/sunrise/dev_ws/install/racing_stage3' for CMake module files
[19.165s] Level 1:colcon.colcon_core.environment:checking '/home/sunrise/dev_ws/install/racing_stage3' for CMake config files
[19.168s] Level 1:colcon.colcon_core.environment:checking '/home/sunrise/dev_ws/install/racing_stage3/lib'
[19.170s] Level 1:colcon.colcon_core.environment:checking '/home/sunrise/dev_ws/install/racing_stage3/bin'
[19.171s] Level 1:colcon.colcon_core.environment:checking '/home/sunrise/dev_ws/install/racing_stage3/lib/pkgconfig/racing_stage3.pc'
[19.173s] Level 1:colcon.colcon_core.environment:checking '/home/sunrise/dev_ws/install/racing_stage3/lib/python3.10/site-packages'
[19.173s] Level 1:colcon.colcon_core.shell:create_environment_hook('racing_stage3', 'pythonpath')
[19.175s] INFO:colcon.colcon_core.shell:Creating environment hook '/home/sunrise/dev_ws/install/racing_stage3/share/racing_stage3/hook/pythonpath.ps1'
[19.193s] INFO:colcon.colcon_core.shell:Creating environment descriptor '/home/sunrise/dev_ws/install/racing_stage3/share/racing_stage3/hook/pythonpath.dsv'
[19.197s] INFO:colcon.colcon_core.shell:Creating environment hook '/home/sunrise/dev_ws/install/racing_stage3/share/racing_stage3/hook/pythonpath.sh'
[19.205s] Level 1:colcon.colcon_core.environment:checking '/home/sunrise/dev_ws/install/racing_stage3/bin'
[19.205s] Level 1:colcon.colcon_core.environment:create_environment_scripts_only(racing_stage3)
[19.208s] INFO:colcon.colcon_core.shell:Creating package script '/home/sunrise/dev_ws/install/racing_stage3/share/racing_stage3/package.ps1'
[19.214s] INFO:colcon.colcon_core.shell:Creating package descriptor '/home/sunrise/dev_ws/install/racing_stage3/share/racing_stage3/package.dsv'
[19.218s] INFO:colcon.colcon_core.shell:Creating package script '/home/sunrise/dev_ws/install/racing_stage3/share/racing_stage3/package.sh'
[19.222s] INFO:colcon.colcon_core.shell:Creating package script '/home/sunrise/dev_ws/install/racing_stage3/share/racing_stage3/package.bash'
[19.225s] INFO:colcon.colcon_core.shell:Creating package script '/home/sunrise/dev_ws/install/racing_stage3/share/racing_stage3/package.zsh'
[19.228s] Level 1:colcon.colcon_core.environment:create_file_with_runtime_dependencies(/home/sunrise/dev_ws/install/racing_stage3/share/colcon-core/packages/racing_stage3)
[19.235s] INFO:colcon.colcon_ros.task.ament_python.build:Building ROS package in '/home/sunrise/dev_ws/src/origincar/line_follower_pkg' with build type 'ament_python'
[19.237s] Level 1:colcon.colcon_core.shell:create_environment_hook('line_follower_pkg', 'ament_prefix_path')
[19.239s] INFO:colcon.colcon_core.shell:Creating environment hook '/home/sunrise/dev_ws/install/line_follower_pkg/share/line_follower_pkg/hook/ament_prefix_path.ps1'
[19.243s] INFO:colcon.colcon_core.shell:Creating environment descriptor '/home/sunrise/dev_ws/install/line_follower_pkg/share/line_follower_pkg/hook/ament_prefix_path.dsv'
[19.249s] INFO:colcon.colcon_core.shell:Creating environment hook '/home/sunrise/dev_ws/install/line_follower_pkg/share/line_follower_pkg/hook/ament_prefix_path.sh'
[19.262s] INFO:colcon.colcon_core.shell:Skip shell extension 'powershell' for command environment: Not usable outside of PowerShell
[19.263s] DEBUG:colcon.colcon_core.shell:Skip shell extension 'dsv' for command environment
[19.318s] Level 1:colcon.colcon_core.environment:create_environment_scripts_only(origincar_description)
[19.320s] Level 1:colcon.colcon_core.environment:checking '/home/sunrise/dev_ws/install/origincar_description' for CMake module files
[19.324s] Level 1:colcon.colcon_core.environment:checking '/home/sunrise/dev_ws/install/origincar_description' for CMake config files
[19.326s] Level 1:colcon.colcon_core.shell:create_environment_hook('origincar_description', 'cmake_prefix_path')
[19.328s] INFO:colcon.colcon_core.shell:Creating environment hook '/home/sunrise/dev_ws/install/origincar_description/share/origincar_description/hook/cmake_prefix_path.ps1'
[19.332s] DEBUG:colcon.colcon_core.event_handler.log_command:Invoked command in '/home/sunrise/dev_ws/build/origincar_description' returned '0': CMAKE_PREFIX_PATH=${CMAKE_PREFIX_PATH}:/home/sunrise/dev_ws/install/racing_stage2:/home/sunrise/dev_ws/install/racing_stage1:/home/sunrise/dev_ws/install/qr_scanner:/home/sunrise/dev_ws/install/bno055:/opt/tros/humble:/opt/ros/humble /usr/bin/cmake --install /home/sunrise/dev_ws/build/origincar_description
[19.334s] INFO:colcon.colcon_core.shell:Creating environment descriptor '/home/sunrise/dev_ws/install/origincar_description/share/origincar_description/hook/cmake_prefix_path.dsv'
[19.336s] INFO:colcon.colcon_core.shell:Creating environment hook '/home/sunrise/dev_ws/install/origincar_description/share/origincar_description/hook/cmake_prefix_path.sh'
[19.341s] Level 1:colcon.colcon_core.environment:checking '/home/sunrise/dev_ws/install/origincar_description/bin'
[19.342s] Level 1:colcon.colcon_core.environment:checking '/home/sunrise/dev_ws/install/origincar_description/lib/pkgconfig/origincar_description.pc'
[19.344s] Level 1:colcon.colcon_core.environment:checking '/home/sunrise/dev_ws/install/origincar_description/lib/python3.10/site-packages'
[19.347s] Level 1:colcon.colcon_core.environment:checking '/home/sunrise/dev_ws/install/origincar_description/bin'
[19.349s] INFO:colcon.colcon_core.shell:Creating package script '/home/sunrise/dev_ws/install/origincar_description/share/origincar_description/package.ps1'
[19.354s] INFO:colcon.colcon_core.shell:Creating package descriptor '/home/sunrise/dev_ws/install/origincar_description/share/origincar_description/package.dsv'
[19.357s] INFO:colcon.colcon_core.shell:Creating package script '/home/sunrise/dev_ws/install/origincar_description/share/origincar_description/package.sh'
[19.360s] INFO:colcon.colcon_core.shell:Creating package script '/home/sunrise/dev_ws/install/origincar_description/share/origincar_description/package.bash'
[19.363s] INFO:colcon.colcon_core.shell:Creating package script '/home/sunrise/dev_ws/install/origincar_description/share/origincar_description/package.zsh'
[19.366s] Level 1:colcon.colcon_core.environment:create_file_with_runtime_dependencies(/home/sunrise/dev_ws/install/origincar_description/share/colcon-core/packages/origincar_description)
[19.370s] Level 1:colcon.colcon_core.environment:create_environment_scripts_only(origincar_description)
[19.372s] Level 1:colcon.colcon_core.environment:checking '/home/sunrise/dev_ws/install/origincar_description' for CMake module files
[19.376s] Level 1:colcon.colcon_core.environment:checking '/home/sunrise/dev_ws/install/origincar_description' for CMake config files
[19.378s] Level 1:colcon.colcon_core.shell:create_environment_hook('origincar_description', 'cmake_prefix_path')
[19.381s] INFO:colcon.colcon_core.shell:Creating environment hook '/home/sunrise/dev_ws/install/origincar_description/share/origincar_description/hook/cmake_prefix_path.ps1'
[19.387s] INFO:colcon.colcon_core.shell:Creating environment descriptor '/home/sunrise/dev_ws/install/origincar_description/share/origincar_description/hook/cmake_prefix_path.dsv'
[19.392s] INFO:colcon.colcon_core.shell:Creating environment hook '/home/sunrise/dev_ws/install/origincar_description/share/origincar_description/hook/cmake_prefix_path.sh'
[19.401s] Level 1:colcon.colcon_core.environment:checking '/home/sunrise/dev_ws/install/origincar_description/bin'
[19.402s] Level 1:colcon.colcon_core.environment:checking '/home/sunrise/dev_ws/install/origincar_description/lib/pkgconfig/origincar_description.pc'
[19.403s] Level 1:colcon.colcon_core.environment:checking '/home/sunrise/dev_ws/install/origincar_description/lib/python3.10/site-packages'
[19.406s] Level 1:colcon.colcon_core.environment:checking '/home/sunrise/dev_ws/install/origincar_description/bin'
[19.409s] INFO:colcon.colcon_core.shell:Creating package script '/home/sunrise/dev_ws/install/origincar_description/share/origincar_description/package.ps1'
[19.417s] INFO:colcon.colcon_core.shell:Creating package descriptor '/home/sunrise/dev_ws/install/origincar_description/share/origincar_description/package.dsv'
[19.433s] INFO:colcon.colcon_core.shell:Creating package script '/home/sunrise/dev_ws/install/origincar_description/share/origincar_description/package.sh'
[19.438s] INFO:colcon.colcon_core.shell:Creating package script '/home/sunrise/dev_ws/install/origincar_description/share/origincar_description/package.bash'
[19.464s] INFO:colcon.colcon_core.shell:Creating package script '/home/sunrise/dev_ws/install/origincar_description/share/origincar_description/package.zsh'
[19.468s] Level 1:colcon.colcon_core.environment:create_file_with_runtime_dependencies(/home/sunrise/dev_ws/install/origincar_description/share/colcon-core/packages/origincar_description)
[19.474s] INFO:colcon.colcon_core.task.python.build:Building Python package in '/home/sunrise/dev_ws/src/racing/racing_stage2_param_test'
[19.476s] INFO:colcon.colcon_core.shell:Skip shell extension 'powershell' for command environment: Not usable outside of PowerShell
[19.477s] DEBUG:colcon.colcon_core.shell:Skip shell extension 'dsv' for command environment
[21.716s] INFO:colcon.colcon_core.task.python.build:Building Python package in '/home/sunrise/dev_ws/src/origincar/line_follower_pkg'
[21.718s] INFO:colcon.colcon_core.shell:Skip shell extension 'powershell' for command environment: Not usable outside of PowerShell
[21.718s] DEBUG:colcon.colcon_core.shell:Skip shell extension 'dsv' for command environment
[23.658s] Level 1:colcon.colcon_core.shell:create_environment_hook('qr_scanner', 'pythonpath_develop')
[23.660s] INFO:colcon.colcon_core.shell:Creating environment hook '/home/sunrise/dev_ws/build/qr_scanner/share/qr_scanner/hook/pythonpath_develop.ps1'
[23.662s] DEBUG:colcon.colcon_core.event_handler.log_command:Invoked command in '/home/sunrise/dev_ws/build/qr_scanner' returned '0': PYTHONPATH=/home/sunrise/dev_ws/build/qr_scanner/prefix_override:/usr/lib/python3/dist-packages/colcon_core/task/python/colcon_distutils_commands:/home/sunrise/dev_ws/install/qr_scanner/lib/python3.10/site-packages:${PYTHONPATH} /usr/bin/python3 -W ignore:setup.py install is deprecated -W ignore:easy_install command is deprecated setup.py develop --editable --build-directory /home/sunrise/dev_ws/build/qr_scanner/build --no-deps symlink_data
[23.665s] INFO:colcon.colcon_core.shell:Creating environment descriptor '/home/sunrise/dev_ws/build/qr_scanner/share/qr_scanner/hook/pythonpath_develop.dsv'
[23.667s] INFO:colcon.colcon_core.shell:Creating environment hook '/home/sunrise/dev_ws/build/qr_scanner/share/qr_scanner/hook/pythonpath_develop.sh'
[23.671s] Level 1:colcon.colcon_core.environment:checking '/home/sunrise/dev_ws/install/qr_scanner' for CMake module files
[23.674s] Level 1:colcon.colcon_core.environment:checking '/home/sunrise/dev_ws/install/qr_scanner' for CMake config files
[23.676s] Level 1:colcon.colcon_core.environment:checking '/home/sunrise/dev_ws/install/qr_scanner/lib'
[23.677s] Level 1:colcon.colcon_core.environment:checking '/home/sunrise/dev_ws/install/qr_scanner/bin'
[23.677s] Level 1:colcon.colcon_core.environment:checking '/home/sunrise/dev_ws/install/qr_scanner/lib/pkgconfig/qr_scanner.pc'
[23.679s] Level 1:colcon.colcon_core.environment:checking '/home/sunrise/dev_ws/install/qr_scanner/lib/python3.10/site-packages'
[23.679s] Level 1:colcon.colcon_core.shell:create_environment_hook('qr_scanner', 'pythonpath')
[23.681s] INFO:colcon.colcon_core.shell:Creating environment hook '/home/sunrise/dev_ws/install/qr_scanner/share/qr_scanner/hook/pythonpath.ps1'
[23.683s] INFO:colcon.colcon_core.shell:Creating environment descriptor '/home/sunrise/dev_ws/install/qr_scanner/share/qr_scanner/hook/pythonpath.dsv'
[23.686s] INFO:colcon.colcon_core.shell:Creating environment hook '/home/sunrise/dev_ws/install/qr_scanner/share/qr_scanner/hook/pythonpath.sh'
[23.691s] Level 1:colcon.colcon_core.environment:checking '/home/sunrise/dev_ws/install/qr_scanner/bin'
[23.691s] Level 1:colcon.colcon_core.environment:create_environment_scripts_only(qr_scanner)
[23.694s] INFO:colcon.colcon_core.shell:Creating package script '/home/sunrise/dev_ws/install/qr_scanner/share/qr_scanner/package.ps1'
[23.699s] INFO:colcon.colcon_core.shell:Creating package descriptor '/home/sunrise/dev_ws/install/qr_scanner/share/qr_scanner/package.dsv'
[23.702s] INFO:colcon.colcon_core.shell:Creating package script '/home/sunrise/dev_ws/install/qr_scanner/share/qr_scanner/package.sh'
[23.705s] INFO:colcon.colcon_core.shell:Creating package script '/home/sunrise/dev_ws/install/qr_scanner/share/qr_scanner/package.bash'
[23.707s] INFO:colcon.colcon_core.shell:Creating package script '/home/sunrise/dev_ws/install/qr_scanner/share/qr_scanner/package.zsh'
[23.709s] Level 1:colcon.colcon_core.environment:create_file_with_runtime_dependencies(/home/sunrise/dev_ws/install/qr_scanner/share/colcon-core/packages/qr_scanner)
[23.716s] DEBUG:colcon.colcon_core.event_handler.log_command:Invoked command in '/home/sunrise/dev_ws/build/serial' returned '0': CMAKE_PREFIX_PATH=${CMAKE_PREFIX_PATH}:/home/sunrise/dev_ws/install/racing_stage2:/home/sunrise/dev_ws/install/racing_stage1:/home/sunrise/dev_ws/install/qr_scanner:/home/sunrise/dev_ws/install/bno055:/opt/tros/humble:/opt/ros/humble /usr/bin/cmake --build /home/sunrise/dev_ws/build/serial -- -j8 -l8
[23.722s] DEBUG:colcon.colcon_core.event_handler.log_command:Invoking command in '/home/sunrise/dev_ws/build/serial': CMAKE_PREFIX_PATH=${CMAKE_PREFIX_PATH}:/home/sunrise/dev_ws/install/racing_stage2:/home/sunrise/dev_ws/install/racing_stage1:/home/sunrise/dev_ws/install/qr_scanner:/home/sunrise/dev_ws/install/bno055:/opt/tros/humble:/opt/ros/humble /usr/bin/cmake --install /home/sunrise/dev_ws/build/serial
[23.725s] DEBUG:colcon.colcon_core.event_handler.log_command:Invoked command in '/home/sunrise/dev_ws/build/ackermann_msgs' returned '0': CMAKE_PREFIX_PATH=${CMAKE_PREFIX_PATH}:/home/sunrise/dev_ws/install/racing_stage2:/home/sunrise/dev_ws/install/racing_stage1:/home/sunrise/dev_ws/install/qr_scanner:/home/sunrise/dev_ws/install/bno055:/opt/tros/humble:/opt/ros/humble /usr/bin/cmake /home/sunrise/dev_ws/src/origincar/3rdparty/ackermann_msgs-ros2 -DAMENT_CMAKE_SYMLINK_INSTALL=1 -DCMAKE_INSTALL_PREFIX=/home/sunrise/dev_ws/install/ackermann_msgs
[23.731s] DEBUG:colcon.colcon_core.event_handler.log_command:Invoking command in '/home/sunrise/dev_ws/build/ackermann_msgs': CMAKE_PREFIX_PATH=${CMAKE_PREFIX_PATH}:/home/sunrise/dev_ws/install/racing_stage2:/home/sunrise/dev_ws/install/racing_stage1:/home/sunrise/dev_ws/install/qr_scanner:/home/sunrise/dev_ws/install/bno055:/opt/tros/humble:/opt/ros/humble /usr/bin/cmake --build /home/sunrise/dev_ws/build/ackermann_msgs -- -j8 -l8
[23.735s] DEBUG:colcon.colcon_core.event_handler.log_command:Invoked command in '/home/sunrise/dev_ws/build/origincar_msg' returned '0': CMAKE_PREFIX_PATH=${CMAKE_PREFIX_PATH}:/home/sunrise/dev_ws/install/racing_stage2:/home/sunrise/dev_ws/install/racing_stage1:/home/sunrise/dev_ws/install/qr_scanner:/home/sunrise/dev_ws/install/bno055:/opt/tros/humble:/opt/ros/humble /usr/bin/cmake /home/sunrise/dev_ws/src/origincar/origincar_msg -DAMENT_CMAKE_SYMLINK_INSTALL=1 -DCMAKE_INSTALL_PREFIX=/home/sunrise/dev_ws/install/origincar_msg
[23.742s] DEBUG:colcon.colcon_core.event_handler.log_command:Invoking command in '/home/sunrise/dev_ws/build/origincar_msg': CMAKE_PREFIX_PATH=${CMAKE_PREFIX_PATH}:/home/sunrise/dev_ws/install/racing_stage2:/home/sunrise/dev_ws/install/racing_stage1:/home/sunrise/dev_ws/install/qr_scanner:/home/sunrise/dev_ws/install/bno055:/opt/tros/humble:/opt/ros/humble /usr/bin/cmake --build /home/sunrise/dev_ws/build/origincar_msg -- -j8 -l8
[23.747s] INFO:colcon.colcon_ros.task.ament_python.build:Building ROS package in '/home/sunrise/dev_ws/src/racing/racing_stage1' with build type 'ament_python'
[23.748s] Level 1:colcon.colcon_core.shell:create_environment_hook('racing_stage1', 'ament_prefix_path')
[23.751s] INFO:colcon.colcon_core.shell:Creating environment hook '/home/sunrise/dev_ws/install/racing_stage1/share/racing_stage1/hook/ament_prefix_path.ps1'
[23.757s] INFO:colcon.colcon_core.shell:Creating environment descriptor '/home/sunrise/dev_ws/install/racing_stage1/share/racing_stage1/hook/ament_prefix_path.dsv'
[23.760s] INFO:colcon.colcon_core.shell:Creating environment hook '/home/sunrise/dev_ws/install/racing_stage1/share/racing_stage1/hook/ament_prefix_path.sh'
[23.764s] INFO:colcon.colcon_core.shell:Skip shell extension 'powershell' for command environment: Not usable outside of PowerShell
[23.765s] DEBUG:colcon.colcon_core.shell:Skip shell extension 'dsv' for command environment
[23.798s] DEBUG:colcon.colcon_core.event_handler.log_command:Invoked command in '/home/sunrise/dev_ws/build/lslidar_msgs' returned '0': CMAKE_PREFIX_PATH=${CMAKE_PREFIX_PATH}:/home/sunrise/dev_ws/install/racing_stage2:/home/sunrise/dev_ws/install/racing_stage1:/home/sunrise/dev_ws/install/qr_scanner:/home/sunrise/dev_ws/install/bno055:/opt/tros/humble:/opt/ros/humble /usr/bin/cmake /home/sunrise/dev_ws/src/LSLIDAR_X_ROS2-20240228/src/lslidar_msgs -DAMENT_CMAKE_SYMLINK_INSTALL=1 -DCMAKE_INSTALL_PREFIX=/home/sunrise/dev_ws/install/lslidar_msgs
[23.810s] DEBUG:colcon.colcon_core.event_handler.log_command:Invoking command in '/home/sunrise/dev_ws/build/lslidar_msgs': CMAKE_PREFIX_PATH=${CMAKE_PREFIX_PATH}:/home/sunrise/dev_ws/install/racing_stage2:/home/sunrise/dev_ws/install/racing_stage1:/home/sunrise/dev_ws/install/qr_scanner:/home/sunrise/dev_ws/install/bno055:/opt/tros/humble:/opt/ros/humble /usr/bin/cmake --build /home/sunrise/dev_ws/build/lslidar_msgs -- -j8 -l8
[23.814s] Level 1:colcon.colcon_core.shell:create_environment_hook('bno055', 'pythonpath_develop')
[23.817s] INFO:colcon.colcon_core.shell:Creating environment hook '/home/sunrise/dev_ws/build/bno055/share/bno055/hook/pythonpath_develop.ps1'
[23.819s] DEBUG:colcon.colcon_core.event_handler.log_command:Invoked command in '/home/sunrise/dev_ws/build/bno055' returned '0': PYTHONPATH=/home/sunrise/dev_ws/build/bno055/prefix_override:/usr/lib/python3/dist-packages/colcon_core/task/python/colcon_distutils_commands:/home/sunrise/dev_ws/install/bno055/lib/python3.10/site-packages:${PYTHONPATH} /usr/bin/python3 -W ignore:setup.py install is deprecated -W ignore:easy_install command is deprecated setup.py develop --editable --build-directory /home/sunrise/dev_ws/build/bno055/build --no-deps symlink_data
[23.822s] INFO:colcon.colcon_core.shell:Creating environment descriptor '/home/sunrise/dev_ws/build/bno055/share/bno055/hook/pythonpath_develop.dsv'
[23.825s] INFO:colcon.colcon_core.shell:Creating environment hook '/home/sunrise/dev_ws/build/bno055/share/bno055/hook/pythonpath_develop.sh'
[23.830s] Level 1:colcon.colcon_core.environment:checking '/home/sunrise/dev_ws/install/bno055' for CMake module files
[23.833s] Level 1:colcon.colcon_core.environment:checking '/home/sunrise/dev_ws/install/bno055' for CMake config files
[23.836s] Level 1:colcon.colcon_core.environment:checking '/home/sunrise/dev_ws/install/bno055/lib'
[23.837s] Level 1:colcon.colcon_core.environment:checking '/home/sunrise/dev_ws/install/bno055/bin'
[23.838s] Level 1:colcon.colcon_core.environment:checking '/home/sunrise/dev_ws/install/bno055/lib/pkgconfig/bno055.pc'
[23.840s] Level 1:colcon.colcon_core.environment:checking '/home/sunrise/dev_ws/install/bno055/lib/python3.10/site-packages'
[23.840s] Level 1:colcon.colcon_core.shell:create_environment_hook('bno055', 'pythonpath')
[23.842s] INFO:colcon.colcon_core.shell:Creating environment hook '/home/sunrise/dev_ws/install/bno055/share/bno055/hook/pythonpath.ps1'
[23.846s] INFO:colcon.colcon_core.shell:Creating environment descriptor '/home/sunrise/dev_ws/install/bno055/share/bno055/hook/pythonpath.dsv'
[23.848s] INFO:colcon.colcon_core.shell:Creating environment hook '/home/sunrise/dev_ws/install/bno055/share/bno055/hook/pythonpath.sh'
[23.856s] Level 1:colcon.colcon_core.environment:checking '/home/sunrise/dev_ws/install/bno055/bin'
[23.856s] Level 1:colcon.colcon_core.environment:create_environment_scripts_only(bno055)
[23.859s] INFO:colcon.colcon_core.shell:Creating package script '/home/sunrise/dev_ws/install/bno055/share/bno055/package.ps1'
[23.864s] INFO:colcon.colcon_core.shell:Creating package descriptor '/home/sunrise/dev_ws/install/bno055/share/bno055/package.dsv'
[23.868s] INFO:colcon.colcon_core.shell:Creating package script '/home/sunrise/dev_ws/install/bno055/share/bno055/package.sh'
[23.873s] INFO:colcon.colcon_core.shell:Creating package script '/home/sunrise/dev_ws/install/bno055/share/bno055/package.bash'
[23.876s] INFO:colcon.colcon_core.shell:Creating package script '/home/sunrise/dev_ws/install/bno055/share/bno055/package.zsh'
[23.879s] Level 1:colcon.colcon_core.environment:create_file_with_runtime_dependencies(/home/sunrise/dev_ws/install/bno055/share/colcon-core/packages/bno055)
[23.912s] INFO:colcon.colcon_ros.task.ament_python.build:Building ROS package in '/home/sunrise/dev_ws/src/racing/racing_stage3_param_test' with build type 'ament_python'
[23.925s] Level 1:colcon.colcon_core.shell:create_environment_hook('racing_stage3_param_test', 'ament_prefix_path')
[23.927s] INFO:colcon.colcon_core.shell:Creating environment hook '/home/sunrise/dev_ws/install/racing_stage3_param_test/share/racing_stage3_param_test/hook/ament_prefix_path.ps1'
[23.937s] INFO:colcon.colcon_core.shell:Creating environment descriptor '/home/sunrise/dev_ws/install/racing_stage3_param_test/share/racing_stage3_param_test/hook/ament_prefix_path.dsv'
[23.951s] INFO:colcon.colcon_core.shell:Creating environment hook '/home/sunrise/dev_ws/install/racing_stage3_param_test/share/racing_stage3_param_test/hook/ament_prefix_path.sh'
[23.956s] INFO:colcon.colcon_core.shell:Skip shell extension 'powershell' for command environment: Not usable outside of PowerShell
[23.960s] DEBUG:colcon.colcon_core.shell:Skip shell extension 'dsv' for command environment
[29.013s] INFO:colcon.colcon_core.task.python.build:Building Python package in '/home/sunrise/dev_ws/src/racing/racing_stage1'
[29.014s] INFO:colcon.colcon_core.shell:Skip shell extension 'powershell' for command environment: Not usable outside of PowerShell
[29.015s] DEBUG:colcon.colcon_core.shell:Skip shell extension 'dsv' for command environment
[34.459s] INFO:colcon.colcon_core.task.python.build:Building Python package in '/home/sunrise/dev_ws/src/racing/racing_stage3_param_test'
[34.461s] INFO:colcon.colcon_core.shell:Skip shell extension 'powershell' for command environment: Not usable outside of PowerShell
[34.462s] DEBUG:colcon.colcon_core.shell:Skip shell extension 'dsv' for command environment
[34.586s] Level 1:colcon.colcon_core.environment:create_environment_scripts_only(serial)
[34.589s] Level 1:colcon.colcon_core.environment:checking '/home/sunrise/dev_ws/install/serial' for CMake module files
[34.592s] Level 1:colcon.colcon_core.environment:checking '/home/sunrise/dev_ws/install/serial' for CMake config files
[34.595s] Level 1:colcon.colcon_core.shell:create_environment_hook('serial', 'cmake_prefix_path')
[34.597s] INFO:colcon.colcon_core.shell:Creating environment hook '/home/sunrise/dev_ws/install/serial/share/serial/hook/cmake_prefix_path.ps1'
[34.601s] DEBUG:colcon.colcon_core.event_handler.log_command:Invoked command in '/home/sunrise/dev_ws/build/serial' returned '0': CMAKE_PREFIX_PATH=${CMAKE_PREFIX_PATH}:/home/sunrise/dev_ws/install/racing_stage2:/home/sunrise/dev_ws/install/racing_stage1:/home/sunrise/dev_ws/install/qr_scanner:/home/sunrise/dev_ws/install/bno055:/opt/tros/humble:/opt/ros/humble /usr/bin/cmake --install /home/sunrise/dev_ws/build/serial
[34.620s] INFO:colcon.colcon_core.shell:Creating environment descriptor '/home/sunrise/dev_ws/install/serial/share/serial/hook/cmake_prefix_path.dsv'
[34.623s] INFO:colcon.colcon_core.shell:Creating environment hook '/home/sunrise/dev_ws/install/serial/share/serial/hook/cmake_prefix_path.sh'
[34.627s] Level 1:colcon.colcon_core.environment:checking '/home/sunrise/dev_ws/install/serial/lib'
[34.628s] Level 1:colcon.colcon_core.environment:checking '/home/sunrise/dev_ws/install/serial/bin'
[34.628s] Level 1:colcon.colcon_core.environment:checking '/home/sunrise/dev_ws/install/serial/lib/pkgconfig/serial.pc'
[34.651s] Level 1:colcon.colcon_core.environment:checking '/home/sunrise/dev_ws/install/serial/lib/python3.10/site-packages'
[34.654s] Level 1:colcon.colcon_core.environment:checking '/home/sunrise/dev_ws/install/serial/bin'
[34.656s] INFO:colcon.colcon_core.shell:Creating package script '/home/sunrise/dev_ws/install/serial/share/serial/package.ps1'
[34.672s] INFO:colcon.colcon_core.shell:Creating package descriptor '/home/sunrise/dev_ws/install/serial/share/serial/package.dsv'
[34.676s] INFO:colcon.colcon_core.shell:Creating package script '/home/sunrise/dev_ws/install/serial/share/serial/package.sh'
[34.679s] INFO:colcon.colcon_core.shell:Creating package script '/home/sunrise/dev_ws/install/serial/share/serial/package.bash'
[34.703s] INFO:colcon.colcon_core.shell:Creating package script '/home/sunrise/dev_ws/install/serial/share/serial/package.zsh'
[34.706s] Level 1:colcon.colcon_core.environment:create_file_with_runtime_dependencies(/home/sunrise/dev_ws/install/serial/share/colcon-core/packages/serial)
[34.734s] Level 1:colcon.colcon_core.environment:create_environment_scripts_only(serial)
[34.736s] Level 1:colcon.colcon_core.environment:checking '/home/sunrise/dev_ws/install/serial' for CMake module files
[34.760s] Level 1:colcon.colcon_core.environment:checking '/home/sunrise/dev_ws/install/serial' for CMake config files
[34.763s] Level 1:colcon.colcon_core.shell:create_environment_hook('serial', 'cmake_prefix_path')
[34.765s] INFO:colcon.colcon_core.shell:Creating environment hook '/home/sunrise/dev_ws/install/serial/share/serial/hook/cmake_prefix_path.ps1'
[34.782s] INFO:colcon.colcon_core.shell:Creating environment descriptor '/home/sunrise/dev_ws/install/serial/share/serial/hook/cmake_prefix_path.dsv'
[34.800s] INFO:colcon.colcon_core.shell:Creating environment hook '/home/sunrise/dev_ws/install/serial/share/serial/hook/cmake_prefix_path.sh'
[34.805s] Level 1:colcon.colcon_core.environment:checking '/home/sunrise/dev_ws/install/serial/lib'
[34.820s] Level 1:colcon.colcon_core.environment:checking '/home/sunrise/dev_ws/install/serial/bin'
[34.821s] Level 1:colcon.colcon_core.environment:checking '/home/sunrise/dev_ws/install/serial/lib/pkgconfig/serial.pc'
[34.823s] Level 1:colcon.colcon_core.environment:checking '/home/sunrise/dev_ws/install/serial/lib/python3.10/site-packages'
[34.826s] Level 1:colcon.colcon_core.environment:checking '/home/sunrise/dev_ws/install/serial/bin'
[34.828s] INFO:colcon.colcon_core.shell:Creating package script '/home/sunrise/dev_ws/install/serial/share/serial/package.ps1'
[34.844s] INFO:colcon.colcon_core.shell:Creating package descriptor '/home/sunrise/dev_ws/install/serial/share/serial/package.dsv'
[34.863s] INFO:colcon.colcon_core.shell:Creating package script '/home/sunrise/dev_ws/install/serial/share/serial/package.sh'
[34.930s] INFO:colcon.colcon_core.shell:Creating package script '/home/sunrise/dev_ws/install/serial/share/serial/package.bash'
[34.951s] INFO:colcon.colcon_core.shell:Creating package script '/home/sunrise/dev_ws/install/serial/share/serial/package.zsh'
[34.956s] Level 1:colcon.colcon_core.environment:create_file_with_runtime_dependencies(/home/sunrise/dev_ws/install/serial/share/colcon-core/packages/serial)
[34.975s] INFO:colcon.colcon_ros.task.ament_python.build:Building ROS package in '/home/sunrise/dev_ws/src/racing/racing_vision_ai' with build type 'ament_python'
[34.978s] Level 1:colcon.colcon_core.shell:create_environment_hook('racing_vision_ai', 'ament_prefix_path')
[34.998s] INFO:colcon.colcon_core.shell:Creating environment hook '/home/sunrise/dev_ws/install/racing_vision_ai/share/racing_vision_ai/hook/ament_prefix_path.ps1'
[35.002s] INFO:colcon.colcon_core.shell:Creating environment descriptor '/home/sunrise/dev_ws/install/racing_vision_ai/share/racing_vision_ai/hook/ament_prefix_path.dsv'
[35.041s] INFO:colcon.colcon_core.shell:Creating environment hook '/home/sunrise/dev_ws/install/racing_vision_ai/share/racing_vision_ai/hook/ament_prefix_path.sh'
[35.045s] INFO:colcon.colcon_core.shell:Skip shell extension 'powershell' for command environment: Not usable outside of PowerShell
[35.046s] DEBUG:colcon.colcon_core.shell:Skip shell extension 'dsv' for command environment
[35.236s] DEBUG:colcon.colcon_core.event_handler.log_command:Invoking command in '/home/sunrise/dev_ws/build/racing_stage2_param_test': PYTHONPATH=/home/sunrise/dev_ws/build/racing_stage2_param_test/prefix_override:/usr/lib/python3/dist-packages/colcon_core/task/python/colcon_distutils_commands:/home/sunrise/dev_ws/install/racing_stage2_param_test/lib/python3.10/site-packages:${PYTHONPATH} /usr/bin/python3 -W ignore:setup.py install is deprecated -W ignore:easy_install command is deprecated setup.py develop --editable --build-directory /home/sunrise/dev_ws/build/racing_stage2_param_test/build --no-deps symlink_data
[35.346s] DEBUG:colcon.colcon_core.event_handler.log_command:Invoking command in '/home/sunrise/dev_ws/build/line_follower_pkg': PYTHONPATH=/home/sunrise/dev_ws/build/line_follower_pkg/prefix_override:/usr/lib/python3/dist-packages/colcon_core/task/python/colcon_distutils_commands:/home/sunrise/dev_ws/install/line_follower_pkg/lib/python3.10/site-packages:${PYTHONPATH} /usr/bin/python3 -W ignore:setup.py install is deprecated -W ignore:easy_install command is deprecated setup.py develop --editable --build-directory /home/sunrise/dev_ws/build/line_follower_pkg/build --no-deps symlink_data
[45.243s] INFO:colcon.colcon_core.task.python.build:Building Python package in '/home/sunrise/dev_ws/src/racing/racing_vision_ai'
[45.245s] INFO:colcon.colcon_core.shell:Skip shell extension 'powershell' for command environment: Not usable outside of PowerShell
[45.245s] DEBUG:colcon.colcon_core.shell:Skip shell extension 'dsv' for command environment
[47.254s] DEBUG:colcon.colcon_core.event_handler.log_command:Invoking command in '/home/sunrise/dev_ws/build/racing_stage1': AMENT_PREFIX_PATH=/home/sunrise/dev_ws/install/qr_scanner:/home/sunrise/dev_ws/install/origincar_base:/home/sunrise/dev_ws/install/serial:/home/sunrise/dev_ws/install/racing_stage2:/home/sunrise/dev_ws/install/racing_stage1:/home/sunrise/dev_ws/install/origincar_msg:/home/sunrise/dev_ws/install/origincar_description:/home/sunrise/dev_ws/install/origincar_bringup:/home/sunrise/dev_ws/install/lslidar_driver:/home/sunrise/dev_ws/install/lslidar_msgs:/home/sunrise/dev_ws/install/bno055:/home/sunrise/dev_ws/install/ackermann_msgs:/opt/tros/humble:/opt/ros/humble CMAKE_PREFIX_PATH=/home/sunrise/dev_ws/install/origincar_bringup:/home/sunrise/dev_ws/install/origincar_base:/home/sunrise/dev_ws/install/serial:/home/sunrise/dev_ws/install/origincar_msg:/home/sunrise/dev_ws/install/origincar_description:/home/sunrise/dev_ws/install/lslidar_driver:/home/sunrise/dev_ws/install/lslidar_msgs:/home/sunrise/dev_ws/install/ackermann_msgs PYTHONPATH=/home/sunrise/dev_ws/build/racing_stage1/prefix_override:/usr/lib/python3/dist-packages/colcon_core/task/python/colcon_distutils_commands:/home/sunrise/dev_ws/install/racing_stage1/lib/python3.10/site-packages:/home/sunrise/dev_ws/build/qr_scanner:/home/sunrise/dev_ws/install/qr_scanner/lib/python3.10/site-packages:/home/sunrise/dev_ws/install/origincar_base/local/lib/python3.10/dist-packages:/home/sunrise/dev_ws/build/racing_stage2_param_test:/home/sunrise/dev_ws/install/racing_stage2_param_test/lib/python3.10/site-packages:/home/sunrise/dev_ws/build/racing_stage2:/home/sunrise/dev_ws/install/racing_stage2/lib/python3.10/site-packages:/home/sunrise/dev_ws/build/racing_stage1:/home/sunrise/dev_ws/install/racing_stage1/lib/python3.10/site-packages:/home/sunrise/dev_ws/install/origincar_msg/local/lib/python3.10/dist-packages:/home/sunrise/dev_ws/install/lslidar_msgs/local/lib/python3.10/dist-packages:/home/sunrise/dev_ws/build/bno055:/home/sunrise/dev_ws/install/bno055/lib/python3.10/site-packages:/home/sunrise/dev_ws/install/ackermann_msgs/local/lib/python3.10/dist-packages:/opt/tros/humble/lib/python3.10/site-packages:/opt/tros/humble/local/lib/python3.10/dist-packages:/opt/ros/humble/lib/python3.10/site-packages:/opt/ros/humble/local/lib/python3.10/dist-packages /usr/bin/python3 -W ignore:setup.py install is deprecated -W ignore:easy_install command is deprecated setup.py develop --editable --build-directory /home/sunrise/dev_ws/build/racing_stage1/build --no-deps symlink_data
[47.480s] DEBUG:colcon.colcon_core.event_handler.log_command:Invoking command in '/home/sunrise/dev_ws/build/racing_stage3_param_test': PYTHONPATH=/home/sunrise/dev_ws/build/racing_stage3_param_test/prefix_override:/usr/lib/python3/dist-packages/colcon_core/task/python/colcon_distutils_commands:/home/sunrise/dev_ws/install/racing_stage3_param_test/lib/python3.10/site-packages:${PYTHONPATH} /usr/bin/python3 -W ignore:setup.py install is deprecated -W ignore:easy_install command is deprecated setup.py develop --editable --build-directory /home/sunrise/dev_ws/build/racing_stage3_param_test/build --no-deps symlink_data
[48.344s] Level 1:colcon.colcon_core.shell:create_environment_hook('racing_stage2_param_test', 'pythonpath_develop')
[48.346s] INFO:colcon.colcon_core.shell:Creating environment hook '/home/sunrise/dev_ws/build/racing_stage2_param_test/share/racing_stage2_param_test/hook/pythonpath_develop.ps1'
[48.351s] DEBUG:colcon.colcon_core.event_handler.log_command:Invoked command in '/home/sunrise/dev_ws/build/racing_stage2_param_test' returned '0': PYTHONPATH=/home/sunrise/dev_ws/build/racing_stage2_param_test/prefix_override:/usr/lib/python3/dist-packages/colcon_core/task/python/colcon_distutils_commands:/home/sunrise/dev_ws/install/racing_stage2_param_test/lib/python3.10/site-packages:${PYTHONPATH} /usr/bin/python3 -W ignore:setup.py install is deprecated -W ignore:easy_install command is deprecated setup.py develop --editable --build-directory /home/sunrise/dev_ws/build/racing_stage2_param_test/build --no-deps symlink_data
[48.353s] INFO:colcon.colcon_core.shell:Creating environment descriptor '/home/sunrise/dev_ws/build/racing_stage2_param_test/share/racing_stage2_param_test/hook/pythonpath_develop.dsv'
[48.356s] INFO:colcon.colcon_core.shell:Creating environment hook '/home/sunrise/dev_ws/build/racing_stage2_param_test/share/racing_stage2_param_test/hook/pythonpath_develop.sh'
[48.361s] Level 1:colcon.colcon_core.environment:checking '/home/sunrise/dev_ws/install/racing_stage2_param_test' for CMake module files
[48.364s] Level 1:colcon.colcon_core.environment:checking '/home/sunrise/dev_ws/install/racing_stage2_param_test' for CMake config files
[48.367s] Level 1:colcon.colcon_core.environment:checking '/home/sunrise/dev_ws/install/racing_stage2_param_test/lib'
[48.368s] Level 1:colcon.colcon_core.environment:checking '/home/sunrise/dev_ws/install/racing_stage2_param_test/bin'
[48.369s] Level 1:colcon.colcon_core.environment:checking '/home/sunrise/dev_ws/install/racing_stage2_param_test/lib/pkgconfig/racing_stage2_param_test.pc'
[48.389s] Level 1:colcon.colcon_core.environment:checking '/home/sunrise/dev_ws/install/racing_stage2_param_test/lib/python3.10/site-packages'
[48.390s] Level 1:colcon.colcon_core.shell:create_environment_hook('racing_stage2_param_test', 'pythonpath')
[48.411s] INFO:colcon.colcon_core.shell:Creating environment hook '/home/sunrise/dev_ws/install/racing_stage2_param_test/share/racing_stage2_param_test/hook/pythonpath.ps1'
[48.414s] INFO:colcon.colcon_core.shell:Creating environment descriptor '/home/sunrise/dev_ws/install/racing_stage2_param_test/share/racing_stage2_param_test/hook/pythonpath.dsv'
[48.417s] INFO:colcon.colcon_core.shell:Creating environment hook '/home/sunrise/dev_ws/install/racing_stage2_param_test/share/racing_stage2_param_test/hook/pythonpath.sh'
[48.423s] Level 1:colcon.colcon_core.environment:checking '/home/sunrise/dev_ws/install/racing_stage2_param_test/bin'
[48.424s] Level 1:colcon.colcon_core.environment:create_environment_scripts_only(racing_stage2_param_test)
[48.427s] INFO:colcon.colcon_core.shell:Creating package script '/home/sunrise/dev_ws/install/racing_stage2_param_test/share/racing_stage2_param_test/package.ps1'
[48.453s] INFO:colcon.colcon_core.shell:Creating package descriptor '/home/sunrise/dev_ws/install/racing_stage2_param_test/share/racing_stage2_param_test/package.dsv'
[48.457s] INFO:colcon.colcon_core.shell:Creating package script '/home/sunrise/dev_ws/install/racing_stage2_param_test/share/racing_stage2_param_test/package.sh'
[48.461s] INFO:colcon.colcon_core.shell:Creating package script '/home/sunrise/dev_ws/install/racing_stage2_param_test/share/racing_stage2_param_test/package.bash'
[48.478s] INFO:colcon.colcon_core.shell:Creating package script '/home/sunrise/dev_ws/install/racing_stage2_param_test/share/racing_stage2_param_test/package.zsh'
[48.483s] Level 1:colcon.colcon_core.environment:create_file_with_runtime_dependencies(/home/sunrise/dev_ws/install/racing_stage2_param_test/share/colcon-core/packages/racing_stage2_param_test)
[48.492s] INFO:colcon.colcon_ros.task.ament_python.build:Building ROS package in '/home/sunrise/dev_ws/src/racing/simple_avoidance' with build type 'ament_python'
[48.494s] Level 1:colcon.colcon_core.shell:create_environment_hook('simple_avoidance', 'ament_prefix_path')
[48.499s] INFO:colcon.colcon_core.shell:Creating environment hook '/home/sunrise/dev_ws/install/simple_avoidance/share/simple_avoidance/hook/ament_prefix_path.ps1'
[48.513s] INFO:colcon.colcon_core.shell:Creating environment descriptor '/home/sunrise/dev_ws/install/simple_avoidance/share/simple_avoidance/hook/ament_prefix_path.dsv'
[48.516s] INFO:colcon.colcon_core.shell:Creating environment hook '/home/sunrise/dev_ws/install/simple_avoidance/share/simple_avoidance/hook/ament_prefix_path.sh'
[48.521s] INFO:colcon.colcon_core.shell:Skip shell extension 'powershell' for command environment: Not usable outside of PowerShell
[48.522s] DEBUG:colcon.colcon_core.shell:Skip shell extension 'dsv' for command environment
[53.375s] INFO:colcon.colcon_core.task.python.build:Building Python package in '/home/sunrise/dev_ws/src/racing/simple_avoidance'
[53.377s] INFO:colcon.colcon_core.shell:Skip shell extension 'powershell' for command environment: Not usable outside of PowerShell
[53.377s] DEBUG:colcon.colcon_core.shell:Skip shell extension 'dsv' for command environment
[53.494s] DEBUG:colcon.colcon_core.event_handler.log_command:Invoking command in '/home/sunrise/dev_ws/build/racing_vision_ai': PYTHONPATH=/home/sunrise/dev_ws/build/racing_vision_ai/prefix_override:/usr/lib/python3/dist-packages/colcon_core/task/python/colcon_distutils_commands:/home/sunrise/dev_ws/install/racing_vision_ai/lib/python3.10/site-packages:${PYTHONPATH} /usr/bin/python3 -W ignore:setup.py install is deprecated -W ignore:easy_install command is deprecated setup.py develop --editable --build-directory /home/sunrise/dev_ws/build/racing_vision_ai/build --no-deps symlink_data
[53.513s] Level 1:colcon.colcon_core.shell:create_environment_hook('line_follower_pkg', 'pythonpath_develop')
[53.515s] INFO:colcon.colcon_core.shell:Creating environment hook '/home/sunrise/dev_ws/build/line_follower_pkg/share/line_follower_pkg/hook/pythonpath_develop.ps1'
[53.522s] INFO:colcon.colcon_core.shell:Creating environment descriptor '/home/sunrise/dev_ws/build/line_follower_pkg/share/line_follower_pkg/hook/pythonpath_develop.dsv'
[53.524s] INFO:colcon.colcon_core.shell:Creating environment hook '/home/sunrise/dev_ws/build/line_follower_pkg/share/line_follower_pkg/hook/pythonpath_develop.sh'
[53.529s] Level 1:colcon.colcon_core.environment:checking '/home/sunrise/dev_ws/install/line_follower_pkg' for CMake module files
[53.518s] DEBUG:colcon.colcon_core.event_handler.log_command:Invoked command in '/home/sunrise/dev_ws/build/line_follower_pkg' returned '0': PYTHONPATH=/home/sunrise/dev_ws/build/line_follower_pkg/prefix_override:/usr/lib/python3/dist-packages/colcon_core/task/python/colcon_distutils_commands:/home/sunrise/dev_ws/install/line_follower_pkg/lib/python3.10/site-packages:${PYTHONPATH} /usr/bin/python3 -W ignore:setup.py install is deprecated -W ignore:easy_install command is deprecated setup.py develop --editable --build-directory /home/sunrise/dev_ws/build/line_follower_pkg/build --no-deps symlink_data
[53.538s] Level 1:colcon.colcon_core.environment:checking '/home/sunrise/dev_ws/install/line_follower_pkg' for CMake config files
[53.541s] Level 1:colcon.colcon_core.environment:checking '/home/sunrise/dev_ws/install/line_follower_pkg/lib'
[53.541s] Level 1:colcon.colcon_core.environment:checking '/home/sunrise/dev_ws/install/line_follower_pkg/bin'
[53.542s] Level 1:colcon.colcon_core.environment:checking '/home/sunrise/dev_ws/install/line_follower_pkg/lib/pkgconfig/line_follower_pkg.pc'
[53.544s] Level 1:colcon.colcon_core.environment:checking '/home/sunrise/dev_ws/install/line_follower_pkg/lib/python3.10/site-packages'
[53.544s] Level 1:colcon.colcon_core.shell:create_environment_hook('line_follower_pkg', 'pythonpath')
[53.546s] INFO:colcon.colcon_core.shell:Creating environment hook '/home/sunrise/dev_ws/install/line_follower_pkg/share/line_follower_pkg/hook/pythonpath.ps1'
[53.566s] INFO:colcon.colcon_core.shell:Creating environment descriptor '/home/sunrise/dev_ws/install/line_follower_pkg/share/line_follower_pkg/hook/pythonpath.dsv'
[53.569s] INFO:colcon.colcon_core.shell:Creating environment hook '/home/sunrise/dev_ws/install/line_follower_pkg/share/line_follower_pkg/hook/pythonpath.sh'
[53.575s] Level 1:colcon.colcon_core.environment:checking '/home/sunrise/dev_ws/install/line_follower_pkg/bin'
[53.575s] Level 1:colcon.colcon_core.environment:create_environment_scripts_only(line_follower_pkg)
[53.578s] INFO:colcon.colcon_core.shell:Creating package script '/home/sunrise/dev_ws/install/line_follower_pkg/share/line_follower_pkg/package.ps1'
[53.604s] INFO:colcon.colcon_core.shell:Creating package descriptor '/home/sunrise/dev_ws/install/line_follower_pkg/share/line_follower_pkg/package.dsv'
[53.608s] INFO:colcon.colcon_core.shell:Creating package script '/home/sunrise/dev_ws/install/line_follower_pkg/share/line_follower_pkg/package.sh'
[53.612s] INFO:colcon.colcon_core.shell:Creating package script '/home/sunrise/dev_ws/install/line_follower_pkg/share/line_follower_pkg/package.bash'
[53.615s] INFO:colcon.colcon_core.shell:Creating package script '/home/sunrise/dev_ws/install/line_follower_pkg/share/line_follower_pkg/package.zsh'
[53.618s] Level 1:colcon.colcon_core.environment:create_file_with_runtime_dependencies(/home/sunrise/dev_ws/install/line_follower_pkg/share/colcon-core/packages/line_follower_pkg)
[53.644s] INFO:colcon.colcon_ros.task.ament_cmake.build:Building ROS package in '/home/sunrise/dev_ws/src/origincar/utils' with build type 'ament_cmake'
[53.646s] INFO:colcon.colcon_cmake.task.cmake.build:Building CMake package in '/home/sunrise/dev_ws/src/origincar/utils'
[53.648s] INFO:colcon.colcon_core.shell:Skip shell extension 'powershell' for command environment: Not usable outside of PowerShell
[53.648s] DEBUG:colcon.colcon_core.shell:Skip shell extension 'dsv' for command environment
[53.764s] DEBUG:colcon.colcon_core.event_handler.log_command:Invoking command in '/home/sunrise/dev_ws/build/utils': CMAKE_PREFIX_PATH=${CMAKE_PREFIX_PATH}:/home/sunrise/dev_ws/install/racing_stage2:/home/sunrise/dev_ws/install/racing_stage1:/home/sunrise/dev_ws/install/qr_scanner:/home/sunrise/dev_ws/install/bno055:/opt/tros/humble:/opt/ros/humble /usr/bin/cmake /home/sunrise/dev_ws/src/origincar/utils -DAMENT_CMAKE_SYMLINK_INSTALL=1 -DCMAKE_INSTALL_PREFIX=/home/sunrise/dev_ws/install/utils
[54.274s] Level 1:colcon.colcon_core.shell:create_environment_hook('racing_stage1', 'pythonpath_develop')
[54.276s] INFO:colcon.colcon_core.shell:Creating environment hook '/home/sunrise/dev_ws/build/racing_stage1/share/racing_stage1/hook/pythonpath_develop.ps1'
[54.281s] DEBUG:colcon.colcon_core.event_handler.log_command:Invoked command in '/home/sunrise/dev_ws/build/racing_stage1' returned '0': AMENT_PREFIX_PATH=/home/sunrise/dev_ws/install/qr_scanner:/home/sunrise/dev_ws/install/origincar_base:/home/sunrise/dev_ws/install/serial:/home/sunrise/dev_ws/install/racing_stage2:/home/sunrise/dev_ws/install/racing_stage1:/home/sunrise/dev_ws/install/origincar_msg:/home/sunrise/dev_ws/install/origincar_description:/home/sunrise/dev_ws/install/origincar_bringup:/home/sunrise/dev_ws/install/lslidar_driver:/home/sunrise/dev_ws/install/lslidar_msgs:/home/sunrise/dev_ws/install/bno055:/home/sunrise/dev_ws/install/ackermann_msgs:/opt/tros/humble:/opt/ros/humble CMAKE_PREFIX_PATH=/home/sunrise/dev_ws/install/origincar_bringup:/home/sunrise/dev_ws/install/origincar_base:/home/sunrise/dev_ws/install/serial:/home/sunrise/dev_ws/install/origincar_msg:/home/sunrise/dev_ws/install/origincar_description:/home/sunrise/dev_ws/install/lslidar_driver:/home/sunrise/dev_ws/install/lslidar_msgs:/home/sunrise/dev_ws/install/ackermann_msgs PYTHONPATH=/home/sunrise/dev_ws/build/racing_stage1/prefix_override:/usr/lib/python3/dist-packages/colcon_core/task/python/colcon_distutils_commands:/home/sunrise/dev_ws/install/racing_stage1/lib/python3.10/site-packages:/home/sunrise/dev_ws/build/qr_scanner:/home/sunrise/dev_ws/install/qr_scanner/lib/python3.10/site-packages:/home/sunrise/dev_ws/install/origincar_base/local/lib/python3.10/dist-packages:/home/sunrise/dev_ws/build/racing_stage2_param_test:/home/sunrise/dev_ws/install/racing_stage2_param_test/lib/python3.10/site-packages:/home/sunrise/dev_ws/build/racing_stage2:/home/sunrise/dev_ws/install/racing_stage2/lib/python3.10/site-packages:/home/sunrise/dev_ws/build/racing_stage1:/home/sunrise/dev_ws/install/racing_stage1/lib/python3.10/site-packages:/home/sunrise/dev_ws/install/origincar_msg/local/lib/python3.10/dist-packages:/home/sunrise/dev_ws/install/lslidar_msgs/local/lib/python3.10/dist-packages:/home/sunrise/dev_ws/build/bno055:/home/sunrise/dev_ws/install/bno055/lib/python3.10/site-packages:/home/sunrise/dev_ws/install/ackermann_msgs/local/lib/python3.10/dist-packages:/opt/tros/humble/lib/python3.10/site-packages:/opt/tros/humble/local/lib/python3.10/dist-packages:/opt/ros/humble/lib/python3.10/site-packages:/opt/ros/humble/local/lib/python3.10/dist-packages /usr/bin/python3 -W ignore:setup.py install is deprecated -W ignore:easy_install command is deprecated setup.py develop --editable --build-directory /home/sunrise/dev_ws/build/racing_stage1/build --no-deps symlink_data
[54.284s] INFO:colcon.colcon_core.shell:Creating environment descriptor '/home/sunrise/dev_ws/build/racing_stage1/share/racing_stage1/hook/pythonpath_develop.dsv'
[54.290s] INFO:colcon.colcon_core.shell:Creating environment hook '/home/sunrise/dev_ws/build/racing_stage1/share/racing_stage1/hook/pythonpath_develop.sh'
[54.299s] Level 1:colcon.colcon_core.environment:checking '/home/sunrise/dev_ws/install/racing_stage1' for CMake module files
[54.302s] Level 1:colcon.colcon_core.environment:checking '/home/sunrise/dev_ws/install/racing_stage1' for CMake config files
[54.306s] Level 1:colcon.colcon_core.environment:checking '/home/sunrise/dev_ws/install/racing_stage1/lib'
[54.307s] Level 1:colcon.colcon_core.environment:checking '/home/sunrise/dev_ws/install/racing_stage1/bin'
[54.307s] Level 1:colcon.colcon_core.environment:checking '/home/sunrise/dev_ws/install/racing_stage1/lib/pkgconfig/racing_stage1.pc'
[54.309s] Level 1:colcon.colcon_core.environment:checking '/home/sunrise/dev_ws/install/racing_stage1/lib/python3.10/site-packages'
[54.311s] Level 1:colcon.colcon_core.shell:create_environment_hook('racing_stage1', 'pythonpath')
[54.313s] INFO:colcon.colcon_core.shell:Creating environment hook '/home/sunrise/dev_ws/install/racing_stage1/share/racing_stage1/hook/pythonpath.ps1'
[54.317s] INFO:colcon.colcon_core.shell:Creating environment descriptor '/home/sunrise/dev_ws/install/racing_stage1/share/racing_stage1/hook/pythonpath.dsv'
[54.326s] INFO:colcon.colcon_core.shell:Creating environment hook '/home/sunrise/dev_ws/install/racing_stage1/share/racing_stage1/hook/pythonpath.sh'
[54.346s] Level 1:colcon.colcon_core.environment:checking '/home/sunrise/dev_ws/install/racing_stage1/bin'
[54.347s] Level 1:colcon.colcon_core.environment:create_environment_scripts_only(racing_stage1)
[54.350s] INFO:colcon.colcon_core.shell:Creating package script '/home/sunrise/dev_ws/install/racing_stage1/share/racing_stage1/package.ps1'
[54.356s] INFO:colcon.colcon_core.shell:Creating package descriptor '/home/sunrise/dev_ws/install/racing_stage1/share/racing_stage1/package.dsv'
[54.360s] INFO:colcon.colcon_core.shell:Creating package script '/home/sunrise/dev_ws/install/racing_stage1/share/racing_stage1/package.sh'
[54.364s] INFO:colcon.colcon_core.shell:Creating package script '/home/sunrise/dev_ws/install/racing_stage1/share/racing_stage1/package.bash'
[54.370s] INFO:colcon.colcon_core.shell:Creating package script '/home/sunrise/dev_ws/install/racing_stage1/share/racing_stage1/package.zsh'
[54.373s] Level 1:colcon.colcon_core.environment:create_file_with_runtime_dependencies(/home/sunrise/dev_ws/install/racing_stage1/share/colcon-core/packages/racing_stage1)
[54.390s] INFO:colcon.colcon_ros.task.ament_python.build:Building ROS package in '/home/sunrise/dev_ws/src/racing/racing_stage2' with build type 'ament_python'
[54.394s] Level 1:colcon.colcon_core.shell:create_environment_hook('racing_stage2', 'ament_prefix_path')
[54.400s] INFO:colcon.colcon_core.shell:Creating environment hook '/home/sunrise/dev_ws/install/racing_stage2/share/racing_stage2/hook/ament_prefix_path.ps1'
[54.404s] INFO:colcon.colcon_core.shell:Creating environment descriptor '/home/sunrise/dev_ws/install/racing_stage2/share/racing_stage2/hook/ament_prefix_path.dsv'
[54.407s] INFO:colcon.colcon_core.shell:Creating environment hook '/home/sunrise/dev_ws/install/racing_stage2/share/racing_stage2/hook/ament_prefix_path.sh'
[54.415s] INFO:colcon.colcon_core.shell:Skip shell extension 'powershell' for command environment: Not usable outside of PowerShell
[54.416s] DEBUG:colcon.colcon_core.shell:Skip shell extension 'dsv' for command environment
[58.315s] INFO:colcon.colcon_core.task.python.build:Building Python package in '/home/sunrise/dev_ws/src/racing/racing_stage2'
[58.317s] INFO:colcon.colcon_core.shell:Skip shell extension 'powershell' for command environment: Not usable outside of PowerShell
[58.317s] DEBUG:colcon.colcon_core.shell:Skip shell extension 'dsv' for command environment
[58.364s] DEBUG:colcon.colcon_core.event_handler.log_command:Invoking command in '/home/sunrise/dev_ws/build/simple_avoidance': PYTHONPATH=/home/sunrise/dev_ws/build/simple_avoidance/prefix_override:/usr/lib/python3/dist-packages/colcon_core/task/python/colcon_distutils_commands:/home/sunrise/dev_ws/install/simple_avoidance/lib/python3.10/site-packages:${PYTHONPATH} /usr/bin/python3 -W ignore:setup.py install is deprecated -W ignore:easy_install command is deprecated setup.py develop --editable --build-directory /home/sunrise/dev_ws/build/simple_avoidance/build --no-deps symlink_data
[58.402s] Level 1:colcon.colcon_core.shell:create_environment_hook('racing_stage3_param_test', 'pythonpath_develop')
[58.405s] INFO:colcon.colcon_core.shell:Creating environment hook '/home/sunrise/dev_ws/build/racing_stage3_param_test/share/racing_stage3_param_test/hook/pythonpath_develop.ps1'
[58.409s] INFO:colcon.colcon_core.shell:Creating environment descriptor '/home/sunrise/dev_ws/build/racing_stage3_param_test/share/racing_stage3_param_test/hook/pythonpath_develop.dsv'
[58.418s] DEBUG:colcon.colcon_core.event_handler.log_command:Invoked command in '/home/sunrise/dev_ws/build/racing_stage3_param_test' returned '0': PYTHONPATH=/home/sunrise/dev_ws/build/racing_stage3_param_test/prefix_override:/usr/lib/python3/dist-packages/colcon_core/task/python/colcon_distutils_commands:/home/sunrise/dev_ws/install/racing_stage3_param_test/lib/python3.10/site-packages:${PYTHONPATH} /usr/bin/python3 -W ignore:setup.py install is deprecated -W ignore:easy_install command is deprecated setup.py develop --editable --build-directory /home/sunrise/dev_ws/build/racing_stage3_param_test/build --no-deps symlink_data
[58.421s] INFO:colcon.colcon_core.shell:Creating environment hook '/home/sunrise/dev_ws/build/racing_stage3_param_test/share/racing_stage3_param_test/hook/pythonpath_develop.sh'
[58.426s] Level 1:colcon.colcon_core.environment:checking '/home/sunrise/dev_ws/install/racing_stage3_param_test' for CMake module files
[58.430s] Level 1:colcon.colcon_core.environment:checking '/home/sunrise/dev_ws/install/racing_stage3_param_test' for CMake config files
[58.434s] Level 1:colcon.colcon_core.environment:checking '/home/sunrise/dev_ws/install/racing_stage3_param_test/lib'
[58.435s] Level 1:colcon.colcon_core.environment:checking '/home/sunrise/dev_ws/install/racing_stage3_param_test/bin'
[58.435s] Level 1:colcon.colcon_core.environment:checking '/home/sunrise/dev_ws/install/racing_stage3_param_test/lib/pkgconfig/racing_stage3_param_test.pc'
[58.437s] Level 1:colcon.colcon_core.environment:checking '/home/sunrise/dev_ws/install/racing_stage3_param_test/lib/python3.10/site-packages'
[58.438s] Level 1:colcon.colcon_core.shell:create_environment_hook('racing_stage3_param_test', 'pythonpath')
[58.460s] INFO:colcon.colcon_core.shell:Creating environment hook '/home/sunrise/dev_ws/install/racing_stage3_param_test/share/racing_stage3_param_test/hook/pythonpath.ps1'
[58.464s] INFO:colcon.colcon_core.shell:Creating environment descriptor '/home/sunrise/dev_ws/install/racing_stage3_param_test/share/racing_stage3_param_test/hook/pythonpath.dsv'
[58.467s] INFO:colcon.colcon_core.shell:Creating environment hook '/home/sunrise/dev_ws/install/racing_stage3_param_test/share/racing_stage3_param_test/hook/pythonpath.sh'
[58.473s] Level 1:colcon.colcon_core.environment:checking '/home/sunrise/dev_ws/install/racing_stage3_param_test/bin'
[58.474s] Level 1:colcon.colcon_core.environment:create_environment_scripts_only(racing_stage3_param_test)
[58.477s] INFO:colcon.colcon_core.shell:Creating package script '/home/sunrise/dev_ws/install/racing_stage3_param_test/share/racing_stage3_param_test/package.ps1'
[58.514s] INFO:colcon.colcon_core.shell:Creating package descriptor '/home/sunrise/dev_ws/install/racing_stage3_param_test/share/racing_stage3_param_test/package.dsv'
[58.518s] INFO:colcon.colcon_core.shell:Creating package script '/home/sunrise/dev_ws/install/racing_stage3_param_test/share/racing_stage3_param_test/package.sh'
[58.522s] INFO:colcon.colcon_core.shell:Creating package script '/home/sunrise/dev_ws/install/racing_stage3_param_test/share/racing_stage3_param_test/package.bash'
[58.526s] INFO:colcon.colcon_core.shell:Creating package script '/home/sunrise/dev_ws/install/racing_stage3_param_test/share/racing_stage3_param_test/package.zsh'
[58.529s] Level 1:colcon.colcon_core.environment:create_file_with_runtime_dependencies(/home/sunrise/dev_ws/install/racing_stage3_param_test/share/colcon-core/packages/racing_stage3_param_test)
[58.556s] INFO:colcon.colcon_ros.task.ament_cmake.build:Building ROS package in '/home/sunrise/dev_ws/src/racing/voice_driver' with build type 'ament_cmake'
[58.558s] INFO:colcon.colcon_cmake.task.cmake.build:Building CMake package in '/home/sunrise/dev_ws/src/racing/voice_driver'
[58.561s] INFO:colcon.colcon_core.shell:Skip shell extension 'powershell' for command environment: Not usable outside of PowerShell
[58.562s] DEBUG:colcon.colcon_core.shell:Skip shell extension 'dsv' for command environment
[58.717s] DEBUG:colcon.colcon_core.event_handler.log_command:Invoking command in '/home/sunrise/dev_ws/build/voice_driver': CMAKE_PREFIX_PATH=${CMAKE_PREFIX_PATH}:/home/sunrise/dev_ws/install/racing_stage2:/home/sunrise/dev_ws/install/racing_stage1:/home/sunrise/dev_ws/install/qr_scanner:/home/sunrise/dev_ws/install/bno055:/opt/tros/humble:/opt/ros/humble /usr/bin/cmake /home/sunrise/dev_ws/src/racing/voice_driver -DAMENT_CMAKE_SYMLINK_INSTALL=1 -DCMAKE_INSTALL_PREFIX=/home/sunrise/dev_ws/install/voice_driver
[59.325s] Level 1:colcon.colcon_core.shell:create_environment_hook('racing_vision_ai', 'pythonpath_develop')
[59.328s] INFO:colcon.colcon_core.shell:Creating environment hook '/home/sunrise/dev_ws/build/racing_vision_ai/share/racing_vision_ai/hook/pythonpath_develop.ps1'
[59.330s] DEBUG:colcon.colcon_core.event_handler.log_command:Invoked command in '/home/sunrise/dev_ws/build/racing_vision_ai' returned '0': PYTHONPATH=/home/sunrise/dev_ws/build/racing_vision_ai/prefix_override:/usr/lib/python3/dist-packages/colcon_core/task/python/colcon_distutils_commands:/home/sunrise/dev_ws/install/racing_vision_ai/lib/python3.10/site-packages:${PYTHONPATH} /usr/bin/python3 -W ignore:setup.py install is deprecated -W ignore:easy_install command is deprecated setup.py develop --editable --build-directory /home/sunrise/dev_ws/build/racing_vision_ai/build --no-deps symlink_data
[59.336s] INFO:colcon.colcon_core.shell:Creating environment descriptor '/home/sunrise/dev_ws/build/racing_vision_ai/share/racing_vision_ai/hook/pythonpath_develop.dsv'
[59.340s] INFO:colcon.colcon_core.shell:Creating environment hook '/home/sunrise/dev_ws/build/racing_vision_ai/share/racing_vision_ai/hook/pythonpath_develop.sh'
[59.362s] Level 1:colcon.colcon_core.environment:checking '/home/sunrise/dev_ws/install/racing_vision_ai' for CMake module files
[59.368s] Level 1:colcon.colcon_core.environment:checking '/home/sunrise/dev_ws/install/racing_vision_ai' for CMake config files
[59.375s] Level 1:colcon.colcon_core.environment:checking '/home/sunrise/dev_ws/install/racing_vision_ai/lib'
[59.377s] Level 1:colcon.colcon_core.environment:checking '/home/sunrise/dev_ws/install/racing_vision_ai/bin'
[59.381s] Level 1:colcon.colcon_core.environment:checking '/home/sunrise/dev_ws/install/racing_vision_ai/lib/pkgconfig/racing_vision_ai.pc'
[59.383s] Level 1:colcon.colcon_core.environment:checking '/home/sunrise/dev_ws/install/racing_vision_ai/lib/python3.10/site-packages'
[59.384s] Level 1:colcon.colcon_core.shell:create_environment_hook('racing_vision_ai', 'pythonpath')
[59.386s] INFO:colcon.colcon_core.shell:Creating environment hook '/home/sunrise/dev_ws/install/racing_vision_ai/share/racing_vision_ai/hook/pythonpath.ps1'
[59.389s] INFO:colcon.colcon_core.shell:Creating environment descriptor '/home/sunrise/dev_ws/install/racing_vision_ai/share/racing_vision_ai/hook/pythonpath.dsv'
[59.392s] INFO:colcon.colcon_core.shell:Creating environment hook '/home/sunrise/dev_ws/install/racing_vision_ai/share/racing_vision_ai/hook/pythonpath.sh'
[59.401s] Level 1:colcon.colcon_core.environment:checking '/home/sunrise/dev_ws/install/racing_vision_ai/bin'
[59.417s] Level 1:colcon.colcon_core.environment:create_environment_scripts_only(racing_vision_ai)
[59.420s] INFO:colcon.colcon_core.shell:Creating package script '/home/sunrise/dev_ws/install/racing_vision_ai/share/racing_vision_ai/package.ps1'
[59.425s] INFO:colcon.colcon_core.shell:Creating package descriptor '/home/sunrise/dev_ws/install/racing_vision_ai/share/racing_vision_ai/package.dsv'
[59.431s] INFO:colcon.colcon_core.shell:Creating package script '/home/sunrise/dev_ws/install/racing_vision_ai/share/racing_vision_ai/package.sh'
[59.435s] INFO:colcon.colcon_core.shell:Creating package script '/home/sunrise/dev_ws/install/racing_vision_ai/share/racing_vision_ai/package.bash'
[59.438s] INFO:colcon.colcon_core.shell:Creating package script '/home/sunrise/dev_ws/install/racing_vision_ai/share/racing_vision_ai/package.zsh'
[59.463s] Level 1:colcon.colcon_core.environment:create_file_with_runtime_dependencies(/home/sunrise/dev_ws/install/racing_vision_ai/share/colcon-core/packages/racing_vision_ai)
[62.242s] DEBUG:colcon.colcon_core.event_handler.log_command:Invoked command in '/home/sunrise/dev_ws/build/origincar_msg' returned '0': CMAKE_PREFIX_PATH=${CMAKE_PREFIX_PATH}:/home/sunrise/dev_ws/install/racing_stage2:/home/sunrise/dev_ws/install/racing_stage1:/home/sunrise/dev_ws/install/qr_scanner:/home/sunrise/dev_ws/install/bno055:/opt/tros/humble:/opt/ros/humble /usr/bin/cmake --build /home/sunrise/dev_ws/build/origincar_msg -- -j8 -l8
[62.272s] DEBUG:colcon.colcon_core.event_handler.log_command:Invoking command in '/home/sunrise/dev_ws/build/origincar_msg': CMAKE_PREFIX_PATH=${CMAKE_PREFIX_PATH}:/home/sunrise/dev_ws/install/racing_stage2:/home/sunrise/dev_ws/install/racing_stage1:/home/sunrise/dev_ws/install/qr_scanner:/home/sunrise/dev_ws/install/bno055:/opt/tros/humble:/opt/ros/humble /usr/bin/cmake --install /home/sunrise/dev_ws/build/origincar_msg
[62.365s] DEBUG:colcon.colcon_core.event_handler.log_command:Invoking command in '/home/sunrise/dev_ws/build/racing_stage2': AMENT_PREFIX_PATH=/home/sunrise/dev_ws/install/racing_stage1:/home/sunrise/dev_ws/install/qr_scanner:/home/sunrise/dev_ws/install/origincar_base:/home/sunrise/dev_ws/install/serial:/home/sunrise/dev_ws/install/racing_stage2:/home/sunrise/dev_ws/install/origincar_msg:/home/sunrise/dev_ws/install/origincar_description:/home/sunrise/dev_ws/install/origincar_bringup:/home/sunrise/dev_ws/install/lslidar_driver:/home/sunrise/dev_ws/install/lslidar_msgs:/home/sunrise/dev_ws/install/bno055:/home/sunrise/dev_ws/install/ackermann_msgs:/opt/tros/humble:/opt/ros/humble CMAKE_PREFIX_PATH=/home/sunrise/dev_ws/install/origincar_bringup:/home/sunrise/dev_ws/install/origincar_base:/home/sunrise/dev_ws/install/serial:/home/sunrise/dev_ws/install/origincar_msg:/home/sunrise/dev_ws/install/origincar_description:/home/sunrise/dev_ws/install/lslidar_driver:/home/sunrise/dev_ws/install/lslidar_msgs:/home/sunrise/dev_ws/install/ackermann_msgs PYTHONPATH=/home/sunrise/dev_ws/build/racing_stage2/prefix_override:/usr/lib/python3/dist-packages/colcon_core/task/python/colcon_distutils_commands:/home/sunrise/dev_ws/install/racing_stage2/lib/python3.10/site-packages:/home/sunrise/dev_ws/build/racing_stage1:/home/sunrise/dev_ws/install/racing_stage1/lib/python3.10/site-packages:/home/sunrise/dev_ws/build/qr_scanner:/home/sunrise/dev_ws/install/qr_scanner/lib/python3.10/site-packages:/home/sunrise/dev_ws/install/origincar_base/local/lib/python3.10/dist-packages:/home/sunrise/dev_ws/build/racing_stage2_param_test:/home/sunrise/dev_ws/install/racing_stage2_param_test/lib/python3.10/site-packages:/home/sunrise/dev_ws/build/racing_stage2:/home/sunrise/dev_ws/install/racing_stage2/lib/python3.10/site-packages:/home/sunrise/dev_ws/install/origincar_msg/local/lib/python3.10/dist-packages:/home/sunrise/dev_ws/install/lslidar_msgs/local/lib/python3.10/dist-packages:/home/sunrise/dev_ws/build/bno055:/home/sunrise/dev_ws/install/bno055/lib/python3.10/site-packages:/home/sunrise/dev_ws/install/ackermann_msgs/local/lib/python3.10/dist-packages:/opt/tros/humble/lib/python3.10/site-packages:/opt/tros/humble/local/lib/python3.10/dist-packages:/opt/ros/humble/lib/python3.10/site-packages:/opt/ros/humble/local/lib/python3.10/dist-packages /usr/bin/python3 -W ignore:setup.py install is deprecated -W ignore:easy_install command is deprecated setup.py develop --editable --build-directory /home/sunrise/dev_ws/build/racing_stage2/build --no-deps symlink_data
[63.694s] Level 1:colcon.colcon_core.shell:create_environment_hook('simple_avoidance', 'pythonpath_develop')
[63.696s] INFO:colcon.colcon_core.shell:Creating environment hook '/home/sunrise/dev_ws/build/simple_avoidance/share/simple_avoidance/hook/pythonpath_develop.ps1'
[63.699s] DEBUG:colcon.colcon_core.event_handler.log_command:Invoked command in '/home/sunrise/dev_ws/build/simple_avoidance' returned '0': PYTHONPATH=/home/sunrise/dev_ws/build/simple_avoidance/prefix_override:/usr/lib/python3/dist-packages/colcon_core/task/python/colcon_distutils_commands:/home/sunrise/dev_ws/install/simple_avoidance/lib/python3.10/site-packages:${PYTHONPATH} /usr/bin/python3 -W ignore:setup.py install is deprecated -W ignore:easy_install command is deprecated setup.py develop --editable --build-directory /home/sunrise/dev_ws/build/simple_avoidance/build --no-deps symlink_data
[63.703s] INFO:colcon.colcon_core.shell:Creating environment descriptor '/home/sunrise/dev_ws/build/simple_avoidance/share/simple_avoidance/hook/pythonpath_develop.dsv'
[63.706s] INFO:colcon.colcon_core.shell:Creating environment hook '/home/sunrise/dev_ws/build/simple_avoidance/share/simple_avoidance/hook/pythonpath_develop.sh'
[63.711s] Level 1:colcon.colcon_core.environment:checking '/home/sunrise/dev_ws/install/simple_avoidance' for CMake module files
[63.714s] Level 1:colcon.colcon_core.environment:checking '/home/sunrise/dev_ws/install/simple_avoidance' for CMake config files
[63.717s] Level 1:colcon.colcon_core.environment:checking '/home/sunrise/dev_ws/install/simple_avoidance/lib'
[63.718s] Level 1:colcon.colcon_core.environment:checking '/home/sunrise/dev_ws/install/simple_avoidance/bin'
[63.719s] Level 1:colcon.colcon_core.environment:checking '/home/sunrise/dev_ws/install/simple_avoidance/lib/pkgconfig/simple_avoidance.pc'
[63.721s] Level 1:colcon.colcon_core.environment:checking '/home/sunrise/dev_ws/install/simple_avoidance/lib/python3.10/site-packages'
[63.721s] Level 1:colcon.colcon_core.shell:create_environment_hook('simple_avoidance', 'pythonpath')
[63.725s] INFO:colcon.colcon_core.shell:Creating environment hook '/home/sunrise/dev_ws/install/simple_avoidance/share/simple_avoidance/hook/pythonpath.ps1'
[63.728s] INFO:colcon.colcon_core.shell:Creating environment descriptor '/home/sunrise/dev_ws/install/simple_avoidance/share/simple_avoidance/hook/pythonpath.dsv'
[63.731s] INFO:colcon.colcon_core.shell:Creating environment hook '/home/sunrise/dev_ws/install/simple_avoidance/share/simple_avoidance/hook/pythonpath.sh'
[63.737s] Level 1:colcon.colcon_core.environment:checking '/home/sunrise/dev_ws/install/simple_avoidance/bin'
[63.737s] Level 1:colcon.colcon_core.environment:create_environment_scripts_only(simple_avoidance)
[63.741s] INFO:colcon.colcon_core.shell:Creating package script '/home/sunrise/dev_ws/install/simple_avoidance/share/simple_avoidance/package.ps1'
[63.746s] INFO:colcon.colcon_core.shell:Creating package descriptor '/home/sunrise/dev_ws/install/simple_avoidance/share/simple_avoidance/package.dsv'
[63.750s] INFO:colcon.colcon_core.shell:Creating package script '/home/sunrise/dev_ws/install/simple_avoidance/share/simple_avoidance/package.sh'
[63.754s] INFO:colcon.colcon_core.shell:Creating package script '/home/sunrise/dev_ws/install/simple_avoidance/share/simple_avoidance/package.bash'
[63.757s] INFO:colcon.colcon_core.shell:Creating package script '/home/sunrise/dev_ws/install/simple_avoidance/share/simple_avoidance/package.zsh'
[63.760s] Level 1:colcon.colcon_core.environment:create_file_with_runtime_dependencies(/home/sunrise/dev_ws/install/simple_avoidance/share/colcon-core/packages/simple_avoidance)
[65.985s] DEBUG:colcon.colcon_core.event_handler.log_command:Invoked command in '/home/sunrise/dev_ws/build/utils' returned '0': CMAKE_PREFIX_PATH=${CMAKE_PREFIX_PATH}:/home/sunrise/dev_ws/install/racing_stage2:/home/sunrise/dev_ws/install/racing_stage1:/home/sunrise/dev_ws/install/qr_scanner:/home/sunrise/dev_ws/install/bno055:/opt/tros/humble:/opt/ros/humble /usr/bin/cmake /home/sunrise/dev_ws/src/origincar/utils -DAMENT_CMAKE_SYMLINK_INSTALL=1 -DCMAKE_INSTALL_PREFIX=/home/sunrise/dev_ws/install/utils
[65.988s] DEBUG:colcon.colcon_core.event_handler.log_command:Invoking command in '/home/sunrise/dev_ws/build/utils': CMAKE_PREFIX_PATH=${CMAKE_PREFIX_PATH}:/home/sunrise/dev_ws/install/racing_stage2:/home/sunrise/dev_ws/install/racing_stage1:/home/sunrise/dev_ws/install/qr_scanner:/home/sunrise/dev_ws/install/bno055:/opt/tros/humble:/opt/ros/humble /usr/bin/cmake --build /home/sunrise/dev_ws/build/utils -- -j8 -l8
[67.499s] DEBUG:colcon.colcon_core.event_handler.log_command:Invoked command in '/home/sunrise/dev_ws/build/ackermann_msgs' returned '0': CMAKE_PREFIX_PATH=${CMAKE_PREFIX_PATH}:/home/sunrise/dev_ws/install/racing_stage2:/home/sunrise/dev_ws/install/racing_stage1:/home/sunrise/dev_ws/install/qr_scanner:/home/sunrise/dev_ws/install/bno055:/opt/tros/humble:/opt/ros/humble /usr/bin/cmake --build /home/sunrise/dev_ws/build/ackermann_msgs -- -j8 -l8
[67.502s] DEBUG:colcon.colcon_core.event_handler.log_command:Invoking command in '/home/sunrise/dev_ws/build/ackermann_msgs': CMAKE_PREFIX_PATH=${CMAKE_PREFIX_PATH}:/home/sunrise/dev_ws/install/racing_stage2:/home/sunrise/dev_ws/install/racing_stage1:/home/sunrise/dev_ws/install/qr_scanner:/home/sunrise/dev_ws/install/bno055:/opt/tros/humble:/opt/ros/humble /usr/bin/cmake --install /home/sunrise/dev_ws/build/ackermann_msgs
[67.709s] Level 1:colcon.colcon_core.environment:create_environment_scripts_only(origincar_msg)
[67.711s] Level 1:colcon.colcon_core.environment:checking '/home/sunrise/dev_ws/install/origincar_msg' for CMake module files
[67.716s] Level 1:colcon.colcon_core.environment:checking '/home/sunrise/dev_ws/install/origincar_msg' for CMake config files
[67.719s] Level 1:colcon.colcon_core.shell:create_environment_hook('origincar_msg', 'cmake_prefix_path')
[67.721s] INFO:colcon.colcon_core.shell:Creating environment hook '/home/sunrise/dev_ws/install/origincar_msg/share/origincar_msg/hook/cmake_prefix_path.ps1'
[67.724s] INFO:colcon.colcon_core.shell:Creating environment descriptor '/home/sunrise/dev_ws/install/origincar_msg/share/origincar_msg/hook/cmake_prefix_path.dsv'
[67.727s] INFO:colcon.colcon_core.shell:Creating environment hook '/home/sunrise/dev_ws/install/origincar_msg/share/origincar_msg/hook/cmake_prefix_path.sh'
[67.731s] DEBUG:colcon.colcon_core.event_handler.log_command:Invoked command in '/home/sunrise/dev_ws/build/origincar_msg' returned '0': CMAKE_PREFIX_PATH=${CMAKE_PREFIX_PATH}:/home/sunrise/dev_ws/install/racing_stage2:/home/sunrise/dev_ws/install/racing_stage1:/home/sunrise/dev_ws/install/qr_scanner:/home/sunrise/dev_ws/install/bno055:/opt/tros/humble:/opt/ros/humble /usr/bin/cmake --install /home/sunrise/dev_ws/build/origincar_msg
[67.734s] Level 1:colcon.colcon_core.environment:checking '/home/sunrise/dev_ws/install/origincar_msg/lib'
[67.736s] Level 1:colcon.colcon_core.shell:create_environment_hook('origincar_msg', 'ld_library_path_lib')
[67.737s] INFO:colcon.colcon_core.shell:Creating environment hook '/home/sunrise/dev_ws/install/origincar_msg/share/origincar_msg/hook/ld_library_path_lib.ps1'
[67.740s] INFO:colcon.colcon_core.shell:Creating environment descriptor '/home/sunrise/dev_ws/install/origincar_msg/share/origincar_msg/hook/ld_library_path_lib.dsv'
[67.743s] INFO:colcon.colcon_core.shell:Creating environment hook '/home/sunrise/dev_ws/install/origincar_msg/share/origincar_msg/hook/ld_library_path_lib.sh'
[67.746s] Level 1:colcon.colcon_core.environment:checking '/home/sunrise/dev_ws/install/origincar_msg/bin'
[67.747s] Level 1:colcon.colcon_core.environment:checking '/home/sunrise/dev_ws/install/origincar_msg/lib/pkgconfig/origincar_msg.pc'
[67.749s] Level 1:colcon.colcon_core.environment:checking '/home/sunrise/dev_ws/install/origincar_msg/lib/python3.10/site-packages'
[67.752s] Level 1:colcon.colcon_core.environment:checking '/home/sunrise/dev_ws/install/origincar_msg/bin'
[67.754s] INFO:colcon.colcon_core.shell:Creating package script '/home/sunrise/dev_ws/install/origincar_msg/share/origincar_msg/package.ps1'
[67.759s] INFO:colcon.colcon_core.shell:Creating package descriptor '/home/sunrise/dev_ws/install/origincar_msg/share/origincar_msg/package.dsv'
[67.762s] INFO:colcon.colcon_core.shell:Creating package script '/home/sunrise/dev_ws/install/origincar_msg/share/origincar_msg/package.sh'
[67.766s] INFO:colcon.colcon_core.shell:Creating package script '/home/sunrise/dev_ws/install/origincar_msg/share/origincar_msg/package.bash'
[67.768s] INFO:colcon.colcon_core.shell:Creating package script '/home/sunrise/dev_ws/install/origincar_msg/share/origincar_msg/package.zsh'
[67.771s] Level 1:colcon.colcon_core.environment:create_file_with_runtime_dependencies(/home/sunrise/dev_ws/install/origincar_msg/share/colcon-core/packages/origincar_msg)
[67.776s] Level 1:colcon.colcon_core.environment:create_environment_scripts_only(origincar_msg)
[67.778s] Level 1:colcon.colcon_core.environment:checking '/home/sunrise/dev_ws/install/origincar_msg' for CMake module files
[67.784s] Level 1:colcon.colcon_core.environment:checking '/home/sunrise/dev_ws/install/origincar_msg' for CMake config files
[67.787s] Level 1:colcon.colcon_core.shell:create_environment_hook('origincar_msg', 'cmake_prefix_path')
[67.789s] INFO:colcon.colcon_core.shell:Creating environment hook '/home/sunrise/dev_ws/install/origincar_msg/share/origincar_msg/hook/cmake_prefix_path.ps1'
[67.792s] INFO:colcon.colcon_core.shell:Creating environment descriptor '/home/sunrise/dev_ws/install/origincar_msg/share/origincar_msg/hook/cmake_prefix_path.dsv'
[67.795s] INFO:colcon.colcon_core.shell:Creating environment hook '/home/sunrise/dev_ws/install/origincar_msg/share/origincar_msg/hook/cmake_prefix_path.sh'
[67.799s] Level 1:colcon.colcon_core.environment:checking '/home/sunrise/dev_ws/install/origincar_msg/lib'
[67.800s] Level 1:colcon.colcon_core.shell:create_environment_hook('origincar_msg', 'ld_library_path_lib')
[67.802s] INFO:colcon.colcon_core.shell:Creating environment hook '/home/sunrise/dev_ws/install/origincar_msg/share/origincar_msg/hook/ld_library_path_lib.ps1'
[67.806s] INFO:colcon.colcon_core.shell:Creating environment descriptor '/home/sunrise/dev_ws/install/origincar_msg/share/origincar_msg/hook/ld_library_path_lib.dsv'
[67.810s] INFO:colcon.colcon_core.shell:Creating environment hook '/home/sunrise/dev_ws/install/origincar_msg/share/origincar_msg/hook/ld_library_path_lib.sh'
[67.813s] Level 1:colcon.colcon_core.environment:checking '/home/sunrise/dev_ws/install/origincar_msg/bin'
[67.814s] Level 1:colcon.colcon_core.environment:checking '/home/sunrise/dev_ws/install/origincar_msg/lib/pkgconfig/origincar_msg.pc'
[67.815s] Level 1:colcon.colcon_core.environment:checking '/home/sunrise/dev_ws/install/origincar_msg/lib/python3.10/site-packages'
[67.818s] Level 1:colcon.colcon_core.environment:checking '/home/sunrise/dev_ws/install/origincar_msg/bin'
[67.821s] INFO:colcon.colcon_core.shell:Creating package script '/home/sunrise/dev_ws/install/origincar_msg/share/origincar_msg/package.ps1'
[67.827s] INFO:colcon.colcon_core.shell:Creating package descriptor '/home/sunrise/dev_ws/install/origincar_msg/share/origincar_msg/package.dsv'
[67.831s] INFO:colcon.colcon_core.shell:Creating package script '/home/sunrise/dev_ws/install/origincar_msg/share/origincar_msg/package.sh'
[67.834s] INFO:colcon.colcon_core.shell:Creating package script '/home/sunrise/dev_ws/install/origincar_msg/share/origincar_msg/package.bash'
[67.841s] INFO:colcon.colcon_core.shell:Creating package script '/home/sunrise/dev_ws/install/origincar_msg/share/origincar_msg/package.zsh'
[67.844s] Level 1:colcon.colcon_core.environment:create_file_with_runtime_dependencies(/home/sunrise/dev_ws/install/origincar_msg/share/colcon-core/packages/origincar_msg)
[67.850s] Level 1:colcon.colcon_core.shell:create_environment_hook('racing_stage2', 'pythonpath_develop')
[67.852s] INFO:colcon.colcon_core.shell:Creating environment hook '/home/sunrise/dev_ws/build/racing_stage2/share/racing_stage2/hook/pythonpath_develop.ps1'
[67.857s] INFO:colcon.colcon_core.shell:Creating environment descriptor '/home/sunrise/dev_ws/build/racing_stage2/share/racing_stage2/hook/pythonpath_develop.dsv'
[67.858s] DEBUG:colcon.colcon_core.event_handler.log_command:Invoked command in '/home/sunrise/dev_ws/build/racing_stage2' returned '0': AMENT_PREFIX_PATH=/home/sunrise/dev_ws/install/racing_stage1:/home/sunrise/dev_ws/install/qr_scanner:/home/sunrise/dev_ws/install/origincar_base:/home/sunrise/dev_ws/install/serial:/home/sunrise/dev_ws/install/racing_stage2:/home/sunrise/dev_ws/install/origincar_msg:/home/sunrise/dev_ws/install/origincar_description:/home/sunrise/dev_ws/install/origincar_bringup:/home/sunrise/dev_ws/install/lslidar_driver:/home/sunrise/dev_ws/install/lslidar_msgs:/home/sunrise/dev_ws/install/bno055:/home/sunrise/dev_ws/install/ackermann_msgs:/opt/tros/humble:/opt/ros/humble CMAKE_PREFIX_PATH=/home/sunrise/dev_ws/install/origincar_bringup:/home/sunrise/dev_ws/install/origincar_base:/home/sunrise/dev_ws/install/serial:/home/sunrise/dev_ws/install/origincar_msg:/home/sunrise/dev_ws/install/origincar_description:/home/sunrise/dev_ws/install/lslidar_driver:/home/sunrise/dev_ws/install/lslidar_msgs:/home/sunrise/dev_ws/install/ackermann_msgs PYTHONPATH=/home/sunrise/dev_ws/build/racing_stage2/prefix_override:/usr/lib/python3/dist-packages/colcon_core/task/python/colcon_distutils_commands:/home/sunrise/dev_ws/install/racing_stage2/lib/python3.10/site-packages:/home/sunrise/dev_ws/build/racing_stage1:/home/sunrise/dev_ws/install/racing_stage1/lib/python3.10/site-packages:/home/sunrise/dev_ws/build/qr_scanner:/home/sunrise/dev_ws/install/qr_scanner/lib/python3.10/site-packages:/home/sunrise/dev_ws/install/origincar_base/local/lib/python3.10/dist-packages:/home/sunrise/dev_ws/build/racing_stage2_param_test:/home/sunrise/dev_ws/install/racing_stage2_param_test/lib/python3.10/site-packages:/home/sunrise/dev_ws/build/racing_stage2:/home/sunrise/dev_ws/install/racing_stage2/lib/python3.10/site-packages:/home/sunrise/dev_ws/install/origincar_msg/local/lib/python3.10/dist-packages:/home/sunrise/dev_ws/install/lslidar_msgs/local/lib/python3.10/dist-packages:/home/sunrise/dev_ws/build/bno055:/home/sunrise/dev_ws/install/bno055/lib/python3.10/site-packages:/home/sunrise/dev_ws/install/ackermann_msgs/local/lib/python3.10/dist-packages:/opt/tros/humble/lib/python3.10/site-packages:/opt/tros/humble/local/lib/python3.10/dist-packages:/opt/ros/humble/lib/python3.10/site-packages:/opt/ros/humble/local/lib/python3.10/dist-packages /usr/bin/python3 -W ignore:setup.py install is deprecated -W ignore:easy_install command is deprecated setup.py develop --editable --build-directory /home/sunrise/dev_ws/build/racing_stage2/build --no-deps symlink_data
[67.860s] INFO:colcon.colcon_core.shell:Creating environment hook '/home/sunrise/dev_ws/build/racing_stage2/share/racing_stage2/hook/pythonpath_develop.sh'
[67.865s] Level 1:colcon.colcon_core.environment:checking '/home/sunrise/dev_ws/install/racing_stage2' for CMake module files
[67.869s] Level 1:colcon.colcon_core.environment:checking '/home/sunrise/dev_ws/install/racing_stage2' for CMake config files
[67.872s] Level 1:colcon.colcon_core.environment:checking '/home/sunrise/dev_ws/install/racing_stage2/lib'
[67.873s] Level 1:colcon.colcon_core.environment:checking '/home/sunrise/dev_ws/install/racing_stage2/bin'
[67.873s] Level 1:colcon.colcon_core.environment:checking '/home/sunrise/dev_ws/install/racing_stage2/lib/pkgconfig/racing_stage2.pc'
[67.875s] Level 1:colcon.colcon_core.environment:checking '/home/sunrise/dev_ws/install/racing_stage2/lib/python3.10/site-packages'
[67.875s] Level 1:colcon.colcon_core.shell:create_environment_hook('racing_stage2', 'pythonpath')
[67.877s] INFO:colcon.colcon_core.shell:Creating environment hook '/home/sunrise/dev_ws/install/racing_stage2/share/racing_stage2/hook/pythonpath.ps1'
[67.880s] INFO:colcon.colcon_core.shell:Creating environment descriptor '/home/sunrise/dev_ws/install/racing_stage2/share/racing_stage2/hook/pythonpath.dsv'
[67.883s] INFO:colcon.colcon_core.shell:Creating environment hook '/home/sunrise/dev_ws/install/racing_stage2/share/racing_stage2/hook/pythonpath.sh'
[67.888s] Level 1:colcon.colcon_core.environment:checking '/home/sunrise/dev_ws/install/racing_stage2/bin'
[67.889s] Level 1:colcon.colcon_core.environment:create_environment_scripts_only(racing_stage2)
[67.892s] INFO:colcon.colcon_core.shell:Creating package script '/home/sunrise/dev_ws/install/racing_stage2/share/racing_stage2/package.ps1'
[67.897s] INFO:colcon.colcon_core.shell:Creating package descriptor '/home/sunrise/dev_ws/install/racing_stage2/share/racing_stage2/package.dsv'
[67.900s] INFO:colcon.colcon_core.shell:Creating package script '/home/sunrise/dev_ws/install/racing_stage2/share/racing_stage2/package.sh'
[67.904s] INFO:colcon.colcon_core.shell:Creating package script '/home/sunrise/dev_ws/install/racing_stage2/share/racing_stage2/package.bash'
[67.907s] INFO:colcon.colcon_core.shell:Creating package script '/home/sunrise/dev_ws/install/racing_stage2/share/racing_stage2/package.zsh'
[67.911s] Level 1:colcon.colcon_core.environment:create_file_with_runtime_dependencies(/home/sunrise/dev_ws/install/racing_stage2/share/colcon-core/packages/racing_stage2)
[67.913s] INFO:colcon.colcon_ros.task.ament_python.build:Building ROS package in '/home/sunrise/dev_ws/src/racing/racing_bringup' with build type 'ament_python'
[67.914s] Level 1:colcon.colcon_core.shell:create_environment_hook('racing_bringup', 'ament_prefix_path')
[67.916s] INFO:colcon.colcon_core.shell:Creating environment hook '/home/sunrise/dev_ws/install/racing_bringup/share/racing_bringup/hook/ament_prefix_path.ps1'
[67.921s] INFO:colcon.colcon_core.shell:Creating environment descriptor '/home/sunrise/dev_ws/install/racing_bringup/share/racing_bringup/hook/ament_prefix_path.dsv'
[67.924s] INFO:colcon.colcon_core.shell:Creating environment hook '/home/sunrise/dev_ws/install/racing_bringup/share/racing_bringup/hook/ament_prefix_path.sh'
[67.928s] INFO:colcon.colcon_core.shell:Skip shell extension 'powershell' for command environment: Not usable outside of PowerShell
[67.929s] DEBUG:colcon.colcon_core.shell:Skip shell extension 'dsv' for command environment
[70.379s] INFO:colcon.colcon_core.task.python.build:Building Python package in '/home/sunrise/dev_ws/src/racing/racing_bringup'
[70.381s] INFO:colcon.colcon_core.shell:Skip shell extension 'powershell' for command environment: Not usable outside of PowerShell
[70.381s] DEBUG:colcon.colcon_core.shell:Skip shell extension 'dsv' for command environment
[71.771s] Level 1:colcon.colcon_core.environment:create_environment_scripts_only(ackermann_msgs)
[71.773s] Level 1:colcon.colcon_core.environment:checking '/home/sunrise/dev_ws/install/ackermann_msgs' for CMake module files
[71.776s] DEBUG:colcon.colcon_core.event_handler.log_command:Invoked command in '/home/sunrise/dev_ws/build/ackermann_msgs' returned '0': CMAKE_PREFIX_PATH=${CMAKE_PREFIX_PATH}:/home/sunrise/dev_ws/install/racing_stage2:/home/sunrise/dev_ws/install/racing_stage1:/home/sunrise/dev_ws/install/qr_scanner:/home/sunrise/dev_ws/install/bno055:/opt/tros/humble:/opt/ros/humble /usr/bin/cmake --install /home/sunrise/dev_ws/build/ackermann_msgs
[71.781s] Level 1:colcon.colcon_core.environment:checking '/home/sunrise/dev_ws/install/ackermann_msgs' for CMake config files
[71.784s] Level 1:colcon.colcon_core.shell:create_environment_hook('ackermann_msgs', 'cmake_prefix_path')
[71.786s] INFO:colcon.colcon_core.shell:Creating environment hook '/home/sunrise/dev_ws/install/ackermann_msgs/share/ackermann_msgs/hook/cmake_prefix_path.ps1'
[71.789s] INFO:colcon.colcon_core.shell:Creating environment descriptor '/home/sunrise/dev_ws/install/ackermann_msgs/share/ackermann_msgs/hook/cmake_prefix_path.dsv'
[71.792s] INFO:colcon.colcon_core.shell:Creating environment hook '/home/sunrise/dev_ws/install/ackermann_msgs/share/ackermann_msgs/hook/cmake_prefix_path.sh'
[71.796s] Level 1:colcon.colcon_core.environment:checking '/home/sunrise/dev_ws/install/ackermann_msgs/lib'
[71.797s] Level 1:colcon.colcon_core.shell:create_environment_hook('ackermann_msgs', 'ld_library_path_lib')
[71.799s] INFO:colcon.colcon_core.shell:Creating environment hook '/home/sunrise/dev_ws/install/ackermann_msgs/share/ackermann_msgs/hook/ld_library_path_lib.ps1'
[71.802s] INFO:colcon.colcon_core.shell:Creating environment descriptor '/home/sunrise/dev_ws/install/ackermann_msgs/share/ackermann_msgs/hook/ld_library_path_lib.dsv'
[71.805s] INFO:colcon.colcon_core.shell:Creating environment hook '/home/sunrise/dev_ws/install/ackermann_msgs/share/ackermann_msgs/hook/ld_library_path_lib.sh'
[71.808s] Level 1:colcon.colcon_core.environment:checking '/home/sunrise/dev_ws/install/ackermann_msgs/bin'
[71.809s] Level 1:colcon.colcon_core.environment:checking '/home/sunrise/dev_ws/install/ackermann_msgs/lib/pkgconfig/ackermann_msgs.pc'
[71.810s] Level 1:colcon.colcon_core.environment:checking '/home/sunrise/dev_ws/install/ackermann_msgs/lib/python3.10/site-packages'
[71.813s] Level 1:colcon.colcon_core.environment:checking '/home/sunrise/dev_ws/install/ackermann_msgs/bin'
[71.816s] INFO:colcon.colcon_core.shell:Creating package script '/home/sunrise/dev_ws/install/ackermann_msgs/share/ackermann_msgs/package.ps1'
[71.822s] INFO:colcon.colcon_core.shell:Creating package descriptor '/home/sunrise/dev_ws/install/ackermann_msgs/share/ackermann_msgs/package.dsv'
[71.825s] INFO:colcon.colcon_core.shell:Creating package script '/home/sunrise/dev_ws/install/ackermann_msgs/share/ackermann_msgs/package.sh'
[71.829s] INFO:colcon.colcon_core.shell:Creating package script '/home/sunrise/dev_ws/install/ackermann_msgs/share/ackermann_msgs/package.bash'
[71.832s] INFO:colcon.colcon_core.shell:Creating package script '/home/sunrise/dev_ws/install/ackermann_msgs/share/ackermann_msgs/package.zsh'
[71.835s] Level 1:colcon.colcon_core.environment:create_file_with_runtime_dependencies(/home/sunrise/dev_ws/install/ackermann_msgs/share/colcon-core/packages/ackermann_msgs)
[71.839s] Level 1:colcon.colcon_core.environment:create_environment_scripts_only(ackermann_msgs)
[71.841s] Level 1:colcon.colcon_core.environment:checking '/home/sunrise/dev_ws/install/ackermann_msgs' for CMake module files
[71.846s] Level 1:colcon.colcon_core.environment:checking '/home/sunrise/dev_ws/install/ackermann_msgs' for CMake config files
[71.849s] Level 1:colcon.colcon_core.shell:create_environment_hook('ackermann_msgs', 'cmake_prefix_path')
[71.851s] INFO:colcon.colcon_core.shell:Creating environment hook '/home/sunrise/dev_ws/install/ackermann_msgs/share/ackermann_msgs/hook/cmake_prefix_path.ps1'
[71.854s] INFO:colcon.colcon_core.shell:Creating environment descriptor '/home/sunrise/dev_ws/install/ackermann_msgs/share/ackermann_msgs/hook/cmake_prefix_path.dsv'
[71.857s] INFO:colcon.colcon_core.shell:Creating environment hook '/home/sunrise/dev_ws/install/ackermann_msgs/share/ackermann_msgs/hook/cmake_prefix_path.sh'
[71.861s] Level 1:colcon.colcon_core.environment:checking '/home/sunrise/dev_ws/install/ackermann_msgs/lib'
[71.862s] Level 1:colcon.colcon_core.shell:create_environment_hook('ackermann_msgs', 'ld_library_path_lib')
[71.863s] INFO:colcon.colcon_core.shell:Creating environment hook '/home/sunrise/dev_ws/install/ackermann_msgs/share/ackermann_msgs/hook/ld_library_path_lib.ps1'
[71.866s] INFO:colcon.colcon_core.shell:Creating environment descriptor '/home/sunrise/dev_ws/install/ackermann_msgs/share/ackermann_msgs/hook/ld_library_path_lib.dsv'
[71.869s] INFO:colcon.colcon_core.shell:Creating environment hook '/home/sunrise/dev_ws/install/ackermann_msgs/share/ackermann_msgs/hook/ld_library_path_lib.sh'
[71.872s] Level 1:colcon.colcon_core.environment:checking '/home/sunrise/dev_ws/install/ackermann_msgs/bin'
[71.873s] Level 1:colcon.colcon_core.environment:checking '/home/sunrise/dev_ws/install/ackermann_msgs/lib/pkgconfig/ackermann_msgs.pc'
[71.874s] Level 1:colcon.colcon_core.environment:checking '/home/sunrise/dev_ws/install/ackermann_msgs/lib/python3.10/site-packages'
[71.877s] Level 1:colcon.colcon_core.environment:checking '/home/sunrise/dev_ws/install/ackermann_msgs/bin'
[71.880s] INFO:colcon.colcon_core.shell:Creating package script '/home/sunrise/dev_ws/install/ackermann_msgs/share/ackermann_msgs/package.ps1'
[71.885s] INFO:colcon.colcon_core.shell:Creating package descriptor '/home/sunrise/dev_ws/install/ackermann_msgs/share/ackermann_msgs/package.dsv'
[71.889s] INFO:colcon.colcon_core.shell:Creating package script '/home/sunrise/dev_ws/install/ackermann_msgs/share/ackermann_msgs/package.sh'
[71.893s] INFO:colcon.colcon_core.shell:Creating package script '/home/sunrise/dev_ws/install/ackermann_msgs/share/ackermann_msgs/package.bash'
[71.896s] INFO:colcon.colcon_core.shell:Creating package script '/home/sunrise/dev_ws/install/ackermann_msgs/share/ackermann_msgs/package.zsh'
[71.899s] Level 1:colcon.colcon_core.environment:create_file_with_runtime_dependencies(/home/sunrise/dev_ws/install/ackermann_msgs/share/colcon-core/packages/ackermann_msgs)
[71.902s] INFO:colcon.colcon_ros.task.ament_cmake.build:Building ROS package in '/home/sunrise/dev_ws/src/origincar/origincar_base' with build type 'ament_cmake'
[71.902s] INFO:colcon.colcon_cmake.task.cmake.build:Building CMake package in '/home/sunrise/dev_ws/src/origincar/origincar_base'
[71.904s] INFO:colcon.colcon_core.shell:Skip shell extension 'powershell' for command environment: Not usable outside of PowerShell
[71.905s] DEBUG:colcon.colcon_core.shell:Skip shell extension 'dsv' for command environment
[71.991s] DEBUG:colcon.colcon_core.event_handler.log_command:Invoking command in '/home/sunrise/dev_ws/build/origincar_base': CMAKE_PREFIX_PATH=/home/sunrise/dev_ws/install/serial:/home/sunrise/dev_ws/install/origincar_msg:/home/sunrise/dev_ws/install/origincar_description:/home/sunrise/dev_ws/install/ackermann_msgs:/home/sunrise/dev_ws/install/origincar_base:/home/sunrise/dev_ws/install/origincar_bringup:/home/sunrise/dev_ws/install/lslidar_driver:/home/sunrise/dev_ws/install/lslidar_msgs:/home/sunrise/dev_ws/install/racing_stage2:/home/sunrise/dev_ws/install/racing_stage1:/home/sunrise/dev_ws/install/qr_scanner:/home/sunrise/dev_ws/install/bno055:/opt/tros/humble:/opt/ros/humble LD_LIBRARY_PATH=/home/sunrise/dev_ws/install/origincar_msg/lib:/home/sunrise/dev_ws/install/ackermann_msgs/lib:/home/sunrise/dev_ws/install/origincar_base/lib:/home/sunrise/dev_ws/install/serial/lib:/home/sunrise/dev_ws/install/lslidar_msgs/lib:/opt/tros/humble/lib/aarch64-linux-gnu:/opt/tros/humble/lib:/opt/ros/humble/opt/rviz_ogre_vendor/lib:/opt/ros/humble/lib/aarch64-linux-gnu:/opt/ros/humble/lib:/usr/hobot/lib:/app/lib:/app/pub/lib:/middleware/lib:/middleware/pub/lib:/usr/hobot/lib/sensor:/system/lib:/system/usr/lib:/lib:/usr/hobot/lib:/app/lib:/app/pub/lib:/middleware/lib:/middleware/pub/lib:/usr/hobot/lib/sensor:/system/lib:/system/usr/lib:/lib /usr/bin/cmake /home/sunrise/dev_ws/src/origincar/origincar_base -DAMENT_CMAKE_SYMLINK_INSTALL=1 -DCMAKE_INSTALL_PREFIX=/home/sunrise/dev_ws/install/origincar_base
[73.509s] DEBUG:colcon.colcon_core.event_handler.log_command:Invoking command in '/home/sunrise/dev_ws/build/racing_bringup': AMENT_PREFIX_PATH=/home/sunrise/dev_ws/install/racing_stage2:/home/sunrise/dev_ws/install/racing_stage1:/home/sunrise/dev_ws/install/racing_stage3:/home/sunrise/dev_ws/install/qr_scanner:/home/sunrise/dev_ws/install/origincar_base:/home/sunrise/dev_ws/install/serial:/home/sunrise/dev_ws/install/origincar_msg:/home/sunrise/dev_ws/install/origincar_description:/home/sunrise/dev_ws/install/origincar_bringup:/home/sunrise/dev_ws/install/lslidar_driver:/home/sunrise/dev_ws/install/lslidar_msgs:/home/sunrise/dev_ws/install/bno055:/home/sunrise/dev_ws/install/ackermann_msgs:/opt/tros/humble:/opt/ros/humble CMAKE_PREFIX_PATH=/home/sunrise/dev_ws/install/origincar_bringup:/home/sunrise/dev_ws/install/origincar_base:/home/sunrise/dev_ws/install/serial:/home/sunrise/dev_ws/install/origincar_msg:/home/sunrise/dev_ws/install/origincar_description:/home/sunrise/dev_ws/install/lslidar_driver:/home/sunrise/dev_ws/install/lslidar_msgs:/home/sunrise/dev_ws/install/ackermann_msgs PYTHONPATH=/home/sunrise/dev_ws/build/racing_bringup/prefix_override:/usr/lib/python3/dist-packages/colcon_core/task/python/colcon_distutils_commands:/home/sunrise/dev_ws/install/racing_bringup/lib/python3.10/site-packages:/home/sunrise/dev_ws/build/racing_stage2:/home/sunrise/dev_ws/install/racing_stage2/lib/python3.10/site-packages:/home/sunrise/dev_ws/build/racing_stage1:/home/sunrise/dev_ws/install/racing_stage1/lib/python3.10/site-packages:/home/sunrise/dev_ws/build/racing_stage3:/home/sunrise/dev_ws/install/racing_stage3/lib/python3.10/site-packages:/home/sunrise/dev_ws/build/qr_scanner:/home/sunrise/dev_ws/install/qr_scanner/lib/python3.10/site-packages:/home/sunrise/dev_ws/install/origincar_base/local/lib/python3.10/dist-packages:/home/sunrise/dev_ws/build/racing_stage2_param_test:/home/sunrise/dev_ws/install/racing_stage2_param_test/lib/python3.10/site-packages:/home/sunrise/dev_ws/install/origincar_msg/local/lib/python3.10/dist-packages:/home/sunrise/dev_ws/install/lslidar_msgs/local/lib/python3.10/dist-packages:/home/sunrise/dev_ws/build/bno055:/home/sunrise/dev_ws/install/bno055/lib/python3.10/site-packages:/home/sunrise/dev_ws/install/ackermann_msgs/local/lib/python3.10/dist-packages:/opt/tros/humble/lib/python3.10/site-packages:/opt/tros/humble/local/lib/python3.10/dist-packages:/opt/ros/humble/lib/python3.10/site-packages:/opt/ros/humble/local/lib/python3.10/dist-packages /usr/bin/python3 -W ignore:setup.py install is deprecated -W ignore:easy_install command is deprecated setup.py develop --editable --build-directory /home/sunrise/dev_ws/build/racing_bringup/build --no-deps symlink_data
[75.362s] DEBUG:colcon.colcon_core.event_handler.log_command:Invoked command in '/home/sunrise/dev_ws/build/voice_driver' returned '0': CMAKE_PREFIX_PATH=${CMAKE_PREFIX_PATH}:/home/sunrise/dev_ws/install/racing_stage2:/home/sunrise/dev_ws/install/racing_stage1:/home/sunrise/dev_ws/install/qr_scanner:/home/sunrise/dev_ws/install/bno055:/opt/tros/humble:/opt/ros/humble /usr/bin/cmake /home/sunrise/dev_ws/src/racing/voice_driver -DAMENT_CMAKE_SYMLINK_INSTALL=1 -DCMAKE_INSTALL_PREFIX=/home/sunrise/dev_ws/install/voice_driver
[75.371s] DEBUG:colcon.colcon_core.event_handler.log_command:Invoking command in '/home/sunrise/dev_ws/build/voice_driver': CMAKE_PREFIX_PATH=${CMAKE_PREFIX_PATH}:/home/sunrise/dev_ws/install/racing_stage2:/home/sunrise/dev_ws/install/racing_stage1:/home/sunrise/dev_ws/install/qr_scanner:/home/sunrise/dev_ws/install/bno055:/opt/tros/humble:/opt/ros/humble /usr/bin/cmake --build /home/sunrise/dev_ws/build/voice_driver -- -j8 -l8
[77.910s] Level 1:colcon.colcon_core.shell:create_environment_hook('racing_bringup', 'pythonpath_develop')
[77.912s] INFO:colcon.colcon_core.shell:Creating environment hook '/home/sunrise/dev_ws/build/racing_bringup/share/racing_bringup/hook/pythonpath_develop.ps1'
[77.917s] INFO:colcon.colcon_core.shell:Creating environment descriptor '/home/sunrise/dev_ws/build/racing_bringup/share/racing_bringup/hook/pythonpath_develop.dsv'
[77.918s] DEBUG:colcon.colcon_core.event_handler.log_command:Invoked command in '/home/sunrise/dev_ws/build/racing_bringup' returned '0': AMENT_PREFIX_PATH=/home/sunrise/dev_ws/install/racing_stage2:/home/sunrise/dev_ws/install/racing_stage1:/home/sunrise/dev_ws/install/racing_stage3:/home/sunrise/dev_ws/install/qr_scanner:/home/sunrise/dev_ws/install/origincar_base:/home/sunrise/dev_ws/install/serial:/home/sunrise/dev_ws/install/origincar_msg:/home/sunrise/dev_ws/install/origincar_description:/home/sunrise/dev_ws/install/origincar_bringup:/home/sunrise/dev_ws/install/lslidar_driver:/home/sunrise/dev_ws/install/lslidar_msgs:/home/sunrise/dev_ws/install/bno055:/home/sunrise/dev_ws/install/ackermann_msgs:/opt/tros/humble:/opt/ros/humble CMAKE_PREFIX_PATH=/home/sunrise/dev_ws/install/origincar_bringup:/home/sunrise/dev_ws/install/origincar_base:/home/sunrise/dev_ws/install/serial:/home/sunrise/dev_ws/install/origincar_msg:/home/sunrise/dev_ws/install/origincar_description:/home/sunrise/dev_ws/install/lslidar_driver:/home/sunrise/dev_ws/install/lslidar_msgs:/home/sunrise/dev_ws/install/ackermann_msgs PYTHONPATH=/home/sunrise/dev_ws/build/racing_bringup/prefix_override:/usr/lib/python3/dist-packages/colcon_core/task/python/colcon_distutils_commands:/home/sunrise/dev_ws/install/racing_bringup/lib/python3.10/site-packages:/home/sunrise/dev_ws/build/racing_stage2:/home/sunrise/dev_ws/install/racing_stage2/lib/python3.10/site-packages:/home/sunrise/dev_ws/build/racing_stage1:/home/sunrise/dev_ws/install/racing_stage1/lib/python3.10/site-packages:/home/sunrise/dev_ws/build/racing_stage3:/home/sunrise/dev_ws/install/racing_stage3/lib/python3.10/site-packages:/home/sunrise/dev_ws/build/qr_scanner:/home/sunrise/dev_ws/install/qr_scanner/lib/python3.10/site-packages:/home/sunrise/dev_ws/install/origincar_base/local/lib/python3.10/dist-packages:/home/sunrise/dev_ws/build/racing_stage2_param_test:/home/sunrise/dev_ws/install/racing_stage2_param_test/lib/python3.10/site-packages:/home/sunrise/dev_ws/install/origincar_msg/local/lib/python3.10/dist-packages:/home/sunrise/dev_ws/install/lslidar_msgs/local/lib/python3.10/dist-packages:/home/sunrise/dev_ws/build/bno055:/home/sunrise/dev_ws/install/bno055/lib/python3.10/site-packages:/home/sunrise/dev_ws/install/ackermann_msgs/local/lib/python3.10/dist-packages:/opt/tros/humble/lib/python3.10/site-packages:/opt/tros/humble/local/lib/python3.10/dist-packages:/opt/ros/humble/lib/python3.10/site-packages:/opt/ros/humble/local/lib/python3.10/dist-packages /usr/bin/python3 -W ignore:setup.py install is deprecated -W ignore:easy_install command is deprecated setup.py develop --editable --build-directory /home/sunrise/dev_ws/build/racing_bringup/build --no-deps symlink_data
[77.921s] INFO:colcon.colcon_core.shell:Creating environment hook '/home/sunrise/dev_ws/build/racing_bringup/share/racing_bringup/hook/pythonpath_develop.sh'
[77.926s] Level 1:colcon.colcon_core.environment:checking '/home/sunrise/dev_ws/install/racing_bringup' for CMake module files
[77.929s] Level 1:colcon.colcon_core.environment:checking '/home/sunrise/dev_ws/install/racing_bringup' for CMake config files
[77.933s] Level 1:colcon.colcon_core.environment:checking '/home/sunrise/dev_ws/install/racing_bringup/lib'
[77.935s] Level 1:colcon.colcon_core.environment:checking '/home/sunrise/dev_ws/install/racing_bringup/bin'
[77.935s] Level 1:colcon.colcon_core.environment:checking '/home/sunrise/dev_ws/install/racing_bringup/lib/pkgconfig/racing_bringup.pc'
[77.938s] Level 1:colcon.colcon_core.environment:checking '/home/sunrise/dev_ws/install/racing_bringup/lib/python3.10/site-packages'
[77.938s] Level 1:colcon.colcon_core.shell:create_environment_hook('racing_bringup', 'pythonpath')
[77.941s] INFO:colcon.colcon_core.shell:Creating environment hook '/home/sunrise/dev_ws/install/racing_bringup/share/racing_bringup/hook/pythonpath.ps1'
[77.944s] INFO:colcon.colcon_core.shell:Creating environment descriptor '/home/sunrise/dev_ws/install/racing_bringup/share/racing_bringup/hook/pythonpath.dsv'
[77.947s] INFO:colcon.colcon_core.shell:Creating environment hook '/home/sunrise/dev_ws/install/racing_bringup/share/racing_bringup/hook/pythonpath.sh'
[77.953s] Level 1:colcon.colcon_core.environment:checking '/home/sunrise/dev_ws/install/racing_bringup/bin'
[77.954s] Level 1:colcon.colcon_core.environment:create_environment_scripts_only(racing_bringup)
[77.957s] INFO:colcon.colcon_core.shell:Creating package script '/home/sunrise/dev_ws/install/racing_bringup/share/racing_bringup/package.ps1'
[77.962s] INFO:colcon.colcon_core.shell:Creating package descriptor '/home/sunrise/dev_ws/install/racing_bringup/share/racing_bringup/package.dsv'
[77.966s] INFO:colcon.colcon_core.shell:Creating package script '/home/sunrise/dev_ws/install/racing_bringup/share/racing_bringup/package.sh'
[77.970s] INFO:colcon.colcon_core.shell:Creating package script '/home/sunrise/dev_ws/install/racing_bringup/share/racing_bringup/package.bash'
[77.973s] INFO:colcon.colcon_core.shell:Creating package script '/home/sunrise/dev_ws/install/racing_bringup/share/racing_bringup/package.zsh'
[77.976s] Level 1:colcon.colcon_core.environment:create_file_with_runtime_dependencies(/home/sunrise/dev_ws/install/racing_bringup/share/colcon-core/packages/racing_bringup)
[82.147s] DEBUG:colcon.colcon_core.event_handler.log_command:Invoked command in '/home/sunrise/dev_ws/build/lslidar_msgs' returned '0': CMAKE_PREFIX_PATH=${CMAKE_PREFIX_PATH}:/home/sunrise/dev_ws/install/racing_stage2:/home/sunrise/dev_ws/install/racing_stage1:/home/sunrise/dev_ws/install/qr_scanner:/home/sunrise/dev_ws/install/bno055:/opt/tros/humble:/opt/ros/humble /usr/bin/cmake --build /home/sunrise/dev_ws/build/lslidar_msgs -- -j8 -l8
[82.156s] DEBUG:colcon.colcon_core.event_handler.log_command:Invoking command in '/home/sunrise/dev_ws/build/lslidar_msgs': CMAKE_PREFIX_PATH=${CMAKE_PREFIX_PATH}:/home/sunrise/dev_ws/install/racing_stage2:/home/sunrise/dev_ws/install/racing_stage1:/home/sunrise/dev_ws/install/qr_scanner:/home/sunrise/dev_ws/install/bno055:/opt/tros/humble:/opt/ros/humble /usr/bin/cmake --install /home/sunrise/dev_ws/build/lslidar_msgs
[88.611s] Level 1:colcon.colcon_core.environment:create_environment_scripts_only(lslidar_msgs)
[88.613s] Level 1:colcon.colcon_core.environment:checking '/home/sunrise/dev_ws/install/lslidar_msgs' for CMake module files
[88.617s] DEBUG:colcon.colcon_core.event_handler.log_command:Invoked command in '/home/sunrise/dev_ws/build/lslidar_msgs' returned '0': CMAKE_PREFIX_PATH=${CMAKE_PREFIX_PATH}:/home/sunrise/dev_ws/install/racing_stage2:/home/sunrise/dev_ws/install/racing_stage1:/home/sunrise/dev_ws/install/qr_scanner:/home/sunrise/dev_ws/install/bno055:/opt/tros/humble:/opt/ros/humble /usr/bin/cmake --install /home/sunrise/dev_ws/build/lslidar_msgs
[88.624s] Level 1:colcon.colcon_core.environment:checking '/home/sunrise/dev_ws/install/lslidar_msgs' for CMake config files
[88.627s] Level 1:colcon.colcon_core.shell:create_environment_hook('lslidar_msgs', 'cmake_prefix_path')
[88.629s] INFO:colcon.colcon_core.shell:Creating environment hook '/home/sunrise/dev_ws/install/lslidar_msgs/share/lslidar_msgs/hook/cmake_prefix_path.ps1'
[88.634s] INFO:colcon.colcon_core.shell:Creating environment descriptor '/home/sunrise/dev_ws/install/lslidar_msgs/share/lslidar_msgs/hook/cmake_prefix_path.dsv'
[88.638s] INFO:colcon.colcon_core.shell:Creating environment hook '/home/sunrise/dev_ws/install/lslidar_msgs/share/lslidar_msgs/hook/cmake_prefix_path.sh'
[88.642s] Level 1:colcon.colcon_core.environment:checking '/home/sunrise/dev_ws/install/lslidar_msgs/lib'
[88.643s] Level 1:colcon.colcon_core.shell:create_environment_hook('lslidar_msgs', 'ld_library_path_lib')
[88.645s] INFO:colcon.colcon_core.shell:Creating environment hook '/home/sunrise/dev_ws/install/lslidar_msgs/share/lslidar_msgs/hook/ld_library_path_lib.ps1'
[88.647s] INFO:colcon.colcon_core.shell:Creating environment descriptor '/home/sunrise/dev_ws/install/lslidar_msgs/share/lslidar_msgs/hook/ld_library_path_lib.dsv'
[88.650s] INFO:colcon.colcon_core.shell:Creating environment hook '/home/sunrise/dev_ws/install/lslidar_msgs/share/lslidar_msgs/hook/ld_library_path_lib.sh'
[88.653s] Level 1:colcon.colcon_core.environment:checking '/home/sunrise/dev_ws/install/lslidar_msgs/bin'
[88.654s] Level 1:colcon.colcon_core.environment:checking '/home/sunrise/dev_ws/install/lslidar_msgs/lib/pkgconfig/lslidar_msgs.pc'
[88.656s] Level 1:colcon.colcon_core.environment:checking '/home/sunrise/dev_ws/install/lslidar_msgs/lib/python3.10/site-packages'
[88.659s] Level 1:colcon.colcon_core.environment:checking '/home/sunrise/dev_ws/install/lslidar_msgs/bin'
[88.662s] INFO:colcon.colcon_core.shell:Creating package script '/home/sunrise/dev_ws/install/lslidar_msgs/share/lslidar_msgs/package.ps1'
[88.668s] INFO:colcon.colcon_core.shell:Creating package descriptor '/home/sunrise/dev_ws/install/lslidar_msgs/share/lslidar_msgs/package.dsv'
[88.672s] INFO:colcon.colcon_core.shell:Creating package script '/home/sunrise/dev_ws/install/lslidar_msgs/share/lslidar_msgs/package.sh'
[88.675s] INFO:colcon.colcon_core.shell:Creating package script '/home/sunrise/dev_ws/install/lslidar_msgs/share/lslidar_msgs/package.bash'
[88.678s] INFO:colcon.colcon_core.shell:Creating package script '/home/sunrise/dev_ws/install/lslidar_msgs/share/lslidar_msgs/package.zsh'
[88.682s] Level 1:colcon.colcon_core.environment:create_file_with_runtime_dependencies(/home/sunrise/dev_ws/install/lslidar_msgs/share/colcon-core/packages/lslidar_msgs)
[88.687s] Level 1:colcon.colcon_core.environment:create_environment_scripts_only(lslidar_msgs)
[88.689s] Level 1:colcon.colcon_core.environment:checking '/home/sunrise/dev_ws/install/lslidar_msgs' for CMake module files
[88.694s] Level 1:colcon.colcon_core.environment:checking '/home/sunrise/dev_ws/install/lslidar_msgs' for CMake config files
[88.697s] Level 1:colcon.colcon_core.shell:create_environment_hook('lslidar_msgs', 'cmake_prefix_path')
[88.699s] INFO:colcon.colcon_core.shell:Creating environment hook '/home/sunrise/dev_ws/install/lslidar_msgs/share/lslidar_msgs/hook/cmake_prefix_path.ps1'
[88.702s] INFO:colcon.colcon_core.shell:Creating environment descriptor '/home/sunrise/dev_ws/install/lslidar_msgs/share/lslidar_msgs/hook/cmake_prefix_path.dsv'
[88.705s] INFO:colcon.colcon_core.shell:Creating environment hook '/home/sunrise/dev_ws/install/lslidar_msgs/share/lslidar_msgs/hook/cmake_prefix_path.sh'
[88.710s] Level 1:colcon.colcon_core.environment:checking '/home/sunrise/dev_ws/install/lslidar_msgs/lib'
[88.711s] Level 1:colcon.colcon_core.shell:create_environment_hook('lslidar_msgs', 'ld_library_path_lib')
[88.713s] INFO:colcon.colcon_core.shell:Creating environment hook '/home/sunrise/dev_ws/install/lslidar_msgs/share/lslidar_msgs/hook/ld_library_path_lib.ps1'
[88.716s] INFO:colcon.colcon_core.shell:Creating environment descriptor '/home/sunrise/dev_ws/install/lslidar_msgs/share/lslidar_msgs/hook/ld_library_path_lib.dsv'
[88.720s] INFO:colcon.colcon_core.shell:Creating environment hook '/home/sunrise/dev_ws/install/lslidar_msgs/share/lslidar_msgs/hook/ld_library_path_lib.sh'
[88.724s] Level 1:colcon.colcon_core.environment:checking '/home/sunrise/dev_ws/install/lslidar_msgs/bin'
[88.725s] Level 1:colcon.colcon_core.environment:checking '/home/sunrise/dev_ws/install/lslidar_msgs/lib/pkgconfig/lslidar_msgs.pc'
[88.727s] Level 1:colcon.colcon_core.environment:checking '/home/sunrise/dev_ws/install/lslidar_msgs/lib/python3.10/site-packages'
[88.730s] Level 1:colcon.colcon_core.environment:checking '/home/sunrise/dev_ws/install/lslidar_msgs/bin'
[88.733s] INFO:colcon.colcon_core.shell:Creating package script '/home/sunrise/dev_ws/install/lslidar_msgs/share/lslidar_msgs/package.ps1'
[88.739s] INFO:colcon.colcon_core.shell:Creating package descriptor '/home/sunrise/dev_ws/install/lslidar_msgs/share/lslidar_msgs/package.dsv'
[88.744s] INFO:colcon.colcon_core.shell:Creating package script '/home/sunrise/dev_ws/install/lslidar_msgs/share/lslidar_msgs/package.sh'
[88.748s] INFO:colcon.colcon_core.shell:Creating package script '/home/sunrise/dev_ws/install/lslidar_msgs/share/lslidar_msgs/package.bash'
[88.752s] INFO:colcon.colcon_core.shell:Creating package script '/home/sunrise/dev_ws/install/lslidar_msgs/share/lslidar_msgs/package.zsh'
[88.756s] Level 1:colcon.colcon_core.environment:create_file_with_runtime_dependencies(/home/sunrise/dev_ws/install/lslidar_msgs/share/colcon-core/packages/lslidar_msgs)
[88.758s] INFO:colcon.colcon_ros.task.ament_cmake.build:Building ROS package in '/home/sunrise/dev_ws/src/LSLIDAR_X_ROS2-20240228/src/lslidar_driver' with build type 'ament_cmake'
[88.759s] INFO:colcon.colcon_cmake.task.cmake.build:Building CMake package in '/home/sunrise/dev_ws/src/LSLIDAR_X_ROS2-20240228/src/lslidar_driver'
[88.761s] INFO:colcon.colcon_core.shell:Skip shell extension 'powershell' for command environment: Not usable outside of PowerShell
[88.762s] DEBUG:colcon.colcon_core.shell:Skip shell extension 'dsv' for command environment
[88.825s] DEBUG:colcon.colcon_core.event_handler.log_command:Invoking command in '/home/sunrise/dev_ws/build/lslidar_driver': CMAKE_PREFIX_PATH=/home/sunrise/dev_ws/install/lslidar_msgs:/home/sunrise/dev_ws/install/origincar_base:/home/sunrise/dev_ws/install/serial:/home/sunrise/dev_ws/install/origincar_msg:/home/sunrise/dev_ws/install/origincar_description:/home/sunrise/dev_ws/install/origincar_bringup:/home/sunrise/dev_ws/install/lslidar_driver:/home/sunrise/dev_ws/install/ackermann_msgs:/home/sunrise/dev_ws/install/racing_stage2:/home/sunrise/dev_ws/install/racing_stage1:/home/sunrise/dev_ws/install/qr_scanner:/home/sunrise/dev_ws/install/bno055:/opt/tros/humble:/opt/ros/humble LD_LIBRARY_PATH=/home/sunrise/dev_ws/install/lslidar_msgs/lib:/home/sunrise/dev_ws/install/origincar_base/lib:/home/sunrise/dev_ws/install/serial/lib:/home/sunrise/dev_ws/install/origincar_msg/lib:/home/sunrise/dev_ws/install/ackermann_msgs/lib:/opt/tros/humble/lib/aarch64-linux-gnu:/opt/tros/humble/lib:/opt/ros/humble/opt/rviz_ogre_vendor/lib:/opt/ros/humble/lib/aarch64-linux-gnu:/opt/ros/humble/lib:/usr/hobot/lib:/app/lib:/app/pub/lib:/middleware/lib:/middleware/pub/lib:/usr/hobot/lib/sensor:/system/lib:/system/usr/lib:/lib:/usr/hobot/lib:/app/lib:/app/pub/lib:/middleware/lib:/middleware/pub/lib:/usr/hobot/lib/sensor:/system/lib:/system/usr/lib:/lib /usr/bin/cmake /home/sunrise/dev_ws/src/LSLIDAR_X_ROS2-20240228/src/lslidar_driver -DAMENT_CMAKE_SYMLINK_INSTALL=1 -DCMAKE_INSTALL_PREFIX=/home/sunrise/dev_ws/install/lslidar_driver
[89.146s] DEBUG:colcon.colcon_core.event_handler.log_command:Invoked command in '/home/sunrise/dev_ws/build/origincar_base' returned '0': CMAKE_PREFIX_PATH=/home/sunrise/dev_ws/install/serial:/home/sunrise/dev_ws/install/origincar_msg:/home/sunrise/dev_ws/install/origincar_description:/home/sunrise/dev_ws/install/ackermann_msgs:/home/sunrise/dev_ws/install/origincar_base:/home/sunrise/dev_ws/install/origincar_bringup:/home/sunrise/dev_ws/install/lslidar_driver:/home/sunrise/dev_ws/install/lslidar_msgs:/home/sunrise/dev_ws/install/racing_stage2:/home/sunrise/dev_ws/install/racing_stage1:/home/sunrise/dev_ws/install/qr_scanner:/home/sunrise/dev_ws/install/bno055:/opt/tros/humble:/opt/ros/humble LD_LIBRARY_PATH=/home/sunrise/dev_ws/install/origincar_msg/lib:/home/sunrise/dev_ws/install/ackermann_msgs/lib:/home/sunrise/dev_ws/install/origincar_base/lib:/home/sunrise/dev_ws/install/serial/lib:/home/sunrise/dev_ws/install/lslidar_msgs/lib:/opt/tros/humble/lib/aarch64-linux-gnu:/opt/tros/humble/lib:/opt/ros/humble/opt/rviz_ogre_vendor/lib:/opt/ros/humble/lib/aarch64-linux-gnu:/opt/ros/humble/lib:/usr/hobot/lib:/app/lib:/app/pub/lib:/middleware/lib:/middleware/pub/lib:/usr/hobot/lib/sensor:/system/lib:/system/usr/lib:/lib:/usr/hobot/lib:/app/lib:/app/pub/lib:/middleware/lib:/middleware/pub/lib:/usr/hobot/lib/sensor:/system/lib:/system/usr/lib:/lib /usr/bin/cmake /home/sunrise/dev_ws/src/origincar/origincar_base -DAMENT_CMAKE_SYMLINK_INSTALL=1 -DCMAKE_INSTALL_PREFIX=/home/sunrise/dev_ws/install/origincar_base
[89.154s] DEBUG:colcon.colcon_core.event_handler.log_command:Invoking command in '/home/sunrise/dev_ws/build/origincar_base': CMAKE_PREFIX_PATH=/home/sunrise/dev_ws/install/serial:/home/sunrise/dev_ws/install/origincar_msg:/home/sunrise/dev_ws/install/origincar_description:/home/sunrise/dev_ws/install/ackermann_msgs:/home/sunrise/dev_ws/install/origincar_base:/home/sunrise/dev_ws/install/origincar_bringup:/home/sunrise/dev_ws/install/lslidar_driver:/home/sunrise/dev_ws/install/lslidar_msgs:/home/sunrise/dev_ws/install/racing_stage2:/home/sunrise/dev_ws/install/racing_stage1:/home/sunrise/dev_ws/install/qr_scanner:/home/sunrise/dev_ws/install/bno055:/opt/tros/humble:/opt/ros/humble LD_LIBRARY_PATH=/home/sunrise/dev_ws/install/origincar_msg/lib:/home/sunrise/dev_ws/install/ackermann_msgs/lib:/home/sunrise/dev_ws/install/origincar_base/lib:/home/sunrise/dev_ws/install/serial/lib:/home/sunrise/dev_ws/install/lslidar_msgs/lib:/opt/tros/humble/lib/aarch64-linux-gnu:/opt/tros/humble/lib:/opt/ros/humble/opt/rviz_ogre_vendor/lib:/opt/ros/humble/lib/aarch64-linux-gnu:/opt/ros/humble/lib:/usr/hobot/lib:/app/lib:/app/pub/lib:/middleware/lib:/middleware/pub/lib:/usr/hobot/lib/sensor:/system/lib:/system/usr/lib:/lib:/usr/hobot/lib:/app/lib:/app/pub/lib:/middleware/lib:/middleware/pub/lib:/usr/hobot/lib/sensor:/system/lib:/system/usr/lib:/lib /usr/bin/cmake --build /home/sunrise/dev_ws/build/origincar_base -- -j8 -l8
[112.171s] DEBUG:colcon.colcon_core.event_handler.log_command:Invoked command in '/home/sunrise/dev_ws/build/lslidar_driver' returned '0': CMAKE_PREFIX_PATH=/home/sunrise/dev_ws/install/lslidar_msgs:/home/sunrise/dev_ws/install/origincar_base:/home/sunrise/dev_ws/install/serial:/home/sunrise/dev_ws/install/origincar_msg:/home/sunrise/dev_ws/install/origincar_description:/home/sunrise/dev_ws/install/origincar_bringup:/home/sunrise/dev_ws/install/lslidar_driver:/home/sunrise/dev_ws/install/ackermann_msgs:/home/sunrise/dev_ws/install/racing_stage2:/home/sunrise/dev_ws/install/racing_stage1:/home/sunrise/dev_ws/install/qr_scanner:/home/sunrise/dev_ws/install/bno055:/opt/tros/humble:/opt/ros/humble LD_LIBRARY_PATH=/home/sunrise/dev_ws/install/lslidar_msgs/lib:/home/sunrise/dev_ws/install/origincar_base/lib:/home/sunrise/dev_ws/install/serial/lib:/home/sunrise/dev_ws/install/origincar_msg/lib:/home/sunrise/dev_ws/install/ackermann_msgs/lib:/opt/tros/humble/lib/aarch64-linux-gnu:/opt/tros/humble/lib:/opt/ros/humble/opt/rviz_ogre_vendor/lib:/opt/ros/humble/lib/aarch64-linux-gnu:/opt/ros/humble/lib:/usr/hobot/lib:/app/lib:/app/pub/lib:/middleware/lib:/middleware/pub/lib:/usr/hobot/lib/sensor:/system/lib:/system/usr/lib:/lib:/usr/hobot/lib:/app/lib:/app/pub/lib:/middleware/lib:/middleware/pub/lib:/usr/hobot/lib/sensor:/system/lib:/system/usr/lib:/lib /usr/bin/cmake /home/sunrise/dev_ws/src/LSLIDAR_X_ROS2-20240228/src/lslidar_driver -DAMENT_CMAKE_SYMLINK_INSTALL=1 -DCMAKE_INSTALL_PREFIX=/home/sunrise/dev_ws/install/lslidar_driver
[112.182s] DEBUG:colcon.colcon_core.event_handler.log_command:Invoking command in '/home/sunrise/dev_ws/build/lslidar_driver': CMAKE_PREFIX_PATH=/home/sunrise/dev_ws/install/lslidar_msgs:/home/sunrise/dev_ws/install/origincar_base:/home/sunrise/dev_ws/install/serial:/home/sunrise/dev_ws/install/origincar_msg:/home/sunrise/dev_ws/install/origincar_description:/home/sunrise/dev_ws/install/origincar_bringup:/home/sunrise/dev_ws/install/lslidar_driver:/home/sunrise/dev_ws/install/ackermann_msgs:/home/sunrise/dev_ws/install/racing_stage2:/home/sunrise/dev_ws/install/racing_stage1:/home/sunrise/dev_ws/install/qr_scanner:/home/sunrise/dev_ws/install/bno055:/opt/tros/humble:/opt/ros/humble LD_LIBRARY_PATH=/home/sunrise/dev_ws/install/lslidar_msgs/lib:/home/sunrise/dev_ws/install/origincar_base/lib:/home/sunrise/dev_ws/install/serial/lib:/home/sunrise/dev_ws/install/origincar_msg/lib:/home/sunrise/dev_ws/install/ackermann_msgs/lib:/opt/tros/humble/lib/aarch64-linux-gnu:/opt/tros/humble/lib:/opt/ros/humble/opt/rviz_ogre_vendor/lib:/opt/ros/humble/lib/aarch64-linux-gnu:/opt/ros/humble/lib:/usr/hobot/lib:/app/lib:/app/pub/lib:/middleware/lib:/middleware/pub/lib:/usr/hobot/lib/sensor:/system/lib:/system/usr/lib:/lib:/usr/hobot/lib:/app/lib:/app/pub/lib:/middleware/lib:/middleware/pub/lib:/usr/hobot/lib/sensor:/system/lib:/system/usr/lib:/lib /usr/bin/cmake --build /home/sunrise/dev_ws/build/lslidar_driver -- -j8 -l8
[139.672s] DEBUG:colcon.colcon_core.event_handler.log_command:Invoked command in '/home/sunrise/dev_ws/build/utils' returned '0': CMAKE_PREFIX_PATH=${CMAKE_PREFIX_PATH}:/home/sunrise/dev_ws/install/racing_stage2:/home/sunrise/dev_ws/install/racing_stage1:/home/sunrise/dev_ws/install/qr_scanner:/home/sunrise/dev_ws/install/bno055:/opt/tros/humble:/opt/ros/humble /usr/bin/cmake --build /home/sunrise/dev_ws/build/utils -- -j8 -l8
[139.681s] DEBUG:colcon.colcon_core.event_handler.log_command:Invoking command in '/home/sunrise/dev_ws/build/utils': CMAKE_PREFIX_PATH=${CMAKE_PREFIX_PATH}:/home/sunrise/dev_ws/install/racing_stage2:/home/sunrise/dev_ws/install/racing_stage1:/home/sunrise/dev_ws/install/qr_scanner:/home/sunrise/dev_ws/install/bno055:/opt/tros/humble:/opt/ros/humble /usr/bin/cmake --install /home/sunrise/dev_ws/build/utils
[140.509s] Level 1:colcon.colcon_core.environment:create_environment_scripts_only(utils)
[140.513s] Level 1:colcon.colcon_core.environment:checking '/home/sunrise/dev_ws/install/utils' for CMake module files
[140.516s] DEBUG:colcon.colcon_core.event_handler.log_command:Invoked command in '/home/sunrise/dev_ws/build/utils' returned '0': CMAKE_PREFIX_PATH=${CMAKE_PREFIX_PATH}:/home/sunrise/dev_ws/install/racing_stage2:/home/sunrise/dev_ws/install/racing_stage1:/home/sunrise/dev_ws/install/qr_scanner:/home/sunrise/dev_ws/install/bno055:/opt/tros/humble:/opt/ros/humble /usr/bin/cmake --install /home/sunrise/dev_ws/build/utils
[140.519s] Level 1:colcon.colcon_core.environment:checking '/home/sunrise/dev_ws/install/utils' for CMake config files
[140.521s] Level 1:colcon.colcon_core.shell:create_environment_hook('utils', 'cmake_prefix_path')
[140.523s] INFO:colcon.colcon_core.shell:Creating environment hook '/home/sunrise/dev_ws/install/utils/share/utils/hook/cmake_prefix_path.ps1'
[140.526s] INFO:colcon.colcon_core.shell:Creating environment descriptor '/home/sunrise/dev_ws/install/utils/share/utils/hook/cmake_prefix_path.dsv'
[140.529s] INFO:colcon.colcon_core.shell:Creating environment hook '/home/sunrise/dev_ws/install/utils/share/utils/hook/cmake_prefix_path.sh'
[140.533s] Level 1:colcon.colcon_core.environment:checking '/home/sunrise/dev_ws/install/utils/lib'
[140.534s] Level 1:colcon.colcon_core.environment:checking '/home/sunrise/dev_ws/install/utils/bin'
[140.535s] Level 1:colcon.colcon_core.environment:checking '/home/sunrise/dev_ws/install/utils/lib/pkgconfig/utils.pc'
[140.537s] Level 1:colcon.colcon_core.environment:checking '/home/sunrise/dev_ws/install/utils/lib/python3.10/site-packages'
[140.540s] Level 1:colcon.colcon_core.environment:checking '/home/sunrise/dev_ws/install/utils/bin'
[140.542s] INFO:colcon.colcon_core.shell:Creating package script '/home/sunrise/dev_ws/install/utils/share/utils/package.ps1'
[140.547s] INFO:colcon.colcon_core.shell:Creating package descriptor '/home/sunrise/dev_ws/install/utils/share/utils/package.dsv'
[140.550s] INFO:colcon.colcon_core.shell:Creating package script '/home/sunrise/dev_ws/install/utils/share/utils/package.sh'
[140.554s] INFO:colcon.colcon_core.shell:Creating package script '/home/sunrise/dev_ws/install/utils/share/utils/package.bash'
[140.557s] INFO:colcon.colcon_core.shell:Creating package script '/home/sunrise/dev_ws/install/utils/share/utils/package.zsh'
[140.560s] Level 1:colcon.colcon_core.environment:create_file_with_runtime_dependencies(/home/sunrise/dev_ws/install/utils/share/colcon-core/packages/utils)
[140.565s] Level 1:colcon.colcon_core.environment:create_environment_scripts_only(utils)
[140.567s] Level 1:colcon.colcon_core.environment:checking '/home/sunrise/dev_ws/install/utils' for CMake module files
[140.571s] Level 1:colcon.colcon_core.environment:checking '/home/sunrise/dev_ws/install/utils' for CMake config files
[140.573s] Level 1:colcon.colcon_core.shell:create_environment_hook('utils', 'cmake_prefix_path')
[140.575s] INFO:colcon.colcon_core.shell:Creating environment hook '/home/sunrise/dev_ws/install/utils/share/utils/hook/cmake_prefix_path.ps1'
[140.579s] INFO:colcon.colcon_core.shell:Creating environment descriptor '/home/sunrise/dev_ws/install/utils/share/utils/hook/cmake_prefix_path.dsv'
[140.583s] INFO:colcon.colcon_core.shell:Creating environment hook '/home/sunrise/dev_ws/install/utils/share/utils/hook/cmake_prefix_path.sh'
[140.588s] Level 1:colcon.colcon_core.environment:checking '/home/sunrise/dev_ws/install/utils/lib'
[140.589s] Level 1:colcon.colcon_core.environment:checking '/home/sunrise/dev_ws/install/utils/bin'
[140.590s] Level 1:colcon.colcon_core.environment:checking '/home/sunrise/dev_ws/install/utils/lib/pkgconfig/utils.pc'
[140.592s] Level 1:colcon.colcon_core.environment:checking '/home/sunrise/dev_ws/install/utils/lib/python3.10/site-packages'
[140.595s] Level 1:colcon.colcon_core.environment:checking '/home/sunrise/dev_ws/install/utils/bin'
[140.599s] INFO:colcon.colcon_core.shell:Creating package script '/home/sunrise/dev_ws/install/utils/share/utils/package.ps1'
[140.605s] INFO:colcon.colcon_core.shell:Creating package descriptor '/home/sunrise/dev_ws/install/utils/share/utils/package.dsv'
[140.610s] INFO:colcon.colcon_core.shell:Creating package script '/home/sunrise/dev_ws/install/utils/share/utils/package.sh'
[140.615s] INFO:colcon.colcon_core.shell:Creating package script '/home/sunrise/dev_ws/install/utils/share/utils/package.bash'
[140.619s] INFO:colcon.colcon_core.shell:Creating package script '/home/sunrise/dev_ws/install/utils/share/utils/package.zsh'
[140.626s] Level 1:colcon.colcon_core.environment:create_file_with_runtime_dependencies(/home/sunrise/dev_ws/install/utils/share/colcon-core/packages/utils)
[156.930s] DEBUG:colcon.colcon_core.event_handler.log_command:Invoked command in '/home/sunrise/dev_ws/build/voice_driver' returned '0': CMAKE_PREFIX_PATH=${CMAKE_PREFIX_PATH}:/home/sunrise/dev_ws/install/racing_stage2:/home/sunrise/dev_ws/install/racing_stage1:/home/sunrise/dev_ws/install/qr_scanner:/home/sunrise/dev_ws/install/bno055:/opt/tros/humble:/opt/ros/humble /usr/bin/cmake --build /home/sunrise/dev_ws/build/voice_driver -- -j8 -l8
[156.939s] DEBUG:colcon.colcon_core.event_handler.log_command:Invoking command in '/home/sunrise/dev_ws/build/voice_driver': CMAKE_PREFIX_PATH=${CMAKE_PREFIX_PATH}:/home/sunrise/dev_ws/install/racing_stage2:/home/sunrise/dev_ws/install/racing_stage1:/home/sunrise/dev_ws/install/qr_scanner:/home/sunrise/dev_ws/install/bno055:/opt/tros/humble:/opt/ros/humble /usr/bin/cmake --install /home/sunrise/dev_ws/build/voice_driver
[162.465s] Level 1:colcon.colcon_core.environment:create_environment_scripts_only(voice_driver)
[162.467s] Level 1:colcon.colcon_core.environment:checking '/home/sunrise/dev_ws/install/voice_driver' for CMake module files
[162.470s] DEBUG:colcon.colcon_core.event_handler.log_command:Invoked command in '/home/sunrise/dev_ws/build/voice_driver' returned '0': CMAKE_PREFIX_PATH=${CMAKE_PREFIX_PATH}:/home/sunrise/dev_ws/install/racing_stage2:/home/sunrise/dev_ws/install/racing_stage1:/home/sunrise/dev_ws/install/qr_scanner:/home/sunrise/dev_ws/install/bno055:/opt/tros/humble:/opt/ros/humble /usr/bin/cmake --install /home/sunrise/dev_ws/build/voice_driver
[162.474s] Level 1:colcon.colcon_core.environment:checking '/home/sunrise/dev_ws/install/voice_driver' for CMake config files
[162.478s] Level 1:colcon.colcon_core.shell:create_environment_hook('voice_driver', 'cmake_prefix_path')
[162.480s] INFO:colcon.colcon_core.shell:Creating environment hook '/home/sunrise/dev_ws/install/voice_driver/share/voice_driver/hook/cmake_prefix_path.ps1'
[162.483s] INFO:colcon.colcon_core.shell:Creating environment descriptor '/home/sunrise/dev_ws/install/voice_driver/share/voice_driver/hook/cmake_prefix_path.dsv'
[162.486s] INFO:colcon.colcon_core.shell:Creating environment hook '/home/sunrise/dev_ws/install/voice_driver/share/voice_driver/hook/cmake_prefix_path.sh'
[162.491s] Level 1:colcon.colcon_core.environment:checking '/home/sunrise/dev_ws/install/voice_driver/lib'
[162.492s] Level 1:colcon.colcon_core.shell:create_environment_hook('voice_driver', 'ld_library_path_lib')
[162.494s] INFO:colcon.colcon_core.shell:Creating environment hook '/home/sunrise/dev_ws/install/voice_driver/share/voice_driver/hook/ld_library_path_lib.ps1'
[162.497s] INFO:colcon.colcon_core.shell:Creating environment descriptor '/home/sunrise/dev_ws/install/voice_driver/share/voice_driver/hook/ld_library_path_lib.dsv'
[162.500s] INFO:colcon.colcon_core.shell:Creating environment hook '/home/sunrise/dev_ws/install/voice_driver/share/voice_driver/hook/ld_library_path_lib.sh'
[162.503s] Level 1:colcon.colcon_core.environment:checking '/home/sunrise/dev_ws/install/voice_driver/bin'
[162.505s] Level 1:colcon.colcon_core.environment:checking '/home/sunrise/dev_ws/install/voice_driver/lib/pkgconfig/voice_driver.pc'
[162.507s] Level 1:colcon.colcon_core.environment:checking '/home/sunrise/dev_ws/install/voice_driver/lib/python3.10/site-packages'
[162.510s] Level 1:colcon.colcon_core.environment:checking '/home/sunrise/dev_ws/install/voice_driver/bin'
[162.513s] INFO:colcon.colcon_core.shell:Creating package script '/home/sunrise/dev_ws/install/voice_driver/share/voice_driver/package.ps1'
[162.518s] INFO:colcon.colcon_core.shell:Creating package descriptor '/home/sunrise/dev_ws/install/voice_driver/share/voice_driver/package.dsv'
[162.523s] INFO:colcon.colcon_core.shell:Creating package script '/home/sunrise/dev_ws/install/voice_driver/share/voice_driver/package.sh'
[162.527s] INFO:colcon.colcon_core.shell:Creating package script '/home/sunrise/dev_ws/install/voice_driver/share/voice_driver/package.bash'
[162.530s] INFO:colcon.colcon_core.shell:Creating package script '/home/sunrise/dev_ws/install/voice_driver/share/voice_driver/package.zsh'
[162.533s] Level 1:colcon.colcon_core.environment:create_file_with_runtime_dependencies(/home/sunrise/dev_ws/install/voice_driver/share/colcon-core/packages/voice_driver)
[162.539s] Level 1:colcon.colcon_core.environment:create_environment_scripts_only(voice_driver)
[162.541s] Level 1:colcon.colcon_core.environment:checking '/home/sunrise/dev_ws/install/voice_driver' for CMake module files
[162.546s] Level 1:colcon.colcon_core.environment:checking '/home/sunrise/dev_ws/install/voice_driver' for CMake config files
[162.550s] Level 1:colcon.colcon_core.shell:create_environment_hook('voice_driver', 'cmake_prefix_path')
[162.552s] INFO:colcon.colcon_core.shell:Creating environment hook '/home/sunrise/dev_ws/install/voice_driver/share/voice_driver/hook/cmake_prefix_path.ps1'
[162.555s] INFO:colcon.colcon_core.shell:Creating environment descriptor '/home/sunrise/dev_ws/install/voice_driver/share/voice_driver/hook/cmake_prefix_path.dsv'
[162.559s] INFO:colcon.colcon_core.shell:Creating environment hook '/home/sunrise/dev_ws/install/voice_driver/share/voice_driver/hook/cmake_prefix_path.sh'
[162.563s] Level 1:colcon.colcon_core.environment:checking '/home/sunrise/dev_ws/install/voice_driver/lib'
[162.564s] Level 1:colcon.colcon_core.shell:create_environment_hook('voice_driver', 'ld_library_path_lib')
[162.566s] INFO:colcon.colcon_core.shell:Creating environment hook '/home/sunrise/dev_ws/install/voice_driver/share/voice_driver/hook/ld_library_path_lib.ps1'
[162.570s] INFO:colcon.colcon_core.shell:Creating environment descriptor '/home/sunrise/dev_ws/install/voice_driver/share/voice_driver/hook/ld_library_path_lib.dsv'
[162.573s] INFO:colcon.colcon_core.shell:Creating environment hook '/home/sunrise/dev_ws/install/voice_driver/share/voice_driver/hook/ld_library_path_lib.sh'
[162.577s] Level 1:colcon.colcon_core.environment:checking '/home/sunrise/dev_ws/install/voice_driver/bin'
[162.578s] Level 1:colcon.colcon_core.environment:checking '/home/sunrise/dev_ws/install/voice_driver/lib/pkgconfig/voice_driver.pc'
[162.580s] Level 1:colcon.colcon_core.environment:checking '/home/sunrise/dev_ws/install/voice_driver/lib/python3.10/site-packages'
[162.583s] Level 1:colcon.colcon_core.environment:checking '/home/sunrise/dev_ws/install/voice_driver/bin'
[162.585s] INFO:colcon.colcon_core.shell:Creating package script '/home/sunrise/dev_ws/install/voice_driver/share/voice_driver/package.ps1'
[162.591s] INFO:colcon.colcon_core.shell:Creating package descriptor '/home/sunrise/dev_ws/install/voice_driver/share/voice_driver/package.dsv'
[162.596s] INFO:colcon.colcon_core.shell:Creating package script '/home/sunrise/dev_ws/install/voice_driver/share/voice_driver/package.sh'
[162.601s] INFO:colcon.colcon_core.shell:Creating package script '/home/sunrise/dev_ws/install/voice_driver/share/voice_driver/package.bash'
[162.605s] INFO:colcon.colcon_core.shell:Creating package script '/home/sunrise/dev_ws/install/voice_driver/share/voice_driver/package.zsh'
[162.610s] Level 1:colcon.colcon_core.environment:create_file_with_runtime_dependencies(/home/sunrise/dev_ws/install/voice_driver/share/colcon-core/packages/voice_driver)
[229.711s] DEBUG:colcon.colcon_core.event_handler.log_command:Invoked command in '/home/sunrise/dev_ws/build/origincar_base' returned '0': CMAKE_PREFIX_PATH=/home/sunrise/dev_ws/install/serial:/home/sunrise/dev_ws/install/origincar_msg:/home/sunrise/dev_ws/install/origincar_description:/home/sunrise/dev_ws/install/ackermann_msgs:/home/sunrise/dev_ws/install/origincar_base:/home/sunrise/dev_ws/install/origincar_bringup:/home/sunrise/dev_ws/install/lslidar_driver:/home/sunrise/dev_ws/install/lslidar_msgs:/home/sunrise/dev_ws/install/racing_stage2:/home/sunrise/dev_ws/install/racing_stage1:/home/sunrise/dev_ws/install/qr_scanner:/home/sunrise/dev_ws/install/bno055:/opt/tros/humble:/opt/ros/humble LD_LIBRARY_PATH=/home/sunrise/dev_ws/install/origincar_msg/lib:/home/sunrise/dev_ws/install/ackermann_msgs/lib:/home/sunrise/dev_ws/install/origincar_base/lib:/home/sunrise/dev_ws/install/serial/lib:/home/sunrise/dev_ws/install/lslidar_msgs/lib:/opt/tros/humble/lib/aarch64-linux-gnu:/opt/tros/humble/lib:/opt/ros/humble/opt/rviz_ogre_vendor/lib:/opt/ros/humble/lib/aarch64-linux-gnu:/opt/ros/humble/lib:/usr/hobot/lib:/app/lib:/app/pub/lib:/middleware/lib:/middleware/pub/lib:/usr/hobot/lib/sensor:/system/lib:/system/usr/lib:/lib:/usr/hobot/lib:/app/lib:/app/pub/lib:/middleware/lib:/middleware/pub/lib:/usr/hobot/lib/sensor:/system/lib:/system/usr/lib:/lib /usr/bin/cmake --build /home/sunrise/dev_ws/build/origincar_base -- -j8 -l8
[229.719s] DEBUG:colcon.colcon_core.event_handler.log_command:Invoking command in '/home/sunrise/dev_ws/build/origincar_base': CMAKE_PREFIX_PATH=/home/sunrise/dev_ws/install/serial:/home/sunrise/dev_ws/install/origincar_msg:/home/sunrise/dev_ws/install/origincar_description:/home/sunrise/dev_ws/install/ackermann_msgs:/home/sunrise/dev_ws/install/origincar_base:/home/sunrise/dev_ws/install/origincar_bringup:/home/sunrise/dev_ws/install/lslidar_driver:/home/sunrise/dev_ws/install/lslidar_msgs:/home/sunrise/dev_ws/install/racing_stage2:/home/sunrise/dev_ws/install/racing_stage1:/home/sunrise/dev_ws/install/qr_scanner:/home/sunrise/dev_ws/install/bno055:/opt/tros/humble:/opt/ros/humble LD_LIBRARY_PATH=/home/sunrise/dev_ws/install/origincar_msg/lib:/home/sunrise/dev_ws/install/ackermann_msgs/lib:/home/sunrise/dev_ws/install/origincar_base/lib:/home/sunrise/dev_ws/install/serial/lib:/home/sunrise/dev_ws/install/lslidar_msgs/lib:/opt/tros/humble/lib/aarch64-linux-gnu:/opt/tros/humble/lib:/opt/ros/humble/opt/rviz_ogre_vendor/lib:/opt/ros/humble/lib/aarch64-linux-gnu:/opt/ros/humble/lib:/usr/hobot/lib:/app/lib:/app/pub/lib:/middleware/lib:/middleware/pub/lib:/usr/hobot/lib/sensor:/system/lib:/system/usr/lib:/lib:/usr/hobot/lib:/app/lib:/app/pub/lib:/middleware/lib:/middleware/pub/lib:/usr/hobot/lib/sensor:/system/lib:/system/usr/lib:/lib /usr/bin/cmake --install /home/sunrise/dev_ws/build/origincar_base
[233.513s] Level 1:colcon.colcon_core.environment:create_environment_scripts_only(origincar_base)
[233.515s] Level 1:colcon.colcon_core.environment:checking '/home/sunrise/dev_ws/install/origincar_base' for CMake module files
[233.517s] DEBUG:colcon.colcon_core.event_handler.log_command:Invoked command in '/home/sunrise/dev_ws/build/origincar_base' returned '0': CMAKE_PREFIX_PATH=/home/sunrise/dev_ws/install/serial:/home/sunrise/dev_ws/install/origincar_msg:/home/sunrise/dev_ws/install/origincar_description:/home/sunrise/dev_ws/install/ackermann_msgs:/home/sunrise/dev_ws/install/origincar_base:/home/sunrise/dev_ws/install/origincar_bringup:/home/sunrise/dev_ws/install/lslidar_driver:/home/sunrise/dev_ws/install/lslidar_msgs:/home/sunrise/dev_ws/install/racing_stage2:/home/sunrise/dev_ws/install/racing_stage1:/home/sunrise/dev_ws/install/qr_scanner:/home/sunrise/dev_ws/install/bno055:/opt/tros/humble:/opt/ros/humble LD_LIBRARY_PATH=/home/sunrise/dev_ws/install/origincar_msg/lib:/home/sunrise/dev_ws/install/ackermann_msgs/lib:/home/sunrise/dev_ws/install/origincar_base/lib:/home/sunrise/dev_ws/install/serial/lib:/home/sunrise/dev_ws/install/lslidar_msgs/lib:/opt/tros/humble/lib/aarch64-linux-gnu:/opt/tros/humble/lib:/opt/ros/humble/opt/rviz_ogre_vendor/lib:/opt/ros/humble/lib/aarch64-linux-gnu:/opt/ros/humble/lib:/usr/hobot/lib:/app/lib:/app/pub/lib:/middleware/lib:/middleware/pub/lib:/usr/hobot/lib/sensor:/system/lib:/system/usr/lib:/lib:/usr/hobot/lib:/app/lib:/app/pub/lib:/middleware/lib:/middleware/pub/lib:/usr/hobot/lib/sensor:/system/lib:/system/usr/lib:/lib /usr/bin/cmake --install /home/sunrise/dev_ws/build/origincar_base
[233.521s] Level 1:colcon.colcon_core.environment:checking '/home/sunrise/dev_ws/install/origincar_base' for CMake config files
[233.524s] Level 1:colcon.colcon_core.shell:create_environment_hook('origincar_base', 'cmake_prefix_path')
[233.526s] INFO:colcon.colcon_core.shell:Creating environment hook '/home/sunrise/dev_ws/install/origincar_base/share/origincar_base/hook/cmake_prefix_path.ps1'
[233.530s] INFO:colcon.colcon_core.shell:Creating environment descriptor '/home/sunrise/dev_ws/install/origincar_base/share/origincar_base/hook/cmake_prefix_path.dsv'
[233.534s] INFO:colcon.colcon_core.shell:Creating environment hook '/home/sunrise/dev_ws/install/origincar_base/share/origincar_base/hook/cmake_prefix_path.sh'
[233.540s] Level 1:colcon.colcon_core.environment:checking '/home/sunrise/dev_ws/install/origincar_base/lib'
[233.541s] Level 1:colcon.colcon_core.shell:create_environment_hook('origincar_base', 'ld_library_path_lib')
[233.543s] INFO:colcon.colcon_core.shell:Creating environment hook '/home/sunrise/dev_ws/install/origincar_base/share/origincar_base/hook/ld_library_path_lib.ps1'
[233.547s] INFO:colcon.colcon_core.shell:Creating environment descriptor '/home/sunrise/dev_ws/install/origincar_base/share/origincar_base/hook/ld_library_path_lib.dsv'
[233.550s] INFO:colcon.colcon_core.shell:Creating environment hook '/home/sunrise/dev_ws/install/origincar_base/share/origincar_base/hook/ld_library_path_lib.sh'
[233.555s] Level 1:colcon.colcon_core.environment:checking '/home/sunrise/dev_ws/install/origincar_base/bin'
[233.556s] Level 1:colcon.colcon_core.environment:checking '/home/sunrise/dev_ws/install/origincar_base/lib/pkgconfig/origincar_base.pc'
[233.559s] Level 1:colcon.colcon_core.environment:checking '/home/sunrise/dev_ws/install/origincar_base/lib/python3.10/site-packages'
[233.563s] Level 1:colcon.colcon_core.environment:checking '/home/sunrise/dev_ws/install/origincar_base/bin'
[233.566s] INFO:colcon.colcon_core.shell:Creating package script '/home/sunrise/dev_ws/install/origincar_base/share/origincar_base/package.ps1'
[233.573s] INFO:colcon.colcon_core.shell:Creating package descriptor '/home/sunrise/dev_ws/install/origincar_base/share/origincar_base/package.dsv'
[233.578s] INFO:colcon.colcon_core.shell:Creating package script '/home/sunrise/dev_ws/install/origincar_base/share/origincar_base/package.sh'
[233.583s] INFO:colcon.colcon_core.shell:Creating package script '/home/sunrise/dev_ws/install/origincar_base/share/origincar_base/package.bash'
[233.587s] INFO:colcon.colcon_core.shell:Creating package script '/home/sunrise/dev_ws/install/origincar_base/share/origincar_base/package.zsh'
[233.591s] Level 1:colcon.colcon_core.environment:create_file_with_runtime_dependencies(/home/sunrise/dev_ws/install/origincar_base/share/colcon-core/packages/origincar_base)
[233.597s] Level 1:colcon.colcon_core.environment:create_environment_scripts_only(origincar_base)
[233.599s] Level 1:colcon.colcon_core.environment:checking '/home/sunrise/dev_ws/install/origincar_base' for CMake module files
[233.604s] Level 1:colcon.colcon_core.environment:checking '/home/sunrise/dev_ws/install/origincar_base' for CMake config files
[233.607s] Level 1:colcon.colcon_core.shell:create_environment_hook('origincar_base', 'cmake_prefix_path')
[233.609s] INFO:colcon.colcon_core.shell:Creating environment hook '/home/sunrise/dev_ws/install/origincar_base/share/origincar_base/hook/cmake_prefix_path.ps1'
[233.614s] INFO:colcon.colcon_core.shell:Creating environment descriptor '/home/sunrise/dev_ws/install/origincar_base/share/origincar_base/hook/cmake_prefix_path.dsv'
[233.617s] INFO:colcon.colcon_core.shell:Creating environment hook '/home/sunrise/dev_ws/install/origincar_base/share/origincar_base/hook/cmake_prefix_path.sh'
[233.621s] Level 1:colcon.colcon_core.environment:checking '/home/sunrise/dev_ws/install/origincar_base/lib'
[233.622s] Level 1:colcon.colcon_core.shell:create_environment_hook('origincar_base', 'ld_library_path_lib')
[233.624s] INFO:colcon.colcon_core.shell:Creating environment hook '/home/sunrise/dev_ws/install/origincar_base/share/origincar_base/hook/ld_library_path_lib.ps1'
[233.627s] INFO:colcon.colcon_core.shell:Creating environment descriptor '/home/sunrise/dev_ws/install/origincar_base/share/origincar_base/hook/ld_library_path_lib.dsv'
[233.630s] INFO:colcon.colcon_core.shell:Creating environment hook '/home/sunrise/dev_ws/install/origincar_base/share/origincar_base/hook/ld_library_path_lib.sh'
[233.633s] Level 1:colcon.colcon_core.environment:checking '/home/sunrise/dev_ws/install/origincar_base/bin'
[233.634s] Level 1:colcon.colcon_core.environment:checking '/home/sunrise/dev_ws/install/origincar_base/lib/pkgconfig/origincar_base.pc'
[233.636s] Level 1:colcon.colcon_core.environment:checking '/home/sunrise/dev_ws/install/origincar_base/lib/python3.10/site-packages'
[233.639s] Level 1:colcon.colcon_core.environment:checking '/home/sunrise/dev_ws/install/origincar_base/bin'
[233.642s] INFO:colcon.colcon_core.shell:Creating package script '/home/sunrise/dev_ws/install/origincar_base/share/origincar_base/package.ps1'
[233.647s] INFO:colcon.colcon_core.shell:Creating package descriptor '/home/sunrise/dev_ws/install/origincar_base/share/origincar_base/package.dsv'
[233.652s] INFO:colcon.colcon_core.shell:Creating package script '/home/sunrise/dev_ws/install/origincar_base/share/origincar_base/package.sh'
[233.655s] INFO:colcon.colcon_core.shell:Creating package script '/home/sunrise/dev_ws/install/origincar_base/share/origincar_base/package.bash'
[233.659s] INFO:colcon.colcon_core.shell:Creating package script '/home/sunrise/dev_ws/install/origincar_base/share/origincar_base/package.zsh'
[233.663s] Level 1:colcon.colcon_core.environment:create_file_with_runtime_dependencies(/home/sunrise/dev_ws/install/origincar_base/share/colcon-core/packages/origincar_base)
[238.756s] DEBUG:colcon.colcon_core.event_handler.log_command:Invoked command in '/home/sunrise/dev_ws/build/lslidar_driver' returned '0': CMAKE_PREFIX_PATH=/home/sunrise/dev_ws/install/lslidar_msgs:/home/sunrise/dev_ws/install/origincar_base:/home/sunrise/dev_ws/install/serial:/home/sunrise/dev_ws/install/origincar_msg:/home/sunrise/dev_ws/install/origincar_description:/home/sunrise/dev_ws/install/origincar_bringup:/home/sunrise/dev_ws/install/lslidar_driver:/home/sunrise/dev_ws/install/ackermann_msgs:/home/sunrise/dev_ws/install/racing_stage2:/home/sunrise/dev_ws/install/racing_stage1:/home/sunrise/dev_ws/install/qr_scanner:/home/sunrise/dev_ws/install/bno055:/opt/tros/humble:/opt/ros/humble LD_LIBRARY_PATH=/home/sunrise/dev_ws/install/lslidar_msgs/lib:/home/sunrise/dev_ws/install/origincar_base/lib:/home/sunrise/dev_ws/install/serial/lib:/home/sunrise/dev_ws/install/origincar_msg/lib:/home/sunrise/dev_ws/install/ackermann_msgs/lib:/opt/tros/humble/lib/aarch64-linux-gnu:/opt/tros/humble/lib:/opt/ros/humble/opt/rviz_ogre_vendor/lib:/opt/ros/humble/lib/aarch64-linux-gnu:/opt/ros/humble/lib:/usr/hobot/lib:/app/lib:/app/pub/lib:/middleware/lib:/middleware/pub/lib:/usr/hobot/lib/sensor:/system/lib:/system/usr/lib:/lib:/usr/hobot/lib:/app/lib:/app/pub/lib:/middleware/lib:/middleware/pub/lib:/usr/hobot/lib/sensor:/system/lib:/system/usr/lib:/lib /usr/bin/cmake --build /home/sunrise/dev_ws/build/lslidar_driver -- -j8 -l8
[238.767s] DEBUG:colcon.colcon_core.event_handler.log_command:Invoking command in '/home/sunrise/dev_ws/build/lslidar_driver': CMAKE_PREFIX_PATH=/home/sunrise/dev_ws/install/lslidar_msgs:/home/sunrise/dev_ws/install/origincar_base:/home/sunrise/dev_ws/install/serial:/home/sunrise/dev_ws/install/origincar_msg:/home/sunrise/dev_ws/install/origincar_description:/home/sunrise/dev_ws/install/origincar_bringup:/home/sunrise/dev_ws/install/lslidar_driver:/home/sunrise/dev_ws/install/ackermann_msgs:/home/sunrise/dev_ws/install/racing_stage2:/home/sunrise/dev_ws/install/racing_stage1:/home/sunrise/dev_ws/install/qr_scanner:/home/sunrise/dev_ws/install/bno055:/opt/tros/humble:/opt/ros/humble LD_LIBRARY_PATH=/home/sunrise/dev_ws/install/lslidar_msgs/lib:/home/sunrise/dev_ws/install/origincar_base/lib:/home/sunrise/dev_ws/install/serial/lib:/home/sunrise/dev_ws/install/origincar_msg/lib:/home/sunrise/dev_ws/install/ackermann_msgs/lib:/opt/tros/humble/lib/aarch64-linux-gnu:/opt/tros/humble/lib:/opt/ros/humble/opt/rviz_ogre_vendor/lib:/opt/ros/humble/lib/aarch64-linux-gnu:/opt/ros/humble/lib:/usr/hobot/lib:/app/lib:/app/pub/lib:/middleware/lib:/middleware/pub/lib:/usr/hobot/lib/sensor:/system/lib:/system/usr/lib:/lib:/usr/hobot/lib:/app/lib:/app/pub/lib:/middleware/lib:/middleware/pub/lib:/usr/hobot/lib/sensor:/system/lib:/system/usr/lib:/lib /usr/bin/cmake --install /home/sunrise/dev_ws/build/lslidar_driver
[240.055s] Level 1:colcon.colcon_core.environment:create_environment_scripts_only(lslidar_driver)
[240.063s] Level 1:colcon.colcon_core.environment:checking '/home/sunrise/dev_ws/install/lslidar_driver' for CMake module files
[240.067s] DEBUG:colcon.colcon_core.event_handler.log_command:Invoked command in '/home/sunrise/dev_ws/build/lslidar_driver' returned '0': CMAKE_PREFIX_PATH=/home/sunrise/dev_ws/install/lslidar_msgs:/home/sunrise/dev_ws/install/origincar_base:/home/sunrise/dev_ws/install/serial:/home/sunrise/dev_ws/install/origincar_msg:/home/sunrise/dev_ws/install/origincar_description:/home/sunrise/dev_ws/install/origincar_bringup:/home/sunrise/dev_ws/install/lslidar_driver:/home/sunrise/dev_ws/install/ackermann_msgs:/home/sunrise/dev_ws/install/racing_stage2:/home/sunrise/dev_ws/install/racing_stage1:/home/sunrise/dev_ws/install/qr_scanner:/home/sunrise/dev_ws/install/bno055:/opt/tros/humble:/opt/ros/humble LD_LIBRARY_PATH=/home/sunrise/dev_ws/install/lslidar_msgs/lib:/home/sunrise/dev_ws/install/origincar_base/lib:/home/sunrise/dev_ws/install/serial/lib:/home/sunrise/dev_ws/install/origincar_msg/lib:/home/sunrise/dev_ws/install/ackermann_msgs/lib:/opt/tros/humble/lib/aarch64-linux-gnu:/opt/tros/humble/lib:/opt/ros/humble/opt/rviz_ogre_vendor/lib:/opt/ros/humble/lib/aarch64-linux-gnu:/opt/ros/humble/lib:/usr/hobot/lib:/app/lib:/app/pub/lib:/middleware/lib:/middleware/pub/lib:/usr/hobot/lib/sensor:/system/lib:/system/usr/lib:/lib:/usr/hobot/lib:/app/lib:/app/pub/lib:/middleware/lib:/middleware/pub/lib:/usr/hobot/lib/sensor:/system/lib:/system/usr/lib:/lib /usr/bin/cmake --install /home/sunrise/dev_ws/build/lslidar_driver
[240.073s] Level 1:colcon.colcon_core.environment:checking '/home/sunrise/dev_ws/install/lslidar_driver' for CMake config files
[240.077s] Level 1:colcon.colcon_core.shell:create_environment_hook('lslidar_driver', 'cmake_prefix_path')
[240.083s] INFO:colcon.colcon_core.shell:Creating environment hook '/home/sunrise/dev_ws/install/lslidar_driver/share/lslidar_driver/hook/cmake_prefix_path.ps1'
[240.087s] INFO:colcon.colcon_core.shell:Creating environment descriptor '/home/sunrise/dev_ws/install/lslidar_driver/share/lslidar_driver/hook/cmake_prefix_path.dsv'
[240.089s] INFO:colcon.colcon_core.shell:Creating environment hook '/home/sunrise/dev_ws/install/lslidar_driver/share/lslidar_driver/hook/cmake_prefix_path.sh'
[240.092s] Level 1:colcon.colcon_core.environment:checking '/home/sunrise/dev_ws/install/lslidar_driver/lib'
[240.092s] Level 1:colcon.colcon_core.environment:checking '/home/sunrise/dev_ws/install/lslidar_driver/bin'
[240.093s] Level 1:colcon.colcon_core.environment:checking '/home/sunrise/dev_ws/install/lslidar_driver/lib/pkgconfig/lslidar_driver.pc'
[240.094s] Level 1:colcon.colcon_core.environment:checking '/home/sunrise/dev_ws/install/lslidar_driver/lib/python3.10/site-packages'
[240.096s] Level 1:colcon.colcon_core.environment:checking '/home/sunrise/dev_ws/install/lslidar_driver/bin'
[240.098s] INFO:colcon.colcon_core.shell:Creating package script '/home/sunrise/dev_ws/install/lslidar_driver/share/lslidar_driver/package.ps1'
[240.103s] INFO:colcon.colcon_core.shell:Creating package descriptor '/home/sunrise/dev_ws/install/lslidar_driver/share/lslidar_driver/package.dsv'
[240.107s] INFO:colcon.colcon_core.shell:Creating package script '/home/sunrise/dev_ws/install/lslidar_driver/share/lslidar_driver/package.sh'
[240.110s] INFO:colcon.colcon_core.shell:Creating package script '/home/sunrise/dev_ws/install/lslidar_driver/share/lslidar_driver/package.bash'
[240.113s] INFO:colcon.colcon_core.shell:Creating package script '/home/sunrise/dev_ws/install/lslidar_driver/share/lslidar_driver/package.zsh'
[240.115s] Level 1:colcon.colcon_core.environment:create_file_with_runtime_dependencies(/home/sunrise/dev_ws/install/lslidar_driver/share/colcon-core/packages/lslidar_driver)
[240.118s] Level 1:colcon.colcon_core.environment:create_environment_scripts_only(lslidar_driver)
[240.120s] Level 1:colcon.colcon_core.environment:checking '/home/sunrise/dev_ws/install/lslidar_driver' for CMake module files
[240.124s] Level 1:colcon.colcon_core.environment:checking '/home/sunrise/dev_ws/install/lslidar_driver' for CMake config files
[240.126s] Level 1:colcon.colcon_core.shell:create_environment_hook('lslidar_driver', 'cmake_prefix_path')
[240.127s] INFO:colcon.colcon_core.shell:Creating environment hook '/home/sunrise/dev_ws/install/lslidar_driver/share/lslidar_driver/hook/cmake_prefix_path.ps1'
[240.130s] INFO:colcon.colcon_core.shell:Creating environment descriptor '/home/sunrise/dev_ws/install/lslidar_driver/share/lslidar_driver/hook/cmake_prefix_path.dsv'
[240.132s] INFO:colcon.colcon_core.shell:Creating environment hook '/home/sunrise/dev_ws/install/lslidar_driver/share/lslidar_driver/hook/cmake_prefix_path.sh'
[240.135s] Level 1:colcon.colcon_core.environment:checking '/home/sunrise/dev_ws/install/lslidar_driver/lib'
[240.136s] Level 1:colcon.colcon_core.environment:checking '/home/sunrise/dev_ws/install/lslidar_driver/bin'
[240.136s] Level 1:colcon.colcon_core.environment:checking '/home/sunrise/dev_ws/install/lslidar_driver/lib/pkgconfig/lslidar_driver.pc'
[240.138s] Level 1:colcon.colcon_core.environment:checking '/home/sunrise/dev_ws/install/lslidar_driver/lib/python3.10/site-packages'
[240.140s] Level 1:colcon.colcon_core.environment:checking '/home/sunrise/dev_ws/install/lslidar_driver/bin'
[240.142s] INFO:colcon.colcon_core.shell:Creating package script '/home/sunrise/dev_ws/install/lslidar_driver/share/lslidar_driver/package.ps1'
[240.147s] INFO:colcon.colcon_core.shell:Creating package descriptor '/home/sunrise/dev_ws/install/lslidar_driver/share/lslidar_driver/package.dsv'
[240.150s] INFO:colcon.colcon_core.shell:Creating package script '/home/sunrise/dev_ws/install/lslidar_driver/share/lslidar_driver/package.sh'
[240.153s] INFO:colcon.colcon_core.shell:Creating package script '/home/sunrise/dev_ws/install/lslidar_driver/share/lslidar_driver/package.bash'
[240.155s] INFO:colcon.colcon_core.shell:Creating package script '/home/sunrise/dev_ws/install/lslidar_driver/share/lslidar_driver/package.zsh'
[240.157s] Level 1:colcon.colcon_core.environment:create_file_with_runtime_dependencies(/home/sunrise/dev_ws/install/lslidar_driver/share/colcon-core/packages/lslidar_driver)
[240.159s] DEBUG:colcon.colcon_parallel_executor.executor.parallel:closing loop
[240.160s] DEBUG:colcon.colcon_parallel_executor.executor.parallel:loop closed
[240.161s] DEBUG:colcon.colcon_parallel_executor.executor.parallel:run_until_complete finished with '0'
[240.161s] DEBUG:colcon.colcon_core.event_reactor:joining thread
[240.168s] DEBUG:colcon.colcon_core.event_reactor:joined thread
[240.170s] INFO:colcon.colcon_core.shell:Creating prefix script '/home/sunrise/dev_ws/install/local_setup.ps1'
[240.176s] INFO:colcon.colcon_core.shell:Creating prefix util module '/home/sunrise/dev_ws/install/_local_setup_util_ps1.py'
[240.186s] INFO:colcon.colcon_core.shell:Creating prefix chain script '/home/sunrise/dev_ws/install/setup.ps1'
[240.197s] INFO:colcon.colcon_core.shell:Creating prefix script '/home/sunrise/dev_ws/install/local_setup.sh'
[240.200s] INFO:colcon.colcon_core.shell:Creating prefix util module '/home/sunrise/dev_ws/install/_local_setup_util_sh.py'
[240.204s] INFO:colcon.colcon_core.shell:Creating prefix chain script '/home/sunrise/dev_ws/install/setup.sh'
[240.213s] INFO:colcon.colcon_core.shell:Creating prefix script '/home/sunrise/dev_ws/install/local_setup.bash'
[240.215s] INFO:colcon.colcon_core.shell:Creating prefix chain script '/home/sunrise/dev_ws/install/setup.bash'
[240.223s] INFO:colcon.colcon_core.shell:Creating prefix script '/home/sunrise/dev_ws/install/local_setup.zsh'
[240.226s] INFO:colcon.colcon_core.shell:Creating prefix chain script '/home/sunrise/dev_ws/install/setup.zsh'
