[0.736s] DEBUG:colcon:Command line arguments: ['/usr/bin/colcon', 'build', '--symlink-install', '--packages-up-to', 'racing_stage2_param_test']
[0.737s] DEBUG:colcon:Parsed command line arguments: Namespace(log_base=None, log_level=None, verb_name='build', build_base='build', install_base='install', merge_install=False, symlink_install=True, test_result_base=None, continue_on_error=False, executor='parallel', parallel_workers=8, event_handlers=None, ignore_user_meta=False, metas=['./colcon.meta'], base_paths=['.'], packages_ignore=None, packages_ignore_regex=None, paths=None, packages_up_to=['racing_stage2_param_test'], packages_up_to_regex=None, packages_above=None, packages_above_and_dependencies=None, packages_above_depth=None, packages_select_by_dep=None, packages_skip_by_dep=None, packages_skip_up_to=None, packages_select_build_failed=False, packages_skip_build_finished=False, packages_select_test_failures=False, packages_skip_test_passed=False, packages_select=None, packages_skip=None, packages_select_regex=None, packages_skip_regex=None, packages_start=None, packages_end=None, allow_overriding=[], cmake_args=None, cmake_target=None, cmake_target_skip_unavailable=False, cmake_clean_cache=False, cmake_clean_first=False, cmake_force_configure=False, ament_cmake_args=None, catkin_cmake_args=None, catkin_skip_building_tests=False, verb_parser=<colcon_defaults.argument_parser.defaults.DefaultArgumentsDecorator object at 0xffff8f2f0f40>, verb_extension=<colcon_core.verb.build.BuildVerb object at 0xffff8f496e00>, main=<bound method BuildVerb.main of <colcon_core.verb.build.BuildVerb object at 0xffff8f496e00>>)
[2.022s] Level 1:colcon.colcon_core.package_discovery:discover_packages(colcon_meta) check parameters
[2.023s] Level 1:colcon.colcon_core.package_discovery:discover_packages(recursive) check parameters
[2.023s] Level 1:colcon.colcon_core.package_discovery:discover_packages(ignore) check parameters
[2.024s] Level 1:colcon.colcon_core.package_discovery:discover_packages(path) check parameters
[2.024s] Level 1:colcon.colcon_core.package_discovery:discover_packages(colcon_meta) discover
[2.024s] Level 1:colcon.colcon_core.package_discovery:discover_packages(recursive) discover
[2.025s] INFO:colcon.colcon_core.package_discovery:Crawling recursively for packages in '/home/sunrise/dev_ws'
[2.025s] Level 1:colcon.colcon_core.package_identification:_identify(.) by extensions ['ignore', 'ignore_ament_install']
[2.026s] Level 1:colcon.colcon_core.package_identification:_identify(.) by extension 'ignore'
[2.026s] Level 1:colcon.colcon_core.package_identification:_identify(.) by extension 'ignore_ament_install'
[2.027s] Level 1:colcon.colcon_core.package_identification:_identify(.) by extensions ['colcon_pkg']
[2.027s] Level 1:colcon.colcon_core.package_identification:_identify(.) by extension 'colcon_pkg'
[2.027s] Level 1:colcon.colcon_core.package_identification:_identify(.) by extensions ['colcon_meta']
[2.027s] Level 1:colcon.colcon_core.package_identification:_identify(.) by extension 'colcon_meta'
[2.028s] Level 1:colcon.colcon_core.package_identification:_identify(.) by extensions ['ros']
[2.028s] Level 1:colcon.colcon_core.package_identification:_identify(.) by extension 'ros'
[2.104s] Level 1:colcon.colcon_core.package_identification:_identify(.) by extensions ['cmake', 'python']
[2.105s] Level 1:colcon.colcon_core.package_identification:_identify(.) by extension 'cmake'
[2.105s] Level 1:colcon.colcon_core.package_identification:_identify(.) by extension 'python'
[2.106s] Level 1:colcon.colcon_core.package_identification:_identify(.) by extensions ['python_setup_py']
[2.106s] Level 1:colcon.colcon_core.package_identification:_identify(.) by extension 'python_setup_py'
[2.107s] Level 1:colcon.colcon_core.package_identification:_identify(build) by extensions ['ignore', 'ignore_ament_install']
[2.107s] Level 1:colcon.colcon_core.package_identification:_identify(build) by extension 'ignore'
[2.107s] Level 1:colcon.colcon_core.package_identification:_identify(build) ignored
[2.108s] Level 1:colcon.colcon_core.package_identification:_identify(install) by extensions ['ignore', 'ignore_ament_install']
[2.109s] Level 1:colcon.colcon_core.package_identification:_identify(install) by extension 'ignore'
[2.109s] Level 1:colcon.colcon_core.package_identification:_identify(install) ignored
[2.109s] Level 1:colcon.colcon_core.package_identification:_identify(log) by extensions ['ignore', 'ignore_ament_install']
[2.110s] Level 1:colcon.colcon_core.package_identification:_identify(log) by extension 'ignore'
[2.110s] Level 1:colcon.colcon_core.package_identification:_identify(log) ignored
[2.111s] Level 1:colcon.colcon_core.package_identification:_identify(src) by extensions ['ignore', 'ignore_ament_install']
[2.111s] Level 1:colcon.colcon_core.package_identification:_identify(src) by extension 'ignore'
[2.111s] Level 1:colcon.colcon_core.package_identification:_identify(src) by extension 'ignore_ament_install'
[2.112s] Level 1:colcon.colcon_core.package_identification:_identify(src) by extensions ['colcon_pkg']
[2.112s] Level 1:colcon.colcon_core.package_identification:_identify(src) by extension 'colcon_pkg'
[2.112s] Level 1:colcon.colcon_core.package_identification:_identify(src) by extensions ['colcon_meta']
[2.113s] Level 1:colcon.colcon_core.package_identification:_identify(src) by extension 'colcon_meta'
[2.113s] Level 1:colcon.colcon_core.package_identification:_identify(src) by extensions ['ros']
[2.113s] Level 1:colcon.colcon_core.package_identification:_identify(src) by extension 'ros'
[2.114s] Level 1:colcon.colcon_core.package_identification:_identify(src) by extensions ['cmake', 'python']
[2.114s] Level 1:colcon.colcon_core.package_identification:_identify(src) by extension 'cmake'
[2.114s] Level 1:colcon.colcon_core.package_identification:_identify(src) by extension 'python'
[2.114s] Level 1:colcon.colcon_core.package_identification:_identify(src) by extensions ['python_setup_py']
[2.114s] Level 1:colcon.colcon_core.package_identification:_identify(src) by extension 'python_setup_py'
[2.115s] Level 1:colcon.colcon_core.package_identification:_identify(src/LSLIDAR_X_ROS2-20240228) by extensions ['ignore', 'ignore_ament_install']
[2.116s] Level 1:colcon.colcon_core.package_identification:_identify(src/LSLIDAR_X_ROS2-20240228) by extension 'ignore'
[2.116s] Level 1:colcon.colcon_core.package_identification:_identify(src/LSLIDAR_X_ROS2-20240228) by extension 'ignore_ament_install'
[2.116s] Level 1:colcon.colcon_core.package_identification:_identify(src/LSLIDAR_X_ROS2-20240228) by extensions ['colcon_pkg']
[2.117s] Level 1:colcon.colcon_core.package_identification:_identify(src/LSLIDAR_X_ROS2-20240228) by extension 'colcon_pkg'
[2.117s] Level 1:colcon.colcon_core.package_identification:_identify(src/LSLIDAR_X_ROS2-20240228) by extensions ['colcon_meta']
[2.117s] Level 1:colcon.colcon_core.package_identification:_identify(src/LSLIDAR_X_ROS2-20240228) by extension 'colcon_meta'
[2.117s] Level 1:colcon.colcon_core.package_identification:_identify(src/LSLIDAR_X_ROS2-20240228) by extensions ['ros']
[2.118s] Level 1:colcon.colcon_core.package_identification:_identify(src/LSLIDAR_X_ROS2-20240228) by extension 'ros'
[2.118s] Level 1:colcon.colcon_core.package_identification:_identify(src/LSLIDAR_X_ROS2-20240228) by extensions ['cmake', 'python']
[2.118s] Level 1:colcon.colcon_core.package_identification:_identify(src/LSLIDAR_X_ROS2-20240228) by extension 'cmake'
[2.118s] Level 1:colcon.colcon_core.package_identification:_identify(src/LSLIDAR_X_ROS2-20240228) by extension 'python'
[2.119s] Level 1:colcon.colcon_core.package_identification:_identify(src/LSLIDAR_X_ROS2-20240228) by extensions ['python_setup_py']
[2.119s] Level 1:colcon.colcon_core.package_identification:_identify(src/LSLIDAR_X_ROS2-20240228) by extension 'python_setup_py'
[2.120s] Level 1:colcon.colcon_core.package_identification:_identify(src/LSLIDAR_X_ROS2-20240228/src) by extensions ['ignore', 'ignore_ament_install']
[2.120s] Level 1:colcon.colcon_core.package_identification:_identify(src/LSLIDAR_X_ROS2-20240228/src) by extension 'ignore'
[2.120s] Level 1:colcon.colcon_core.package_identification:_identify(src/LSLIDAR_X_ROS2-20240228/src) by extension 'ignore_ament_install'
[2.121s] Level 1:colcon.colcon_core.package_identification:_identify(src/LSLIDAR_X_ROS2-20240228/src) by extensions ['colcon_pkg']
[2.121s] Level 1:colcon.colcon_core.package_identification:_identify(src/LSLIDAR_X_ROS2-20240228/src) by extension 'colcon_pkg'
[2.121s] Level 1:colcon.colcon_core.package_identification:_identify(src/LSLIDAR_X_ROS2-20240228/src) by extensions ['colcon_meta']
[2.121s] Level 1:colcon.colcon_core.package_identification:_identify(src/LSLIDAR_X_ROS2-20240228/src) by extension 'colcon_meta'
[2.122s] Level 1:colcon.colcon_core.package_identification:_identify(src/LSLIDAR_X_ROS2-20240228/src) by extensions ['ros']
[2.122s] Level 1:colcon.colcon_core.package_identification:_identify(src/LSLIDAR_X_ROS2-20240228/src) by extension 'ros'
[2.122s] Level 1:colcon.colcon_core.package_identification:_identify(src/LSLIDAR_X_ROS2-20240228/src) by extensions ['cmake', 'python']
[2.123s] Level 1:colcon.colcon_core.package_identification:_identify(src/LSLIDAR_X_ROS2-20240228/src) by extension 'cmake'
[2.123s] Level 1:colcon.colcon_core.package_identification:_identify(src/LSLIDAR_X_ROS2-20240228/src) by extension 'python'
[2.123s] Level 1:colcon.colcon_core.package_identification:_identify(src/LSLIDAR_X_ROS2-20240228/src) by extensions ['python_setup_py']
[2.123s] Level 1:colcon.colcon_core.package_identification:_identify(src/LSLIDAR_X_ROS2-20240228/src) by extension 'python_setup_py'
[2.124s] Level 1:colcon.colcon_core.package_identification:_identify(src/LSLIDAR_X_ROS2-20240228/src/lslidar_driver) by extensions ['ignore', 'ignore_ament_install']
[2.124s] Level 1:colcon.colcon_core.package_identification:_identify(src/LSLIDAR_X_ROS2-20240228/src/lslidar_driver) by extension 'ignore'
[2.125s] Level 1:colcon.colcon_core.package_identification:_identify(src/LSLIDAR_X_ROS2-20240228/src/lslidar_driver) by extension 'ignore_ament_install'
[2.125s] Level 1:colcon.colcon_core.package_identification:_identify(src/LSLIDAR_X_ROS2-20240228/src/lslidar_driver) by extensions ['colcon_pkg']
[2.125s] Level 1:colcon.colcon_core.package_identification:_identify(src/LSLIDAR_X_ROS2-20240228/src/lslidar_driver) by extension 'colcon_pkg'
[2.125s] Level 1:colcon.colcon_core.package_identification:_identify(src/LSLIDAR_X_ROS2-20240228/src/lslidar_driver) by extensions ['colcon_meta']
[2.126s] Level 1:colcon.colcon_core.package_identification:_identify(src/LSLIDAR_X_ROS2-20240228/src/lslidar_driver) by extension 'colcon_meta'
[2.126s] Level 1:colcon.colcon_core.package_identification:_identify(src/LSLIDAR_X_ROS2-20240228/src/lslidar_driver) by extensions ['ros']
[2.126s] Level 1:colcon.colcon_core.package_identification:_identify(src/LSLIDAR_X_ROS2-20240228/src/lslidar_driver) by extension 'ros'
[2.142s] DEBUG:colcon.colcon_core.package_identification:Package 'src/LSLIDAR_X_ROS2-20240228/src/lslidar_driver' with type 'ros.ament_cmake' and name 'lslidar_driver'
[2.143s] Level 1:colcon.colcon_core.package_identification:_identify(src/LSLIDAR_X_ROS2-20240228/src/lslidar_msgs) by extensions ['ignore', 'ignore_ament_install']
[2.143s] Level 1:colcon.colcon_core.package_identification:_identify(src/LSLIDAR_X_ROS2-20240228/src/lslidar_msgs) by extension 'ignore'
[2.144s] Level 1:colcon.colcon_core.package_identification:_identify(src/LSLIDAR_X_ROS2-20240228/src/lslidar_msgs) by extension 'ignore_ament_install'
[2.144s] Level 1:colcon.colcon_core.package_identification:_identify(src/LSLIDAR_X_ROS2-20240228/src/lslidar_msgs) by extensions ['colcon_pkg']
[2.144s] Level 1:colcon.colcon_core.package_identification:_identify(src/LSLIDAR_X_ROS2-20240228/src/lslidar_msgs) by extension 'colcon_pkg'
[2.144s] Level 1:colcon.colcon_core.package_identification:_identify(src/LSLIDAR_X_ROS2-20240228/src/lslidar_msgs) by extensions ['colcon_meta']
[2.145s] Level 1:colcon.colcon_core.package_identification:_identify(src/LSLIDAR_X_ROS2-20240228/src/lslidar_msgs) by extension 'colcon_meta'
[2.145s] Level 1:colcon.colcon_core.package_identification:_identify(src/LSLIDAR_X_ROS2-20240228/src/lslidar_msgs) by extensions ['ros']
[2.145s] Level 1:colcon.colcon_core.package_identification:_identify(src/LSLIDAR_X_ROS2-20240228/src/lslidar_msgs) by extension 'ros'
[2.149s] DEBUG:colcon.colcon_core.package_identification:Package 'src/LSLIDAR_X_ROS2-20240228/src/lslidar_msgs' with type 'ros.ament_cmake' and name 'lslidar_msgs'
[2.150s] Level 1:colcon.colcon_core.package_identification:_identify(src/config) by extensions ['ignore', 'ignore_ament_install']
[2.151s] Level 1:colcon.colcon_core.package_identification:_identify(src/config) by extension 'ignore'
[2.151s] Level 1:colcon.colcon_core.package_identification:_identify(src/config) by extension 'ignore_ament_install'
[2.152s] Level 1:colcon.colcon_core.package_identification:_identify(src/config) by extensions ['colcon_pkg']
[2.152s] Level 1:colcon.colcon_core.package_identification:_identify(src/config) by extension 'colcon_pkg'
[2.152s] Level 1:colcon.colcon_core.package_identification:_identify(src/config) by extensions ['colcon_meta']
[2.152s] Level 1:colcon.colcon_core.package_identification:_identify(src/config) by extension 'colcon_meta'
[2.153s] Level 1:colcon.colcon_core.package_identification:_identify(src/config) by extensions ['ros']
[2.153s] Level 1:colcon.colcon_core.package_identification:_identify(src/config) by extension 'ros'
[2.153s] Level 1:colcon.colcon_core.package_identification:_identify(src/config) by extensions ['cmake', 'python']
[2.153s] Level 1:colcon.colcon_core.package_identification:_identify(src/config) by extension 'cmake'
[2.154s] Level 1:colcon.colcon_core.package_identification:_identify(src/config) by extension 'python'
[2.154s] Level 1:colcon.colcon_core.package_identification:_identify(src/config) by extensions ['python_setup_py']
[2.154s] Level 1:colcon.colcon_core.package_identification:_identify(src/config) by extension 'python_setup_py'
[2.155s] Level 1:colcon.colcon_core.package_identification:_identify(src/log) by extensions ['ignore', 'ignore_ament_install']
[2.155s] Level 1:colcon.colcon_core.package_identification:_identify(src/log) by extension 'ignore'
[2.155s] Level 1:colcon.colcon_core.package_identification:_identify(src/log) by extension 'ignore_ament_install'
[2.156s] Level 1:colcon.colcon_core.package_identification:_identify(src/log) by extensions ['colcon_pkg']
[2.156s] Level 1:colcon.colcon_core.package_identification:_identify(src/log) by extension 'colcon_pkg'
[2.156s] Level 1:colcon.colcon_core.package_identification:_identify(src/log) by extensions ['colcon_meta']
[2.156s] Level 1:colcon.colcon_core.package_identification:_identify(src/log) by extension 'colcon_meta'
[2.157s] Level 1:colcon.colcon_core.package_identification:_identify(src/log) by extensions ['ros']
[2.157s] Level 1:colcon.colcon_core.package_identification:_identify(src/log) by extension 'ros'
[2.157s] Level 1:colcon.colcon_core.package_identification:_identify(src/log) by extensions ['cmake', 'python']
[2.158s] Level 1:colcon.colcon_core.package_identification:_identify(src/log) by extension 'cmake'
[2.158s] Level 1:colcon.colcon_core.package_identification:_identify(src/log) by extension 'python'
[2.158s] Level 1:colcon.colcon_core.package_identification:_identify(src/log) by extensions ['python_setup_py']
[2.158s] Level 1:colcon.colcon_core.package_identification:_identify(src/log) by extension 'python_setup_py'
[2.159s] Level 1:colcon.colcon_core.package_identification:_identify(src/origincar) by extensions ['ignore', 'ignore_ament_install']
[2.159s] Level 1:colcon.colcon_core.package_identification:_identify(src/origincar) by extension 'ignore'
[2.160s] Level 1:colcon.colcon_core.package_identification:_identify(src/origincar) by extension 'ignore_ament_install'
[2.160s] Level 1:colcon.colcon_core.package_identification:_identify(src/origincar) by extensions ['colcon_pkg']
[2.160s] Level 1:colcon.colcon_core.package_identification:_identify(src/origincar) by extension 'colcon_pkg'
[2.160s] Level 1:colcon.colcon_core.package_identification:_identify(src/origincar) by extensions ['colcon_meta']
[2.161s] Level 1:colcon.colcon_core.package_identification:_identify(src/origincar) by extension 'colcon_meta'
[2.161s] Level 1:colcon.colcon_core.package_identification:_identify(src/origincar) by extensions ['ros']
[2.161s] Level 1:colcon.colcon_core.package_identification:_identify(src/origincar) by extension 'ros'
[2.162s] Level 1:colcon.colcon_core.package_identification:_identify(src/origincar) by extensions ['cmake', 'python']
[2.162s] Level 1:colcon.colcon_core.package_identification:_identify(src/origincar) by extension 'cmake'
[2.162s] Level 1:colcon.colcon_core.package_identification:_identify(src/origincar) by extension 'python'
[2.162s] Level 1:colcon.colcon_core.package_identification:_identify(src/origincar) by extensions ['python_setup_py']
[2.163s] Level 1:colcon.colcon_core.package_identification:_identify(src/origincar) by extension 'python_setup_py'
[2.163s] Level 1:colcon.colcon_core.package_identification:_identify(src/origincar/3rdparty) by extensions ['ignore', 'ignore_ament_install']
[2.164s] Level 1:colcon.colcon_core.package_identification:_identify(src/origincar/3rdparty) by extension 'ignore'
[2.164s] Level 1:colcon.colcon_core.package_identification:_identify(src/origincar/3rdparty) by extension 'ignore_ament_install'
[2.164s] Level 1:colcon.colcon_core.package_identification:_identify(src/origincar/3rdparty) by extensions ['colcon_pkg']
[2.164s] Level 1:colcon.colcon_core.package_identification:_identify(src/origincar/3rdparty) by extension 'colcon_pkg'
[2.165s] Level 1:colcon.colcon_core.package_identification:_identify(src/origincar/3rdparty) by extensions ['colcon_meta']
[2.165s] Level 1:colcon.colcon_core.package_identification:_identify(src/origincar/3rdparty) by extension 'colcon_meta'
[2.165s] Level 1:colcon.colcon_core.package_identification:_identify(src/origincar/3rdparty) by extensions ['ros']
[2.165s] Level 1:colcon.colcon_core.package_identification:_identify(src/origincar/3rdparty) by extension 'ros'
[2.166s] Level 1:colcon.colcon_core.package_identification:_identify(src/origincar/3rdparty) by extensions ['cmake', 'python']
[2.166s] Level 1:colcon.colcon_core.package_identification:_identify(src/origincar/3rdparty) by extension 'cmake'
[2.166s] Level 1:colcon.colcon_core.package_identification:_identify(src/origincar/3rdparty) by extension 'python'
[2.167s] Level 1:colcon.colcon_core.package_identification:_identify(src/origincar/3rdparty) by extensions ['python_setup_py']
[2.167s] Level 1:colcon.colcon_core.package_identification:_identify(src/origincar/3rdparty) by extension 'python_setup_py'
[2.168s] Level 1:colcon.colcon_core.package_identification:_identify(src/origincar/3rdparty/ackermann_msgs-ros2) by extensions ['ignore', 'ignore_ament_install']
[2.168s] Level 1:colcon.colcon_core.package_identification:_identify(src/origincar/3rdparty/ackermann_msgs-ros2) by extension 'ignore'
[2.168s] Level 1:colcon.colcon_core.package_identification:_identify(src/origincar/3rdparty/ackermann_msgs-ros2) by extension 'ignore_ament_install'
[2.169s] Level 1:colcon.colcon_core.package_identification:_identify(src/origincar/3rdparty/ackermann_msgs-ros2) by extensions ['colcon_pkg']
[2.169s] Level 1:colcon.colcon_core.package_identification:_identify(src/origincar/3rdparty/ackermann_msgs-ros2) by extension 'colcon_pkg'
[2.169s] Level 1:colcon.colcon_core.package_identification:_identify(src/origincar/3rdparty/ackermann_msgs-ros2) by extensions ['colcon_meta']
[2.169s] Level 1:colcon.colcon_core.package_identification:_identify(src/origincar/3rdparty/ackermann_msgs-ros2) by extension 'colcon_meta'
[2.170s] Level 1:colcon.colcon_core.package_identification:_identify(src/origincar/3rdparty/ackermann_msgs-ros2) by extensions ['ros']
[2.170s] Level 1:colcon.colcon_core.package_identification:_identify(src/origincar/3rdparty/ackermann_msgs-ros2) by extension 'ros'
[2.173s] DEBUG:colcon.colcon_core.package_identification:Package 'src/origincar/3rdparty/ackermann_msgs-ros2' with type 'ros.ament_cmake' and name 'ackermann_msgs'
[2.174s] Level 1:colcon.colcon_core.package_identification:_identify(src/origincar/3rdparty/aurora930) by extensions ['ignore', 'ignore_ament_install']
[2.175s] Level 1:colcon.colcon_core.package_identification:_identify(src/origincar/3rdparty/aurora930) by extension 'ignore'
[2.176s] Level 1:colcon.colcon_core.package_identification:_identify(src/origincar/3rdparty/aurora930) by extension 'ignore_ament_install'
[2.176s] Level 1:colcon.colcon_core.package_identification:_identify(src/origincar/3rdparty/aurora930) by extensions ['colcon_pkg']
[2.176s] Level 1:colcon.colcon_core.package_identification:_identify(src/origincar/3rdparty/aurora930) by extension 'colcon_pkg'
[2.177s] Level 1:colcon.colcon_core.package_identification:_identify(src/origincar/3rdparty/aurora930) by extensions ['colcon_meta']
[2.177s] Level 1:colcon.colcon_core.package_identification:_identify(src/origincar/3rdparty/aurora930) by extension 'colcon_meta'
[2.177s] Level 1:colcon.colcon_core.package_identification:_identify(src/origincar/3rdparty/aurora930) by extensions ['ros']
[2.177s] Level 1:colcon.colcon_core.package_identification:_identify(src/origincar/3rdparty/aurora930) by extension 'ros'
[2.178s] Level 1:colcon.colcon_core.package_identification:_identify(src/origincar/3rdparty/aurora930) by extensions ['cmake', 'python']
[2.178s] Level 1:colcon.colcon_core.package_identification:_identify(src/origincar/3rdparty/aurora930) by extension 'cmake'
[2.178s] Level 1:colcon.colcon_core.package_identification:_identify(src/origincar/3rdparty/aurora930) by extension 'python'
[2.179s] Level 1:colcon.colcon_core.package_identification:_identify(src/origincar/3rdparty/aurora930) by extensions ['python_setup_py']
[2.179s] Level 1:colcon.colcon_core.package_identification:_identify(src/origincar/3rdparty/aurora930) by extension 'python_setup_py'
[2.179s] Level 1:colcon.colcon_core.package_identification:_identify(src/origincar/3rdparty/serial_ros2) by extensions ['ignore', 'ignore_ament_install']
[2.180s] Level 1:colcon.colcon_core.package_identification:_identify(src/origincar/3rdparty/serial_ros2) by extension 'ignore'
[2.180s] Level 1:colcon.colcon_core.package_identification:_identify(src/origincar/3rdparty/serial_ros2) by extension 'ignore_ament_install'
[2.181s] Level 1:colcon.colcon_core.package_identification:_identify(src/origincar/3rdparty/serial_ros2) by extensions ['colcon_pkg']
[2.181s] Level 1:colcon.colcon_core.package_identification:_identify(src/origincar/3rdparty/serial_ros2) by extension 'colcon_pkg'
[2.181s] Level 1:colcon.colcon_core.package_identification:_identify(src/origincar/3rdparty/serial_ros2) by extensions ['colcon_meta']
[2.181s] Level 1:colcon.colcon_core.package_identification:_identify(src/origincar/3rdparty/serial_ros2) by extension 'colcon_meta'
[2.182s] Level 1:colcon.colcon_core.package_identification:_identify(src/origincar/3rdparty/serial_ros2) by extensions ['ros']
[2.182s] Level 1:colcon.colcon_core.package_identification:_identify(src/origincar/3rdparty/serial_ros2) by extension 'ros'
[2.185s] DEBUG:colcon.colcon_core.package_identification:Package 'src/origincar/3rdparty/serial_ros2' with type 'ros.ament_cmake' and name 'serial'
[2.186s] Level 1:colcon.colcon_core.package_identification:_identify(src/origincar/line_follower_pkg) by extensions ['ignore', 'ignore_ament_install']
[2.187s] Level 1:colcon.colcon_core.package_identification:_identify(src/origincar/line_follower_pkg) by extension 'ignore'
[2.187s] Level 1:colcon.colcon_core.package_identification:_identify(src/origincar/line_follower_pkg) by extension 'ignore_ament_install'
[2.187s] Level 1:colcon.colcon_core.package_identification:_identify(src/origincar/line_follower_pkg) by extensions ['colcon_pkg']
[2.188s] Level 1:colcon.colcon_core.package_identification:_identify(src/origincar/line_follower_pkg) by extension 'colcon_pkg'
[2.188s] Level 1:colcon.colcon_core.package_identification:_identify(src/origincar/line_follower_pkg) by extensions ['colcon_meta']
[2.188s] Level 1:colcon.colcon_core.package_identification:_identify(src/origincar/line_follower_pkg) by extension 'colcon_meta'
[2.188s] Level 1:colcon.colcon_core.package_identification:_identify(src/origincar/line_follower_pkg) by extensions ['ros']
[2.189s] Level 1:colcon.colcon_core.package_identification:_identify(src/origincar/line_follower_pkg) by extension 'ros'
[2.194s] DEBUG:colcon.colcon_core.package_identification:Package 'src/origincar/line_follower_pkg' with type 'ros.ament_python' and name 'line_follower_pkg'
[2.195s] Level 1:colcon.colcon_core.package_identification:_identify(src/origincar/origincar_base) by extensions ['ignore', 'ignore_ament_install']
[2.195s] Level 1:colcon.colcon_core.package_identification:_identify(src/origincar/origincar_base) by extension 'ignore'
[2.195s] Level 1:colcon.colcon_core.package_identification:_identify(src/origincar/origincar_base) by extension 'ignore_ament_install'
[2.196s] Level 1:colcon.colcon_core.package_identification:_identify(src/origincar/origincar_base) by extensions ['colcon_pkg']
[2.196s] Level 1:colcon.colcon_core.package_identification:_identify(src/origincar/origincar_base) by extension 'colcon_pkg'
[2.196s] Level 1:colcon.colcon_core.package_identification:_identify(src/origincar/origincar_base) by extensions ['colcon_meta']
[2.196s] Level 1:colcon.colcon_core.package_identification:_identify(src/origincar/origincar_base) by extension 'colcon_meta'
[2.197s] Level 1:colcon.colcon_core.package_identification:_identify(src/origincar/origincar_base) by extensions ['ros']
[2.197s] Level 1:colcon.colcon_core.package_identification:_identify(src/origincar/origincar_base) by extension 'ros'
[2.210s] DEBUG:colcon.colcon_core.package_identification:Package 'src/origincar/origincar_base' with type 'ros.ament_cmake' and name 'origincar_base'
[2.211s] Level 1:colcon.colcon_core.package_identification:_identify(src/origincar/origincar_bringup) by extensions ['ignore', 'ignore_ament_install']
[2.212s] Level 1:colcon.colcon_core.package_identification:_identify(src/origincar/origincar_bringup) by extension 'ignore'
[2.212s] Level 1:colcon.colcon_core.package_identification:_identify(src/origincar/origincar_bringup) by extension 'ignore_ament_install'
[2.213s] Level 1:colcon.colcon_core.package_identification:_identify(src/origincar/origincar_bringup) by extensions ['colcon_pkg']
[2.213s] Level 1:colcon.colcon_core.package_identification:_identify(src/origincar/origincar_bringup) by extension 'colcon_pkg'
[2.213s] Level 1:colcon.colcon_core.package_identification:_identify(src/origincar/origincar_bringup) by extensions ['colcon_meta']
[2.213s] Level 1:colcon.colcon_core.package_identification:_identify(src/origincar/origincar_bringup) by extension 'colcon_meta'
[2.214s] Level 1:colcon.colcon_core.package_identification:_identify(src/origincar/origincar_bringup) by extensions ['ros']
[2.214s] Level 1:colcon.colcon_core.package_identification:_identify(src/origincar/origincar_bringup) by extension 'ros'
[2.220s] DEBUG:colcon.colcon_core.package_identification:Package 'src/origincar/origincar_bringup' with type 'ros.ament_cmake' and name 'origincar_bringup'
[2.221s] Level 1:colcon.colcon_core.package_identification:_identify(src/origincar/origincar_description) by extensions ['ignore', 'ignore_ament_install']
[2.221s] Level 1:colcon.colcon_core.package_identification:_identify(src/origincar/origincar_description) by extension 'ignore'
[2.222s] Level 1:colcon.colcon_core.package_identification:_identify(src/origincar/origincar_description) by extension 'ignore_ament_install'
[2.222s] Level 1:colcon.colcon_core.package_identification:_identify(src/origincar/origincar_description) by extensions ['colcon_pkg']
[2.222s] Level 1:colcon.colcon_core.package_identification:_identify(src/origincar/origincar_description) by extension 'colcon_pkg'
[2.222s] Level 1:colcon.colcon_core.package_identification:_identify(src/origincar/origincar_description) by extensions ['colcon_meta']
[2.223s] Level 1:colcon.colcon_core.package_identification:_identify(src/origincar/origincar_description) by extension 'colcon_meta'
[2.223s] Level 1:colcon.colcon_core.package_identification:_identify(src/origincar/origincar_description) by extensions ['ros']
[2.223s] Level 1:colcon.colcon_core.package_identification:_identify(src/origincar/origincar_description) by extension 'ros'
[2.227s] DEBUG:colcon.colcon_core.package_identification:Package 'src/origincar/origincar_description' with type 'ros.ament_cmake' and name 'origincar_description'
[2.227s] Level 1:colcon.colcon_core.package_identification:_identify(src/origincar/origincar_msg) by extensions ['ignore', 'ignore_ament_install']
[2.228s] Level 1:colcon.colcon_core.package_identification:_identify(src/origincar/origincar_msg) by extension 'ignore'
[2.228s] Level 1:colcon.colcon_core.package_identification:_identify(src/origincar/origincar_msg) by extension 'ignore_ament_install'
[2.229s] Level 1:colcon.colcon_core.package_identification:_identify(src/origincar/origincar_msg) by extensions ['colcon_pkg']
[2.229s] Level 1:colcon.colcon_core.package_identification:_identify(src/origincar/origincar_msg) by extension 'colcon_pkg'
[2.229s] Level 1:colcon.colcon_core.package_identification:_identify(src/origincar/origincar_msg) by extensions ['colcon_meta']
[2.229s] Level 1:colcon.colcon_core.package_identification:_identify(src/origincar/origincar_msg) by extension 'colcon_meta'
[2.230s] Level 1:colcon.colcon_core.package_identification:_identify(src/origincar/origincar_msg) by extensions ['ros']
[2.230s] Level 1:colcon.colcon_core.package_identification:_identify(src/origincar/origincar_msg) by extension 'ros'
[2.233s] DEBUG:colcon.colcon_core.package_identification:Package 'src/origincar/origincar_msg' with type 'ros.ament_cmake' and name 'origincar_msg'
[2.234s] Level 1:colcon.colcon_core.package_identification:_identify(src/origincar/utils) by extensions ['ignore', 'ignore_ament_install']
[2.235s] Level 1:colcon.colcon_core.package_identification:_identify(src/origincar/utils) by extension 'ignore'
[2.235s] Level 1:colcon.colcon_core.package_identification:_identify(src/origincar/utils) by extension 'ignore_ament_install'
[2.235s] Level 1:colcon.colcon_core.package_identification:_identify(src/origincar/utils) by extensions ['colcon_pkg']
[2.235s] Level 1:colcon.colcon_core.package_identification:_identify(src/origincar/utils) by extension 'colcon_pkg'
[2.236s] Level 1:colcon.colcon_core.package_identification:_identify(src/origincar/utils) by extensions ['colcon_meta']
[2.236s] Level 1:colcon.colcon_core.package_identification:_identify(src/origincar/utils) by extension 'colcon_meta'
[2.236s] Level 1:colcon.colcon_core.package_identification:_identify(src/origincar/utils) by extensions ['ros']
[2.236s] Level 1:colcon.colcon_core.package_identification:_identify(src/origincar/utils) by extension 'ros'
[2.241s] DEBUG:colcon.colcon_core.package_identification:Package 'src/origincar/utils' with type 'ros.ament_cmake' and name 'utils'
[2.242s] Level 1:colcon.colcon_core.package_identification:_identify(src/racing) by extensions ['ignore', 'ignore_ament_install']
[2.243s] Level 1:colcon.colcon_core.package_identification:_identify(src/racing) by extension 'ignore'
[2.243s] Level 1:colcon.colcon_core.package_identification:_identify(src/racing) by extension 'ignore_ament_install'
[2.243s] Level 1:colcon.colcon_core.package_identification:_identify(src/racing) by extensions ['colcon_pkg']
[2.243s] Level 1:colcon.colcon_core.package_identification:_identify(src/racing) by extension 'colcon_pkg'
[2.244s] Level 1:colcon.colcon_core.package_identification:_identify(src/racing) by extensions ['colcon_meta']
[2.244s] Level 1:colcon.colcon_core.package_identification:_identify(src/racing) by extension 'colcon_meta'
[2.244s] Level 1:colcon.colcon_core.package_identification:_identify(src/racing) by extensions ['ros']
[2.244s] Level 1:colcon.colcon_core.package_identification:_identify(src/racing) by extension 'ros'
[2.245s] Level 1:colcon.colcon_core.package_identification:_identify(src/racing) by extensions ['cmake', 'python']
[2.245s] Level 1:colcon.colcon_core.package_identification:_identify(src/racing) by extension 'cmake'
[2.245s] Level 1:colcon.colcon_core.package_identification:_identify(src/racing) by extension 'python'
[2.246s] Level 1:colcon.colcon_core.package_identification:_identify(src/racing) by extensions ['python_setup_py']
[2.246s] Level 1:colcon.colcon_core.package_identification:_identify(src/racing) by extension 'python_setup_py'
[2.247s] Level 1:colcon.colcon_core.package_identification:_identify(src/racing/bno055-main) by extensions ['ignore', 'ignore_ament_install']
[2.247s] Level 1:colcon.colcon_core.package_identification:_identify(src/racing/bno055-main) by extension 'ignore'
[2.247s] Level 1:colcon.colcon_core.package_identification:_identify(src/racing/bno055-main) by extension 'ignore_ament_install'
[2.248s] Level 1:colcon.colcon_core.package_identification:_identify(src/racing/bno055-main) by extensions ['colcon_pkg']
[2.248s] Level 1:colcon.colcon_core.package_identification:_identify(src/racing/bno055-main) by extension 'colcon_pkg'
[2.248s] Level 1:colcon.colcon_core.package_identification:_identify(src/racing/bno055-main) by extensions ['colcon_meta']
[2.248s] Level 1:colcon.colcon_core.package_identification:_identify(src/racing/bno055-main) by extension 'colcon_meta'
[2.249s] Level 1:colcon.colcon_core.package_identification:_identify(src/racing/bno055-main) by extensions ['ros']
[2.249s] Level 1:colcon.colcon_core.package_identification:_identify(src/racing/bno055-main) by extension 'ros'
[2.254s] DEBUG:colcon.colcon_core.package_identification:Package 'src/racing/bno055-main' with type 'ros.ament_python' and name 'bno055'
[2.254s] Level 1:colcon.colcon_core.package_identification:_identify(src/racing/qr_scanner) by extensions ['ignore', 'ignore_ament_install']
[2.255s] Level 1:colcon.colcon_core.package_identification:_identify(src/racing/qr_scanner) by extension 'ignore'
[2.255s] Level 1:colcon.colcon_core.package_identification:_identify(src/racing/qr_scanner) by extension 'ignore_ament_install'
[2.256s] Level 1:colcon.colcon_core.package_identification:_identify(src/racing/qr_scanner) by extensions ['colcon_pkg']
[2.256s] Level 1:colcon.colcon_core.package_identification:_identify(src/racing/qr_scanner) by extension 'colcon_pkg'
[2.256s] Level 1:colcon.colcon_core.package_identification:_identify(src/racing/qr_scanner) by extensions ['colcon_meta']
[2.256s] Level 1:colcon.colcon_core.package_identification:_identify(src/racing/qr_scanner) by extension 'colcon_meta'
[2.257s] Level 1:colcon.colcon_core.package_identification:_identify(src/racing/qr_scanner) by extensions ['ros']
[2.257s] Level 1:colcon.colcon_core.package_identification:_identify(src/racing/qr_scanner) by extension 'ros'
[2.263s] DEBUG:colcon.colcon_core.package_identification:Package 'src/racing/qr_scanner' with type 'ros.ament_python' and name 'qr_scanner'
[2.264s] Level 1:colcon.colcon_core.package_identification:_identify(src/racing/racing_bringup) by extensions ['ignore', 'ignore_ament_install']
[2.265s] Level 1:colcon.colcon_core.package_identification:_identify(src/racing/racing_bringup) by extension 'ignore'
[2.265s] Level 1:colcon.colcon_core.package_identification:_identify(src/racing/racing_bringup) by extension 'ignore_ament_install'
[2.265s] Level 1:colcon.colcon_core.package_identification:_identify(src/racing/racing_bringup) by extensions ['colcon_pkg']
[2.266s] Level 1:colcon.colcon_core.package_identification:_identify(src/racing/racing_bringup) by extension 'colcon_pkg'
[2.266s] Level 1:colcon.colcon_core.package_identification:_identify(src/racing/racing_bringup) by extensions ['colcon_meta']
[2.266s] Level 1:colcon.colcon_core.package_identification:_identify(src/racing/racing_bringup) by extension 'colcon_meta'
[2.266s] Level 1:colcon.colcon_core.package_identification:_identify(src/racing/racing_bringup) by extensions ['ros']
[2.267s] Level 1:colcon.colcon_core.package_identification:_identify(src/racing/racing_bringup) by extension 'ros'
[2.273s] DEBUG:colcon.colcon_core.package_identification:Package 'src/racing/racing_bringup' with type 'ros.ament_python' and name 'racing_bringup'
[2.274s] Level 1:colcon.colcon_core.package_identification:_identify(src/racing/racing_stage1) by extensions ['ignore', 'ignore_ament_install']
[2.274s] Level 1:colcon.colcon_core.package_identification:_identify(src/racing/racing_stage1) by extension 'ignore'
[2.275s] Level 1:colcon.colcon_core.package_identification:_identify(src/racing/racing_stage1) by extension 'ignore_ament_install'
[2.275s] Level 1:colcon.colcon_core.package_identification:_identify(src/racing/racing_stage1) by extensions ['colcon_pkg']
[2.275s] Level 1:colcon.colcon_core.package_identification:_identify(src/racing/racing_stage1) by extension 'colcon_pkg'
[2.276s] Level 1:colcon.colcon_core.package_identification:_identify(src/racing/racing_stage1) by extensions ['colcon_meta']
[2.276s] Level 1:colcon.colcon_core.package_identification:_identify(src/racing/racing_stage1) by extension 'colcon_meta'
[2.276s] Level 1:colcon.colcon_core.package_identification:_identify(src/racing/racing_stage1) by extensions ['ros']
[2.276s] Level 1:colcon.colcon_core.package_identification:_identify(src/racing/racing_stage1) by extension 'ros'
[2.282s] DEBUG:colcon.colcon_core.package_identification:Package 'src/racing/racing_stage1' with type 'ros.ament_python' and name 'racing_stage1'
[2.283s] Level 1:colcon.colcon_core.package_identification:_identify(src/racing/racing_stage2) by extensions ['ignore', 'ignore_ament_install']
[2.284s] Level 1:colcon.colcon_core.package_identification:_identify(src/racing/racing_stage2) by extension 'ignore'
[2.284s] Level 1:colcon.colcon_core.package_identification:_identify(src/racing/racing_stage2) by extension 'ignore_ament_install'
[2.284s] Level 1:colcon.colcon_core.package_identification:_identify(src/racing/racing_stage2) by extensions ['colcon_pkg']
[2.285s] Level 1:colcon.colcon_core.package_identification:_identify(src/racing/racing_stage2) by extension 'colcon_pkg'
[2.285s] Level 1:colcon.colcon_core.package_identification:_identify(src/racing/racing_stage2) by extensions ['colcon_meta']
[2.285s] Level 1:colcon.colcon_core.package_identification:_identify(src/racing/racing_stage2) by extension 'colcon_meta'
[2.285s] Level 1:colcon.colcon_core.package_identification:_identify(src/racing/racing_stage2) by extensions ['ros']
[2.286s] Level 1:colcon.colcon_core.package_identification:_identify(src/racing/racing_stage2) by extension 'ros'
[2.294s] DEBUG:colcon.colcon_core.package_identification:Package 'src/racing/racing_stage2' with type 'ros.ament_python' and name 'racing_stage2'
[2.295s] Level 1:colcon.colcon_core.package_identification:_identify(src/racing/racing_stage2_field_record) by extensions ['ignore', 'ignore_ament_install']
[2.296s] Level 1:colcon.colcon_core.package_identification:_identify(src/racing/racing_stage2_field_record) by extension 'ignore'
[2.296s] Level 1:colcon.colcon_core.package_identification:_identify(src/racing/racing_stage2_field_record) by extension 'ignore_ament_install'
[2.296s] Level 1:colcon.colcon_core.package_identification:_identify(src/racing/racing_stage2_field_record) by extensions ['colcon_pkg']
[2.297s] Level 1:colcon.colcon_core.package_identification:_identify(src/racing/racing_stage2_field_record) by extension 'colcon_pkg'
[2.297s] Level 1:colcon.colcon_core.package_identification:_identify(src/racing/racing_stage2_field_record) by extensions ['colcon_meta']
[2.297s] Level 1:colcon.colcon_core.package_identification:_identify(src/racing/racing_stage2_field_record) by extension 'colcon_meta'
[2.297s] Level 1:colcon.colcon_core.package_identification:_identify(src/racing/racing_stage2_field_record) by extensions ['ros']
[2.298s] Level 1:colcon.colcon_core.package_identification:_identify(src/racing/racing_stage2_field_record) by extension 'ros'
[2.298s] Level 1:colcon.colcon_core.package_identification:_identify(src/racing/racing_stage2_field_record) by extensions ['cmake', 'python']
[2.298s] Level 1:colcon.colcon_core.package_identification:_identify(src/racing/racing_stage2_field_record) by extension 'cmake'
[2.299s] Level 1:colcon.colcon_core.package_identification:_identify(src/racing/racing_stage2_field_record) by extension 'python'
[2.299s] Level 1:colcon.colcon_core.package_identification:_identify(src/racing/racing_stage2_field_record) by extensions ['python_setup_py']
[2.299s] Level 1:colcon.colcon_core.package_identification:_identify(src/racing/racing_stage2_field_record) by extension 'python_setup_py'
[2.300s] Level 1:colcon.colcon_core.package_identification:_identify(src/racing/racing_stage2_field_record/config) by extensions ['ignore', 'ignore_ament_install']
[2.300s] Level 1:colcon.colcon_core.package_identification:_identify(src/racing/racing_stage2_field_record/config) by extension 'ignore'
[2.300s] Level 1:colcon.colcon_core.package_identification:_identify(src/racing/racing_stage2_field_record/config) by extension 'ignore_ament_install'
[2.301s] Level 1:colcon.colcon_core.package_identification:_identify(src/racing/racing_stage2_field_record/config) by extensions ['colcon_pkg']
[2.301s] Level 1:colcon.colcon_core.package_identification:_identify(src/racing/racing_stage2_field_record/config) by extension 'colcon_pkg'
[2.301s] Level 1:colcon.colcon_core.package_identification:_identify(src/racing/racing_stage2_field_record/config) by extensions ['colcon_meta']
[2.301s] Level 1:colcon.colcon_core.package_identification:_identify(src/racing/racing_stage2_field_record/config) by extension 'colcon_meta'
[2.302s] Level 1:colcon.colcon_core.package_identification:_identify(src/racing/racing_stage2_field_record/config) by extensions ['ros']
[2.302s] Level 1:colcon.colcon_core.package_identification:_identify(src/racing/racing_stage2_field_record/config) by extension 'ros'
[2.302s] Level 1:colcon.colcon_core.package_identification:_identify(src/racing/racing_stage2_field_record/config) by extensions ['cmake', 'python']
[2.303s] Level 1:colcon.colcon_core.package_identification:_identify(src/racing/racing_stage2_field_record/config) by extension 'cmake'
[2.303s] Level 1:colcon.colcon_core.package_identification:_identify(src/racing/racing_stage2_field_record/config) by extension 'python'
[2.303s] Level 1:colcon.colcon_core.package_identification:_identify(src/racing/racing_stage2_field_record/config) by extensions ['python_setup_py']
[2.303s] Level 1:colcon.colcon_core.package_identification:_identify(src/racing/racing_stage2_field_record/config) by extension 'python_setup_py'
[2.304s] Level 1:colcon.colcon_core.package_identification:_identify(src/racing/racing_stage2_field_record/launch) by extensions ['ignore', 'ignore_ament_install']
[2.304s] Level 1:colcon.colcon_core.package_identification:_identify(src/racing/racing_stage2_field_record/launch) by extension 'ignore'
[2.305s] Level 1:colcon.colcon_core.package_identification:_identify(src/racing/racing_stage2_field_record/launch) by extension 'ignore_ament_install'
[2.305s] Level 1:colcon.colcon_core.package_identification:_identify(src/racing/racing_stage2_field_record/launch) by extensions ['colcon_pkg']
[2.305s] Level 1:colcon.colcon_core.package_identification:_identify(src/racing/racing_stage2_field_record/launch) by extension 'colcon_pkg'
[2.305s] Level 1:colcon.colcon_core.package_identification:_identify(src/racing/racing_stage2_field_record/launch) by extensions ['colcon_meta']
[2.306s] Level 1:colcon.colcon_core.package_identification:_identify(src/racing/racing_stage2_field_record/launch) by extension 'colcon_meta'
[2.306s] Level 1:colcon.colcon_core.package_identification:_identify(src/racing/racing_stage2_field_record/launch) by extensions ['ros']
[2.306s] Level 1:colcon.colcon_core.package_identification:_identify(src/racing/racing_stage2_field_record/launch) by extension 'ros'
[2.307s] Level 1:colcon.colcon_core.package_identification:_identify(src/racing/racing_stage2_field_record/launch) by extensions ['cmake', 'python']
[2.307s] Level 1:colcon.colcon_core.package_identification:_identify(src/racing/racing_stage2_field_record/launch) by extension 'cmake'
[2.307s] Level 1:colcon.colcon_core.package_identification:_identify(src/racing/racing_stage2_field_record/launch) by extension 'python'
[2.307s] Level 1:colcon.colcon_core.package_identification:_identify(src/racing/racing_stage2_field_record/launch) by extensions ['python_setup_py']
[2.308s] Level 1:colcon.colcon_core.package_identification:_identify(src/racing/racing_stage2_field_record/launch) by extension 'python_setup_py'
[2.308s] Level 1:colcon.colcon_core.package_identification:_identify(src/racing/racing_stage2_field_record/racing_stage2_field_record) by extensions ['ignore', 'ignore_ament_install']
[2.309s] Level 1:colcon.colcon_core.package_identification:_identify(src/racing/racing_stage2_field_record/racing_stage2_field_record) by extension 'ignore'
[2.309s] Level 1:colcon.colcon_core.package_identification:_identify(src/racing/racing_stage2_field_record/racing_stage2_field_record) by extension 'ignore_ament_install'
[2.309s] Level 1:colcon.colcon_core.package_identification:_identify(src/racing/racing_stage2_field_record/racing_stage2_field_record) by extensions ['colcon_pkg']
[2.310s] Level 1:colcon.colcon_core.package_identification:_identify(src/racing/racing_stage2_field_record/racing_stage2_field_record) by extension 'colcon_pkg'
[2.310s] Level 1:colcon.colcon_core.package_identification:_identify(src/racing/racing_stage2_field_record/racing_stage2_field_record) by extensions ['colcon_meta']
[2.310s] Level 1:colcon.colcon_core.package_identification:_identify(src/racing/racing_stage2_field_record/racing_stage2_field_record) by extension 'colcon_meta'
[2.310s] Level 1:colcon.colcon_core.package_identification:_identify(src/racing/racing_stage2_field_record/racing_stage2_field_record) by extensions ['ros']
[2.311s] Level 1:colcon.colcon_core.package_identification:_identify(src/racing/racing_stage2_field_record/racing_stage2_field_record) by extension 'ros'
[2.311s] Level 1:colcon.colcon_core.package_identification:_identify(src/racing/racing_stage2_field_record/racing_stage2_field_record) by extensions ['cmake', 'python']
[2.311s] Level 1:colcon.colcon_core.package_identification:_identify(src/racing/racing_stage2_field_record/racing_stage2_field_record) by extension 'cmake'
[2.312s] Level 1:colcon.colcon_core.package_identification:_identify(src/racing/racing_stage2_field_record/racing_stage2_field_record) by extension 'python'
[2.312s] Level 1:colcon.colcon_core.package_identification:_identify(src/racing/racing_stage2_field_record/racing_stage2_field_record) by extensions ['python_setup_py']
[2.312s] Level 1:colcon.colcon_core.package_identification:_identify(src/racing/racing_stage2_field_record/racing_stage2_field_record) by extension 'python_setup_py'
[2.313s] Level 1:colcon.colcon_core.package_identification:_identify(src/racing/racing_stage2_field_record/racing_stage2_field_record/__pycache__) by extensions ['ignore', 'ignore_ament_install']
[2.313s] Level 1:colcon.colcon_core.package_identification:_identify(src/racing/racing_stage2_field_record/racing_stage2_field_record/__pycache__) by extension 'ignore'
[2.313s] Level 1:colcon.colcon_core.package_identification:_identify(src/racing/racing_stage2_field_record/racing_stage2_field_record/__pycache__) by extension 'ignore_ament_install'
[2.314s] Level 1:colcon.colcon_core.package_identification:_identify(src/racing/racing_stage2_field_record/racing_stage2_field_record/__pycache__) by extensions ['colcon_pkg']
[2.314s] Level 1:colcon.colcon_core.package_identification:_identify(src/racing/racing_stage2_field_record/racing_stage2_field_record/__pycache__) by extension 'colcon_pkg'
[2.314s] Level 1:colcon.colcon_core.package_identification:_identify(src/racing/racing_stage2_field_record/racing_stage2_field_record/__pycache__) by extensions ['colcon_meta']
[2.314s] Level 1:colcon.colcon_core.package_identification:_identify(src/racing/racing_stage2_field_record/racing_stage2_field_record/__pycache__) by extension 'colcon_meta'
[2.315s] Level 1:colcon.colcon_core.package_identification:_identify(src/racing/racing_stage2_field_record/racing_stage2_field_record/__pycache__) by extensions ['ros']
[2.315s] Level 1:colcon.colcon_core.package_identification:_identify(src/racing/racing_stage2_field_record/racing_stage2_field_record/__pycache__) by extension 'ros'
[2.315s] Level 1:colcon.colcon_core.package_identification:_identify(src/racing/racing_stage2_field_record/racing_stage2_field_record/__pycache__) by extensions ['cmake', 'python']
[2.316s] Level 1:colcon.colcon_core.package_identification:_identify(src/racing/racing_stage2_field_record/racing_stage2_field_record/__pycache__) by extension 'cmake'
[2.316s] Level 1:colcon.colcon_core.package_identification:_identify(src/racing/racing_stage2_field_record/racing_stage2_field_record/__pycache__) by extension 'python'
[2.316s] Level 1:colcon.colcon_core.package_identification:_identify(src/racing/racing_stage2_field_record/racing_stage2_field_record/__pycache__) by extensions ['python_setup_py']
[2.316s] Level 1:colcon.colcon_core.package_identification:_identify(src/racing/racing_stage2_field_record/racing_stage2_field_record/__pycache__) by extension 'python_setup_py'
[2.317s] Level 1:colcon.colcon_core.package_identification:_identify(src/racing/racing_stage2_field_record/resource) by extensions ['ignore', 'ignore_ament_install']
[2.317s] Level 1:colcon.colcon_core.package_identification:_identify(src/racing/racing_stage2_field_record/resource) by extension 'ignore'
[2.318s] Level 1:colcon.colcon_core.package_identification:_identify(src/racing/racing_stage2_field_record/resource) by extension 'ignore_ament_install'
[2.318s] Level 1:colcon.colcon_core.package_identification:_identify(src/racing/racing_stage2_field_record/resource) by extensions ['colcon_pkg']
[2.318s] Level 1:colcon.colcon_core.package_identification:_identify(src/racing/racing_stage2_field_record/resource) by extension 'colcon_pkg'
[2.319s] Level 1:colcon.colcon_core.package_identification:_identify(src/racing/racing_stage2_field_record/resource) by extensions ['colcon_meta']
[2.319s] Level 1:colcon.colcon_core.package_identification:_identify(src/racing/racing_stage2_field_record/resource) by extension 'colcon_meta'
[2.319s] Level 1:colcon.colcon_core.package_identification:_identify(src/racing/racing_stage2_field_record/resource) by extensions ['ros']
[2.319s] Level 1:colcon.colcon_core.package_identification:_identify(src/racing/racing_stage2_field_record/resource) by extension 'ros'
[2.320s] Level 1:colcon.colcon_core.package_identification:_identify(src/racing/racing_stage2_field_record/resource) by extensions ['cmake', 'python']
[2.320s] Level 1:colcon.colcon_core.package_identification:_identify(src/racing/racing_stage2_field_record/resource) by extension 'cmake'
[2.320s] Level 1:colcon.colcon_core.package_identification:_identify(src/racing/racing_stage2_field_record/resource) by extension 'python'
[2.320s] Level 1:colcon.colcon_core.package_identification:_identify(src/racing/racing_stage2_field_record/resource) by extensions ['python_setup_py']
[2.321s] Level 1:colcon.colcon_core.package_identification:_identify(src/racing/racing_stage2_field_record/resource) by extension 'python_setup_py'
[2.321s] Level 1:colcon.colcon_core.package_identification:_identify(src/racing/racing_stage2_param_test) by extensions ['ignore', 'ignore_ament_install']
[2.322s] Level 1:colcon.colcon_core.package_identification:_identify(src/racing/racing_stage2_param_test) by extension 'ignore'
[2.322s] Level 1:colcon.colcon_core.package_identification:_identify(src/racing/racing_stage2_param_test) by extension 'ignore_ament_install'
[2.322s] Level 1:colcon.colcon_core.package_identification:_identify(src/racing/racing_stage2_param_test) by extensions ['colcon_pkg']
[2.323s] Level 1:colcon.colcon_core.package_identification:_identify(src/racing/racing_stage2_param_test) by extension 'colcon_pkg'
[2.323s] Level 1:colcon.colcon_core.package_identification:_identify(src/racing/racing_stage2_param_test) by extensions ['colcon_meta']
[2.323s] Level 1:colcon.colcon_core.package_identification:_identify(src/racing/racing_stage2_param_test) by extension 'colcon_meta'
[2.323s] Level 1:colcon.colcon_core.package_identification:_identify(src/racing/racing_stage2_param_test) by extensions ['ros']
[2.323s] Level 1:colcon.colcon_core.package_identification:_identify(src/racing/racing_stage2_param_test) by extension 'ros'
[2.345s] DEBUG:colcon.colcon_core.package_identification:Package 'src/racing/racing_stage2_param_test' with type 'ros.ament_python' and name 'racing_stage2_param_test'
[2.346s] Level 1:colcon.colcon_core.package_identification:_identify(src/racing/racing_stage3) by extensions ['ignore', 'ignore_ament_install']
[2.346s] Level 1:colcon.colcon_core.package_identification:_identify(src/racing/racing_stage3) by extension 'ignore'
[2.347s] Level 1:colcon.colcon_core.package_identification:_identify(src/racing/racing_stage3) by extension 'ignore_ament_install'
[2.347s] Level 1:colcon.colcon_core.package_identification:_identify(src/racing/racing_stage3) by extensions ['colcon_pkg']
[2.347s] Level 1:colcon.colcon_core.package_identification:_identify(src/racing/racing_stage3) by extension 'colcon_pkg'
[2.347s] Level 1:colcon.colcon_core.package_identification:_identify(src/racing/racing_stage3) by extensions ['colcon_meta']
[2.348s] Level 1:colcon.colcon_core.package_identification:_identify(src/racing/racing_stage3) by extension 'colcon_meta'
[2.348s] Level 1:colcon.colcon_core.package_identification:_identify(src/racing/racing_stage3) by extensions ['ros']
[2.348s] Level 1:colcon.colcon_core.package_identification:_identify(src/racing/racing_stage3) by extension 'ros'
[2.353s] DEBUG:colcon.colcon_core.package_identification:Package 'src/racing/racing_stage3' with type 'ros.ament_python' and name 'racing_stage3'
[2.354s] Level 1:colcon.colcon_core.package_identification:_identify(src/racing/racing_stage3_param_test) by extensions ['ignore', 'ignore_ament_install']
[2.355s] Level 1:colcon.colcon_core.package_identification:_identify(src/racing/racing_stage3_param_test) by extension 'ignore'
[2.355s] Level 1:colcon.colcon_core.package_identification:_identify(src/racing/racing_stage3_param_test) by extension 'ignore_ament_install'
[2.355s] Level 1:colcon.colcon_core.package_identification:_identify(src/racing/racing_stage3_param_test) by extensions ['colcon_pkg']
[2.355s] Level 1:colcon.colcon_core.package_identification:_identify(src/racing/racing_stage3_param_test) by extension 'colcon_pkg'
[2.356s] Level 1:colcon.colcon_core.package_identification:_identify(src/racing/racing_stage3_param_test) by extensions ['colcon_meta']
[2.356s] Level 1:colcon.colcon_core.package_identification:_identify(src/racing/racing_stage3_param_test) by extension 'colcon_meta'
[2.356s] Level 1:colcon.colcon_core.package_identification:_identify(src/racing/racing_stage3_param_test) by extensions ['ros']
[2.356s] Level 1:colcon.colcon_core.package_identification:_identify(src/racing/racing_stage3_param_test) by extension 'ros'
[2.366s] DEBUG:colcon.colcon_core.package_identification:Package 'src/racing/racing_stage3_param_test' with type 'ros.ament_python' and name 'racing_stage3_param_test'
[2.367s] Level 1:colcon.colcon_core.package_identification:_identify(src/racing/racing_vision_ai) by extensions ['ignore', 'ignore_ament_install']
[2.367s] Level 1:colcon.colcon_core.package_identification:_identify(src/racing/racing_vision_ai) by extension 'ignore'
[2.367s] Level 1:colcon.colcon_core.package_identification:_identify(src/racing/racing_vision_ai) by extension 'ignore_ament_install'
[2.368s] Level 1:colcon.colcon_core.package_identification:_identify(src/racing/racing_vision_ai) by extensions ['colcon_pkg']
[2.368s] Level 1:colcon.colcon_core.package_identification:_identify(src/racing/racing_vision_ai) by extension 'colcon_pkg'
[2.368s] Level 1:colcon.colcon_core.package_identification:_identify(src/racing/racing_vision_ai) by extensions ['colcon_meta']
[2.368s] Level 1:colcon.colcon_core.package_identification:_identify(src/racing/racing_vision_ai) by extension 'colcon_meta'
[2.369s] Level 1:colcon.colcon_core.package_identification:_identify(src/racing/racing_vision_ai) by extensions ['ros']
[2.369s] Level 1:colcon.colcon_core.package_identification:_identify(src/racing/racing_vision_ai) by extension 'ros'
[2.374s] DEBUG:colcon.colcon_core.package_identification:Package 'src/racing/racing_vision_ai' with type 'ros.ament_python' and name 'racing_vision_ai'
[2.375s] Level 1:colcon.colcon_core.package_identification:_identify(src/racing/simple_avoidance) by extensions ['ignore', 'ignore_ament_install']
[2.375s] Level 1:colcon.colcon_core.package_identification:_identify(src/racing/simple_avoidance) by extension 'ignore'
[2.376s] Level 1:colcon.colcon_core.package_identification:_identify(src/racing/simple_avoidance) by extension 'ignore_ament_install'
[2.376s] Level 1:colcon.colcon_core.package_identification:_identify(src/racing/simple_avoidance) by extensions ['colcon_pkg']
[2.376s] Level 1:colcon.colcon_core.package_identification:_identify(src/racing/simple_avoidance) by extension 'colcon_pkg'
[2.377s] Level 1:colcon.colcon_core.package_identification:_identify(src/racing/simple_avoidance) by extensions ['colcon_meta']
[2.377s] Level 1:colcon.colcon_core.package_identification:_identify(src/racing/simple_avoidance) by extension 'colcon_meta'
[2.377s] Level 1:colcon.colcon_core.package_identification:_identify(src/racing/simple_avoidance) by extensions ['ros']
[2.377s] Level 1:colcon.colcon_core.package_identification:_identify(src/racing/simple_avoidance) by extension 'ros'
[2.382s] DEBUG:colcon.colcon_core.package_identification:Package 'src/racing/simple_avoidance' with type 'ros.ament_python' and name 'simple_avoidance'
[2.383s] Level 1:colcon.colcon_core.package_identification:_identify(src/racing/voice_driver) by extensions ['ignore', 'ignore_ament_install']
[2.383s] Level 1:colcon.colcon_core.package_identification:_identify(src/racing/voice_driver) by extension 'ignore'
[2.384s] Level 1:colcon.colcon_core.package_identification:_identify(src/racing/voice_driver) by extension 'ignore_ament_install'
[2.384s] Level 1:colcon.colcon_core.package_identification:_identify(src/racing/voice_driver) by extensions ['colcon_pkg']
[2.384s] Level 1:colcon.colcon_core.package_identification:_identify(src/racing/voice_driver) by extension 'colcon_pkg'
[2.384s] Level 1:colcon.colcon_core.package_identification:_identify(src/racing/voice_driver) by extensions ['colcon_meta']
[2.385s] Level 1:colcon.colcon_core.package_identification:_identify(src/racing/voice_driver) by extension 'colcon_meta'
[2.385s] Level 1:colcon.colcon_core.package_identification:_identify(src/racing/voice_driver) by extensions ['ros']
[2.385s] Level 1:colcon.colcon_core.package_identification:_identify(src/racing/voice_driver) by extension 'ros'
[2.468s] DEBUG:colcon.colcon_core.package_identification:Package 'src/racing/voice_driver' with type 'ros.ament_cmake' and name 'voice_driver'
[2.469s] Level 1:colcon.colcon_core.package_discovery:discover_packages(recursive) using defaults
[2.469s] Level 1:colcon.colcon_core.package_discovery:discover_packages(ignore) discover
[2.469s] Level 1:colcon.colcon_core.package_discovery:discover_packages(ignore) using defaults
[2.470s] Level 1:colcon.colcon_core.package_discovery:discover_packages(path) discover
[2.470s] Level 1:colcon.colcon_core.package_discovery:discover_packages(path) using defaults
[2.648s] INFO:colcon.colcon_core.package_selection:Skipping package 'racing_bringup' in 'src/racing/racing_bringup'
[2.648s] INFO:colcon.colcon_core.package_selection:Skipping package 'voice_driver' in 'src/racing/voice_driver'
[2.648s] INFO:colcon.colcon_core.package_selection:Skipping package 'utils' in 'src/origincar/utils'
[2.649s] INFO:colcon.colcon_core.package_selection:Skipping package 'simple_avoidance' in 'src/racing/simple_avoidance'
[2.649s] INFO:colcon.colcon_core.package_selection:Skipping package 'racing_vision_ai' in 'src/racing/racing_vision_ai'
[2.649s] INFO:colcon.colcon_core.package_selection:Skipping package 'racing_stage3_param_test' in 'src/racing/racing_stage3_param_test'
[2.649s] INFO:colcon.colcon_core.package_selection:Skipping package 'racing_stage3' in 'src/racing/racing_stage3'
[2.649s] INFO:colcon.colcon_core.package_selection:Skipping package 'line_follower_pkg' in 'src/origincar/line_follower_pkg'
[2.652s] Level 1:colcon.colcon_core.package_discovery:discover_packages(prefix_path) check parameters
[2.652s] Level 1:colcon.colcon_core.package_discovery:discover_packages(prefix_path) discover
[2.670s] DEBUG:colcon.colcon_installed_package_information.package_discovery:Found 21 installed packages in /home/sunrise/dev_ws/install
[2.674s] DEBUG:colcon.colcon_installed_package_information.package_discovery:Found 58 installed packages in /opt/tros/humble
[2.684s] DEBUG:colcon.colcon_installed_package_information.package_discovery:Found 292 installed packages in /opt/ros/humble
[2.703s] Level 1:colcon.colcon_core.package_discovery:discover_packages(prefix_path) using defaults
[3.020s] WARNING:colcon.colcon_core.package_selection:Some selected packages are already built in one or more underlay workspaces:
	'racing_stage1' is in: /home/sunrise/dev_ws/install/racing_stage1
	'origincar_bringup' is in: /home/sunrise/dev_ws/install/origincar_bringup
	'racing_stage2' is in: /home/sunrise/dev_ws/install/racing_stage2
If a package in a merged underlay workspace is overridden and it installs headers, then all packages in the overlay must sort their include directories by workspace order. Failure to do so may result in build failures or undefined behavior at run time.
If the overridden package is used by another package in any underlay, then the overriding package in the overlay must be API and ABI compatible or undefined behavior at run time may occur.

If you understand the risks and want to override a package anyways, add the following to the command line:
	--allow-overriding origincar_bringup racing_stage1 racing_stage2

This may be promoted to an error in a future release of colcon-override-check.
[3.029s] Level 5:colcon.colcon_core.verb:set package 'ackermann_msgs' build argument 'cmake_args' from command line to 'None'
[3.029s] Level 5:colcon.colcon_core.verb:set package 'ackermann_msgs' build argument 'cmake_target' from command line to 'None'
[3.030s] Level 5:colcon.colcon_core.verb:set package 'ackermann_msgs' build argument 'cmake_target_skip_unavailable' from command line to 'False'
[3.030s] Level 5:colcon.colcon_core.verb:set package 'ackermann_msgs' build argument 'cmake_clean_cache' from command line to 'False'
[3.030s] Level 5:colcon.colcon_core.verb:set package 'ackermann_msgs' build argument 'cmake_clean_first' from command line to 'False'
[3.031s] Level 5:colcon.colcon_core.verb:set package 'ackermann_msgs' build argument 'cmake_force_configure' from command line to 'False'
[3.031s] Level 5:colcon.colcon_core.verb:set package 'ackermann_msgs' build argument 'ament_cmake_args' from command line to 'None'
[3.031s] Level 5:colcon.colcon_core.verb:set package 'ackermann_msgs' build argument 'catkin_cmake_args' from command line to 'None'
[3.032s] Level 5:colcon.colcon_core.verb:set package 'ackermann_msgs' build argument 'catkin_skip_building_tests' from command line to 'False'
[3.032s] DEBUG:colcon.colcon_core.verb:Building package 'ackermann_msgs' with the following arguments: {'ament_cmake_args': None, 'build_base': '/home/sunrise/dev_ws/build/ackermann_msgs', 'catkin_cmake_args': None, 'catkin_skip_building_tests': False, 'cmake_args': None, 'cmake_clean_cache': False, 'cmake_clean_first': False, 'cmake_force_configure': False, 'cmake_target': None, 'cmake_target_skip_unavailable': False, 'install_base': '/home/sunrise/dev_ws/install/ackermann_msgs', 'merge_install': False, 'path': '/home/sunrise/dev_ws/src/origincar/3rdparty/ackermann_msgs-ros2', 'symlink_install': True, 'test_result_base': None}
[3.035s] Level 5:colcon.colcon_core.verb:set package 'bno055' build argument 'cmake_args' from command line to 'None'
[3.036s] Level 5:colcon.colcon_core.verb:set package 'bno055' build argument 'cmake_target' from command line to 'None'
[3.036s] Level 5:colcon.colcon_core.verb:set package 'bno055' build argument 'cmake_target_skip_unavailable' from command line to 'False'
[3.036s] Level 5:colcon.colcon_core.verb:set package 'bno055' build argument 'cmake_clean_cache' from command line to 'False'
[3.036s] Level 5:colcon.colcon_core.verb:set package 'bno055' build argument 'cmake_clean_first' from command line to 'False'
[3.037s] Level 5:colcon.colcon_core.verb:set package 'bno055' build argument 'cmake_force_configure' from command line to 'False'
[3.037s] Level 5:colcon.colcon_core.verb:set package 'bno055' build argument 'ament_cmake_args' from command line to 'None'
[3.037s] Level 5:colcon.colcon_core.verb:set package 'bno055' build argument 'catkin_cmake_args' from command line to 'None'
[3.037s] Level 5:colcon.colcon_core.verb:set package 'bno055' build argument 'catkin_skip_building_tests' from command line to 'False'
[3.037s] DEBUG:colcon.colcon_core.verb:Building package 'bno055' with the following arguments: {'ament_cmake_args': None, 'build_base': '/home/sunrise/dev_ws/build/bno055', 'catkin_cmake_args': None, 'catkin_skip_building_tests': False, 'cmake_args': None, 'cmake_clean_cache': False, 'cmake_clean_first': False, 'cmake_force_configure': False, 'cmake_target': None, 'cmake_target_skip_unavailable': False, 'install_base': '/home/sunrise/dev_ws/install/bno055', 'merge_install': False, 'path': '/home/sunrise/dev_ws/src/racing/bno055-main', 'symlink_install': True, 'test_result_base': None}
[3.040s] Level 5:colcon.colcon_core.verb:set package 'lslidar_msgs' build argument 'cmake_args' from command line to 'None'
[3.040s] Level 5:colcon.colcon_core.verb:set package 'lslidar_msgs' build argument 'cmake_target' from command line to 'None'
[3.041s] Level 5:colcon.colcon_core.verb:set package 'lslidar_msgs' build argument 'cmake_target_skip_unavailable' from command line to 'False'
[3.041s] Level 5:colcon.colcon_core.verb:set package 'lslidar_msgs' build argument 'cmake_clean_cache' from command line to 'False'
[3.041s] Level 5:colcon.colcon_core.verb:set package 'lslidar_msgs' build argument 'cmake_clean_first' from command line to 'False'
[3.041s] Level 5:colcon.colcon_core.verb:set package 'lslidar_msgs' build argument 'cmake_force_configure' from command line to 'False'
[3.041s] Level 5:colcon.colcon_core.verb:set package 'lslidar_msgs' build argument 'ament_cmake_args' from command line to 'None'
[3.042s] Level 5:colcon.colcon_core.verb:set package 'lslidar_msgs' build argument 'catkin_cmake_args' from command line to 'None'
[3.042s] Level 5:colcon.colcon_core.verb:set package 'lslidar_msgs' build argument 'catkin_skip_building_tests' from command line to 'False'
[3.042s] DEBUG:colcon.colcon_core.verb:Building package 'lslidar_msgs' with the following arguments: {'ament_cmake_args': None, 'build_base': '/home/sunrise/dev_ws/build/lslidar_msgs', 'catkin_cmake_args': None, 'catkin_skip_building_tests': False, 'cmake_args': None, 'cmake_clean_cache': False, 'cmake_clean_first': False, 'cmake_force_configure': False, 'cmake_target': None, 'cmake_target_skip_unavailable': False, 'install_base': '/home/sunrise/dev_ws/install/lslidar_msgs', 'merge_install': False, 'path': '/home/sunrise/dev_ws/src/LSLIDAR_X_ROS2-20240228/src/lslidar_msgs', 'symlink_install': True, 'test_result_base': None}
[3.045s] Level 5:colcon.colcon_core.verb:set package 'origincar_bringup' build argument 'cmake_args' from command line to 'None'
[3.045s] Level 5:colcon.colcon_core.verb:set package 'origincar_bringup' build argument 'cmake_target' from command line to 'None'
[3.045s] Level 5:colcon.colcon_core.verb:set package 'origincar_bringup' build argument 'cmake_target_skip_unavailable' from command line to 'False'
[3.045s] Level 5:colcon.colcon_core.verb:set package 'origincar_bringup' build argument 'cmake_clean_cache' from command line to 'False'
[3.045s] Level 5:colcon.colcon_core.verb:set package 'origincar_bringup' build argument 'cmake_clean_first' from command line to 'False'
[3.045s] Level 5:colcon.colcon_core.verb:set package 'origincar_bringup' build argument 'cmake_force_configure' from command line to 'False'
[3.046s] Level 5:colcon.colcon_core.verb:set package 'origincar_bringup' build argument 'ament_cmake_args' from command line to 'None'
[3.046s] Level 5:colcon.colcon_core.verb:set package 'origincar_bringup' build argument 'catkin_cmake_args' from command line to 'None'
[3.046s] Level 5:colcon.colcon_core.verb:set package 'origincar_bringup' build argument 'catkin_skip_building_tests' from command line to 'False'
[3.046s] DEBUG:colcon.colcon_core.verb:Building package 'origincar_bringup' with the following arguments: {'ament_cmake_args': None, 'build_base': '/home/sunrise/dev_ws/build/origincar_bringup', 'catkin_cmake_args': None, 'catkin_skip_building_tests': False, 'cmake_args': None, 'cmake_clean_cache': False, 'cmake_clean_first': False, 'cmake_force_configure': False, 'cmake_target': None, 'cmake_target_skip_unavailable': False, 'install_base': '/home/sunrise/dev_ws/install/origincar_bringup', 'merge_install': False, 'path': '/home/sunrise/dev_ws/src/origincar/origincar_bringup', 'symlink_install': True, 'test_result_base': None}
[3.049s] Level 5:colcon.colcon_core.verb:set package 'origincar_description' build argument 'cmake_args' from command line to 'None'
[3.049s] Level 5:colcon.colcon_core.verb:set package 'origincar_description' build argument 'cmake_target' from command line to 'None'
[3.049s] Level 5:colcon.colcon_core.verb:set package 'origincar_description' build argument 'cmake_target_skip_unavailable' from command line to 'False'
[3.050s] Level 5:colcon.colcon_core.verb:set package 'origincar_description' build argument 'cmake_clean_cache' from command line to 'False'
[3.050s] Level 5:colcon.colcon_core.verb:set package 'origincar_description' build argument 'cmake_clean_first' from command line to 'False'
[3.050s] Level 5:colcon.colcon_core.verb:set package 'origincar_description' build argument 'cmake_force_configure' from command line to 'False'
[3.050s] Level 5:colcon.colcon_core.verb:set package 'origincar_description' build argument 'ament_cmake_args' from command line to 'None'
[3.050s] Level 5:colcon.colcon_core.verb:set package 'origincar_description' build argument 'catkin_cmake_args' from command line to 'None'
[3.050s] Level 5:colcon.colcon_core.verb:set package 'origincar_description' build argument 'catkin_skip_building_tests' from command line to 'False'
[3.051s] DEBUG:colcon.colcon_core.verb:Building package 'origincar_description' with the following arguments: {'ament_cmake_args': None, 'build_base': '/home/sunrise/dev_ws/build/origincar_description', 'catkin_cmake_args': None, 'catkin_skip_building_tests': False, 'cmake_args': None, 'cmake_clean_cache': False, 'cmake_clean_first': False, 'cmake_force_configure': False, 'cmake_target': None, 'cmake_target_skip_unavailable': False, 'install_base': '/home/sunrise/dev_ws/install/origincar_description', 'merge_install': False, 'path': '/home/sunrise/dev_ws/src/origincar/origincar_description', 'symlink_install': True, 'test_result_base': None}
[3.053s] Level 5:colcon.colcon_core.verb:set package 'origincar_msg' build argument 'cmake_args' from command line to 'None'
[3.053s] Level 5:colcon.colcon_core.verb:set package 'origincar_msg' build argument 'cmake_target' from command line to 'None'
[3.054s] Level 5:colcon.colcon_core.verb:set package 'origincar_msg' build argument 'cmake_target_skip_unavailable' from command line to 'False'
[3.054s] Level 5:colcon.colcon_core.verb:set package 'origincar_msg' build argument 'cmake_clean_cache' from command line to 'False'
[3.054s] Level 5:colcon.colcon_core.verb:set package 'origincar_msg' build argument 'cmake_clean_first' from command line to 'False'
[3.054s] Level 5:colcon.colcon_core.verb:set package 'origincar_msg' build argument 'cmake_force_configure' from command line to 'False'
[3.054s] Level 5:colcon.colcon_core.verb:set package 'origincar_msg' build argument 'ament_cmake_args' from command line to 'None'
[3.054s] Level 5:colcon.colcon_core.verb:set package 'origincar_msg' build argument 'catkin_cmake_args' from command line to 'None'
[3.055s] Level 5:colcon.colcon_core.verb:set package 'origincar_msg' build argument 'catkin_skip_building_tests' from command line to 'False'
[3.055s] DEBUG:colcon.colcon_core.verb:Building package 'origincar_msg' with the following arguments: {'ament_cmake_args': None, 'build_base': '/home/sunrise/dev_ws/build/origincar_msg', 'catkin_cmake_args': None, 'catkin_skip_building_tests': False, 'cmake_args': None, 'cmake_clean_cache': False, 'cmake_clean_first': False, 'cmake_force_configure': False, 'cmake_target': None, 'cmake_target_skip_unavailable': False, 'install_base': '/home/sunrise/dev_ws/install/origincar_msg', 'merge_install': False, 'path': '/home/sunrise/dev_ws/src/origincar/origincar_msg', 'symlink_install': True, 'test_result_base': None}
[3.057s] Level 5:colcon.colcon_core.verb:set package 'qr_scanner' build argument 'cmake_args' from command line to 'None'
[3.058s] Level 5:colcon.colcon_core.verb:set package 'qr_scanner' build argument 'cmake_target' from command line to 'None'
[3.058s] Level 5:colcon.colcon_core.verb:set package 'qr_scanner' build argument 'cmake_target_skip_unavailable' from command line to 'False'
[3.058s] Level 5:colcon.colcon_core.verb:set package 'qr_scanner' build argument 'cmake_clean_cache' from command line to 'False'
[3.058s] Level 5:colcon.colcon_core.verb:set package 'qr_scanner' build argument 'cmake_clean_first' from command line to 'False'
[3.058s] Level 5:colcon.colcon_core.verb:set package 'qr_scanner' build argument 'cmake_force_configure' from command line to 'False'
[3.058s] Level 5:colcon.colcon_core.verb:set package 'qr_scanner' build argument 'ament_cmake_args' from command line to 'None'
[3.059s] Level 5:colcon.colcon_core.verb:set package 'qr_scanner' build argument 'catkin_cmake_args' from command line to 'None'
[3.059s] Level 5:colcon.colcon_core.verb:set package 'qr_scanner' build argument 'catkin_skip_building_tests' from command line to 'False'
[3.059s] DEBUG:colcon.colcon_core.verb:Building package 'qr_scanner' with the following arguments: {'ament_cmake_args': None, 'build_base': '/home/sunrise/dev_ws/build/qr_scanner', 'catkin_cmake_args': None, 'catkin_skip_building_tests': False, 'cmake_args': None, 'cmake_clean_cache': False, 'cmake_clean_first': False, 'cmake_force_configure': False, 'cmake_target': None, 'cmake_target_skip_unavailable': False, 'install_base': '/home/sunrise/dev_ws/install/qr_scanner', 'merge_install': False, 'path': '/home/sunrise/dev_ws/src/racing/qr_scanner', 'symlink_install': True, 'test_result_base': None}
[3.061s] Level 5:colcon.colcon_core.verb:set package 'serial' build argument 'cmake_args' from command line to 'None'
[3.062s] Level 5:colcon.colcon_core.verb:set package 'serial' build argument 'cmake_target' from command line to 'None'
[3.062s] Level 5:colcon.colcon_core.verb:set package 'serial' build argument 'cmake_target_skip_unavailable' from command line to 'False'
[3.062s] Level 5:colcon.colcon_core.verb:set package 'serial' build argument 'cmake_clean_cache' from command line to 'False'
[3.062s] Level 5:colcon.colcon_core.verb:set package 'serial' build argument 'cmake_clean_first' from command line to 'False'
[3.062s] Level 5:colcon.colcon_core.verb:set package 'serial' build argument 'cmake_force_configure' from command line to 'False'
[3.063s] Level 5:colcon.colcon_core.verb:set package 'serial' build argument 'ament_cmake_args' from command line to 'None'
[3.063s] Level 5:colcon.colcon_core.verb:set package 'serial' build argument 'catkin_cmake_args' from command line to 'None'
[3.063s] Level 5:colcon.colcon_core.verb:set package 'serial' build argument 'catkin_skip_building_tests' from command line to 'False'
[3.063s] DEBUG:colcon.colcon_core.verb:Building package 'serial' with the following arguments: {'ament_cmake_args': None, 'build_base': '/home/sunrise/dev_ws/build/serial', 'catkin_cmake_args': None, 'catkin_skip_building_tests': False, 'cmake_args': None, 'cmake_clean_cache': False, 'cmake_clean_first': False, 'cmake_force_configure': False, 'cmake_target': None, 'cmake_target_skip_unavailable': False, 'install_base': '/home/sunrise/dev_ws/install/serial', 'merge_install': False, 'path': '/home/sunrise/dev_ws/src/origincar/3rdparty/serial_ros2', 'symlink_install': True, 'test_result_base': None}
[3.066s] Level 5:colcon.colcon_core.verb:set package 'lslidar_driver' build argument 'cmake_args' from command line to 'None'
[3.066s] Level 5:colcon.colcon_core.verb:set package 'lslidar_driver' build argument 'cmake_target' from command line to 'None'
[3.066s] Level 5:colcon.colcon_core.verb:set package 'lslidar_driver' build argument 'cmake_target_skip_unavailable' from command line to 'False'
[3.066s] Level 5:colcon.colcon_core.verb:set package 'lslidar_driver' build argument 'cmake_clean_cache' from command line to 'False'
[3.066s] Level 5:colcon.colcon_core.verb:set package 'lslidar_driver' build argument 'cmake_clean_first' from command line to 'False'
[3.067s] Level 5:colcon.colcon_core.verb:set package 'lslidar_driver' build argument 'cmake_force_configure' from command line to 'False'
[3.067s] Level 5:colcon.colcon_core.verb:set package 'lslidar_driver' build argument 'ament_cmake_args' from command line to 'None'
[3.067s] Level 5:colcon.colcon_core.verb:set package 'lslidar_driver' build argument 'catkin_cmake_args' from command line to 'None'
[3.067s] Level 5:colcon.colcon_core.verb:set package 'lslidar_driver' build argument 'catkin_skip_building_tests' from command line to 'False'
[3.067s] DEBUG:colcon.colcon_core.verb:Building package 'lslidar_driver' with the following arguments: {'ament_cmake_args': None, 'build_base': '/home/sunrise/dev_ws/build/lslidar_driver', 'catkin_cmake_args': None, 'catkin_skip_building_tests': False, 'cmake_args': None, 'cmake_clean_cache': False, 'cmake_clean_first': False, 'cmake_force_configure': False, 'cmake_target': None, 'cmake_target_skip_unavailable': False, 'install_base': '/home/sunrise/dev_ws/install/lslidar_driver', 'merge_install': False, 'path': '/home/sunrise/dev_ws/src/LSLIDAR_X_ROS2-20240228/src/lslidar_driver', 'symlink_install': True, 'test_result_base': None}
[3.070s] Level 5:colcon.colcon_core.verb:set package 'origincar_base' build argument 'cmake_args' from command line to 'None'
[3.070s] Level 5:colcon.colcon_core.verb:set package 'origincar_base' build argument 'cmake_target' from command line to 'None'
[3.070s] Level 5:colcon.colcon_core.verb:set package 'origincar_base' build argument 'cmake_target_skip_unavailable' from command line to 'False'
[3.070s] Level 5:colcon.colcon_core.verb:set package 'origincar_base' build argument 'cmake_clean_cache' from command line to 'False'
[3.070s] Level 5:colcon.colcon_core.verb:set package 'origincar_base' build argument 'cmake_clean_first' from command line to 'False'
[3.071s] Level 5:colcon.colcon_core.verb:set package 'origincar_base' build argument 'cmake_force_configure' from command line to 'False'
[3.071s] Level 5:colcon.colcon_core.verb:set package 'origincar_base' build argument 'ament_cmake_args' from command line to 'None'
[3.071s] Level 5:colcon.colcon_core.verb:set package 'origincar_base' build argument 'catkin_cmake_args' from command line to 'None'
[3.071s] Level 5:colcon.colcon_core.verb:set package 'origincar_base' build argument 'catkin_skip_building_tests' from command line to 'False'
[3.071s] DEBUG:colcon.colcon_core.verb:Building package 'origincar_base' with the following arguments: {'ament_cmake_args': None, 'build_base': '/home/sunrise/dev_ws/build/origincar_base', 'catkin_cmake_args': None, 'catkin_skip_building_tests': False, 'cmake_args': None, 'cmake_clean_cache': False, 'cmake_clean_first': False, 'cmake_force_configure': False, 'cmake_target': None, 'cmake_target_skip_unavailable': False, 'install_base': '/home/sunrise/dev_ws/install/origincar_base', 'merge_install': False, 'path': '/home/sunrise/dev_ws/src/origincar/origincar_base', 'symlink_install': True, 'test_result_base': None}
[3.074s] Level 5:colcon.colcon_core.verb:set package 'racing_stage1' build argument 'cmake_args' from command line to 'None'
[3.075s] Level 5:colcon.colcon_core.verb:set package 'racing_stage1' build argument 'cmake_target' from command line to 'None'
[3.075s] Level 5:colcon.colcon_core.verb:set package 'racing_stage1' build argument 'cmake_target_skip_unavailable' from command line to 'False'
[3.076s] Level 5:colcon.colcon_core.verb:set package 'racing_stage1' build argument 'cmake_clean_cache' from command line to 'False'
[3.076s] Level 5:colcon.colcon_core.verb:set package 'racing_stage1' build argument 'cmake_clean_first' from command line to 'False'
[3.077s] Level 5:colcon.colcon_core.verb:set package 'racing_stage1' build argument 'cmake_force_configure' from command line to 'False'
[3.077s] Level 5:colcon.colcon_core.verb:set package 'racing_stage1' build argument 'ament_cmake_args' from command line to 'None'
[3.077s] Level 5:colcon.colcon_core.verb:set package 'racing_stage1' build argument 'catkin_cmake_args' from command line to 'None'
[3.078s] Level 5:colcon.colcon_core.verb:set package 'racing_stage1' build argument 'catkin_skip_building_tests' from command line to 'False'
[3.078s] DEBUG:colcon.colcon_core.verb:Building package 'racing_stage1' with the following arguments: {'ament_cmake_args': None, 'build_base': '/home/sunrise/dev_ws/build/racing_stage1', 'catkin_cmake_args': None, 'catkin_skip_building_tests': False, 'cmake_args': None, 'cmake_clean_cache': False, 'cmake_clean_first': False, 'cmake_force_configure': False, 'cmake_target': None, 'cmake_target_skip_unavailable': False, 'install_base': '/home/sunrise/dev_ws/install/racing_stage1', 'merge_install': False, 'path': '/home/sunrise/dev_ws/src/racing/racing_stage1', 'symlink_install': True, 'test_result_base': None}
[3.081s] Level 5:colcon.colcon_core.verb:set package 'racing_stage2' build argument 'cmake_args' from command line to 'None'
[3.081s] Level 5:colcon.colcon_core.verb:set package 'racing_stage2' build argument 'cmake_target' from command line to 'None'
[3.082s] Level 5:colcon.colcon_core.verb:set package 'racing_stage2' build argument 'cmake_target_skip_unavailable' from command line to 'False'
[3.082s] Level 5:colcon.colcon_core.verb:set package 'racing_stage2' build argument 'cmake_clean_cache' from command line to 'False'
[3.082s] Level 5:colcon.colcon_core.verb:set package 'racing_stage2' build argument 'cmake_clean_first' from command line to 'False'
[3.082s] Level 5:colcon.colcon_core.verb:set package 'racing_stage2' build argument 'cmake_force_configure' from command line to 'False'
[3.083s] Level 5:colcon.colcon_core.verb:set package 'racing_stage2' build argument 'ament_cmake_args' from command line to 'None'
[3.083s] Level 5:colcon.colcon_core.verb:set package 'racing_stage2' build argument 'catkin_cmake_args' from command line to 'None'
[3.083s] Level 5:colcon.colcon_core.verb:set package 'racing_stage2' build argument 'catkin_skip_building_tests' from command line to 'False'
[3.083s] DEBUG:colcon.colcon_core.verb:Building package 'racing_stage2' with the following arguments: {'ament_cmake_args': None, 'build_base': '/home/sunrise/dev_ws/build/racing_stage2', 'catkin_cmake_args': None, 'catkin_skip_building_tests': False, 'cmake_args': None, 'cmake_clean_cache': False, 'cmake_clean_first': False, 'cmake_force_configure': False, 'cmake_target': None, 'cmake_target_skip_unavailable': False, 'install_base': '/home/sunrise/dev_ws/install/racing_stage2', 'merge_install': False, 'path': '/home/sunrise/dev_ws/src/racing/racing_stage2', 'symlink_install': True, 'test_result_base': None}
[3.086s] Level 5:colcon.colcon_core.verb:set package 'racing_stage2_param_test' build argument 'cmake_args' from command line to 'None'
[3.086s] Level 5:colcon.colcon_core.verb:set package 'racing_stage2_param_test' build argument 'cmake_target' from command line to 'None'
[3.087s] Level 5:colcon.colcon_core.verb:set package 'racing_stage2_param_test' build argument 'cmake_target_skip_unavailable' from command line to 'False'
[3.087s] Level 5:colcon.colcon_core.verb:set package 'racing_stage2_param_test' build argument 'cmake_clean_cache' from command line to 'False'
[3.087s] Level 5:colcon.colcon_core.verb:set package 'racing_stage2_param_test' build argument 'cmake_clean_first' from command line to 'False'
[3.087s] Level 5:colcon.colcon_core.verb:set package 'racing_stage2_param_test' build argument 'cmake_force_configure' from command line to 'False'
[3.087s] Level 5:colcon.colcon_core.verb:set package 'racing_stage2_param_test' build argument 'ament_cmake_args' from command line to 'None'
[3.088s] Level 5:colcon.colcon_core.verb:set package 'racing_stage2_param_test' build argument 'catkin_cmake_args' from command line to 'None'
[3.088s] Level 5:colcon.colcon_core.verb:set package 'racing_stage2_param_test' build argument 'catkin_skip_building_tests' from command line to 'False'
[3.088s] DEBUG:colcon.colcon_core.verb:Building package 'racing_stage2_param_test' with the following arguments: {'ament_cmake_args': None, 'build_base': '/home/sunrise/dev_ws/build/racing_stage2_param_test', 'catkin_cmake_args': None, 'catkin_skip_building_tests': False, 'cmake_args': None, 'cmake_clean_cache': False, 'cmake_clean_first': False, 'cmake_force_configure': False, 'cmake_target': None, 'cmake_target_skip_unavailable': False, 'install_base': '/home/sunrise/dev_ws/install/racing_stage2_param_test', 'merge_install': False, 'path': '/home/sunrise/dev_ws/src/racing/racing_stage2_param_test', 'symlink_install': True, 'test_result_base': None}
[3.089s] INFO:colcon.colcon_core.executor:Executing jobs using 'parallel' executor
[3.095s] DEBUG:colcon.colcon_parallel_executor.executor.parallel:run_until_complete
[3.097s] INFO:colcon.colcon_ros.task.ament_cmake.build:Building ROS package in '/home/sunrise/dev_ws/src/origincar/origincar_bringup' with build type 'ament_cmake'
[3.098s] INFO:colcon.colcon_cmake.task.cmake.build:Building CMake package in '/home/sunrise/dev_ws/src/origincar/origincar_bringup'
[3.116s] INFO:colcon.colcon_core.plugin_system:Skipping extension 'colcon_core.shell.bat': Not used on non-Windows systems
[3.118s] INFO:colcon.colcon_core.shell:Skip shell extension 'powershell' for command environment: Not usable outside of PowerShell
[3.118s] DEBUG:colcon.colcon_core.shell:Skip shell extension 'dsv' for command environment
[3.148s] INFO:colcon.colcon_ros.task.ament_python.build:Building ROS package in '/home/sunrise/dev_ws/src/racing/qr_scanner' with build type 'ament_python'
[3.149s] Level 1:colcon.colcon_core.shell:create_environment_hook('qr_scanner', 'ament_prefix_path')
[3.151s] INFO:colcon.colcon_core.shell:Creating environment hook '/home/sunrise/dev_ws/install/qr_scanner/share/qr_scanner/hook/ament_prefix_path.ps1'
[3.155s] INFO:colcon.colcon_core.shell:Creating environment descriptor '/home/sunrise/dev_ws/install/qr_scanner/share/qr_scanner/hook/ament_prefix_path.dsv'
[3.159s] INFO:colcon.colcon_core.shell:Creating environment hook '/home/sunrise/dev_ws/install/qr_scanner/share/qr_scanner/hook/ament_prefix_path.sh'
[3.164s] INFO:colcon.colcon_core.shell:Skip shell extension 'powershell' for command environment: Not usable outside of PowerShell
[3.164s] DEBUG:colcon.colcon_core.shell:Skip shell extension 'dsv' for command environment
[3.191s] INFO:colcon.colcon_ros.task.ament_cmake.build:Building ROS package in '/home/sunrise/dev_ws/src/origincar/3rdparty/ackermann_msgs-ros2' with build type 'ament_cmake'
[3.192s] INFO:colcon.colcon_cmake.task.cmake.build:Building CMake package in '/home/sunrise/dev_ws/src/origincar/3rdparty/ackermann_msgs-ros2'
[3.194s] INFO:colcon.colcon_core.shell:Skip shell extension 'powershell' for command environment: Not usable outside of PowerShell
[3.194s] DEBUG:colcon.colcon_core.shell:Skip shell extension 'dsv' for command environment
[3.223s] INFO:colcon.colcon_ros.task.ament_cmake.build:Building ROS package in '/home/sunrise/dev_ws/src/LSLIDAR_X_ROS2-20240228/src/lslidar_msgs' with build type 'ament_cmake'
[3.223s] INFO:colcon.colcon_cmake.task.cmake.build:Building CMake package in '/home/sunrise/dev_ws/src/LSLIDAR_X_ROS2-20240228/src/lslidar_msgs'
[3.225s] INFO:colcon.colcon_core.shell:Skip shell extension 'powershell' for command environment: Not usable outside of PowerShell
[3.226s] DEBUG:colcon.colcon_core.shell:Skip shell extension 'dsv' for command environment
[3.253s] INFO:colcon.colcon_ros.task.ament_cmake.build:Building ROS package in '/home/sunrise/dev_ws/src/origincar/origincar_description' with build type 'ament_cmake'
[3.254s] INFO:colcon.colcon_cmake.task.cmake.build:Building CMake package in '/home/sunrise/dev_ws/src/origincar/origincar_description'
[3.256s] INFO:colcon.colcon_core.shell:Skip shell extension 'powershell' for command environment: Not usable outside of PowerShell
[3.257s] DEBUG:colcon.colcon_core.shell:Skip shell extension 'dsv' for command environment
[3.284s] INFO:colcon.colcon_ros.task.ament_cmake.build:Building ROS package in '/home/sunrise/dev_ws/src/origincar/origincar_msg' with build type 'ament_cmake'
[3.285s] INFO:colcon.colcon_cmake.task.cmake.build:Building CMake package in '/home/sunrise/dev_ws/src/origincar/origincar_msg'
[3.287s] INFO:colcon.colcon_core.shell:Skip shell extension 'powershell' for command environment: Not usable outside of PowerShell
[3.288s] DEBUG:colcon.colcon_core.shell:Skip shell extension 'dsv' for command environment
[3.318s] INFO:colcon.colcon_ros.task.ament_cmake.build:Building ROS package in '/home/sunrise/dev_ws/src/origincar/3rdparty/serial_ros2' with build type 'ament_cmake'
[3.319s] INFO:colcon.colcon_cmake.task.cmake.build:Building CMake package in '/home/sunrise/dev_ws/src/origincar/3rdparty/serial_ros2'
[3.321s] INFO:colcon.colcon_core.shell:Skip shell extension 'powershell' for command environment: Not usable outside of PowerShell
[3.322s] DEBUG:colcon.colcon_core.shell:Skip shell extension 'dsv' for command environment
[3.352s] INFO:colcon.colcon_ros.task.ament_python.build:Building ROS package in '/home/sunrise/dev_ws/src/racing/bno055-main' with build type 'ament_python'
[3.353s] Level 1:colcon.colcon_core.shell:create_environment_hook('bno055', 'ament_prefix_path')
[3.354s] INFO:colcon.colcon_core.shell:Creating environment hook '/home/sunrise/dev_ws/install/bno055/share/bno055/hook/ament_prefix_path.ps1'
[3.357s] INFO:colcon.colcon_core.shell:Creating environment descriptor '/home/sunrise/dev_ws/install/bno055/share/bno055/hook/ament_prefix_path.dsv'
[3.360s] INFO:colcon.colcon_core.shell:Creating environment hook '/home/sunrise/dev_ws/install/bno055/share/bno055/hook/ament_prefix_path.sh'
[3.364s] INFO:colcon.colcon_core.shell:Skip shell extension 'powershell' for command environment: Not usable outside of PowerShell
[3.364s] DEBUG:colcon.colcon_core.shell:Skip shell extension 'dsv' for command environment
[3.420s] DEBUG:colcon.colcon_core.event_handler.log_command:Invoking command in '/home/sunrise/dev_ws/build/origincar_bringup': CMAKE_PREFIX_PATH=${CMAKE_PREFIX_PATH}:/home/sunrise/dev_ws/install/simple_avoidance:/home/sunrise/dev_ws/install/racing_stage2_param_test:/home/sunrise/dev_ws/install/racing_vision_ai:/home/sunrise/dev_ws/install/racing_stage3_param_test:/home/sunrise/dev_ws/install/racing_bringup:/home/sunrise/dev_ws/install/racing_stage3:/home/sunrise/dev_ws/install/racing_stage2:/home/sunrise/dev_ws/install/racing_stage1:/home/sunrise/dev_ws/install/qr_scanner:/home/sunrise/dev_ws/install/line_follower_pkg:/home/sunrise/dev_ws/install/bno055:/opt/tros/humble:/opt/ros/humble /usr/bin/cmake --build /home/sunrise/dev_ws/build/origincar_bringup -- -j8 -l8
[5.554s] INFO:colcon.colcon_core.task.python.build:Building Python package in '/home/sunrise/dev_ws/src/racing/qr_scanner'
[5.556s] INFO:colcon.colcon_core.shell:Skip shell extension 'powershell' for command environment: Not usable outside of PowerShell
[5.556s] DEBUG:colcon.colcon_core.shell:Skip shell extension 'dsv' for command environment
[5.598s] DEBUG:colcon.colcon_core.event_handler.log_command:Invoking command in '/home/sunrise/dev_ws/build/ackermann_msgs': CMAKE_PREFIX_PATH=${CMAKE_PREFIX_PATH}:/home/sunrise/dev_ws/install/simple_avoidance:/home/sunrise/dev_ws/install/racing_stage2_param_test:/home/sunrise/dev_ws/install/racing_vision_ai:/home/sunrise/dev_ws/install/racing_stage3_param_test:/home/sunrise/dev_ws/install/racing_bringup:/home/sunrise/dev_ws/install/racing_stage3:/home/sunrise/dev_ws/install/racing_stage2:/home/sunrise/dev_ws/install/racing_stage1:/home/sunrise/dev_ws/install/qr_scanner:/home/sunrise/dev_ws/install/line_follower_pkg:/home/sunrise/dev_ws/install/bno055:/opt/tros/humble:/opt/ros/humble /usr/bin/cmake --build /home/sunrise/dev_ws/build/ackermann_msgs -- -j8 -l8
[5.612s] DEBUG:colcon.colcon_core.event_handler.log_command:Invoking command in '/home/sunrise/dev_ws/build/lslidar_msgs': CMAKE_PREFIX_PATH=${CMAKE_PREFIX_PATH}:/home/sunrise/dev_ws/install/simple_avoidance:/home/sunrise/dev_ws/install/racing_stage2_param_test:/home/sunrise/dev_ws/install/racing_vision_ai:/home/sunrise/dev_ws/install/racing_stage3_param_test:/home/sunrise/dev_ws/install/racing_bringup:/home/sunrise/dev_ws/install/racing_stage3:/home/sunrise/dev_ws/install/racing_stage2:/home/sunrise/dev_ws/install/racing_stage1:/home/sunrise/dev_ws/install/qr_scanner:/home/sunrise/dev_ws/install/line_follower_pkg:/home/sunrise/dev_ws/install/bno055:/opt/tros/humble:/opt/ros/humble /usr/bin/cmake --build /home/sunrise/dev_ws/build/lslidar_msgs -- -j8 -l8
[5.625s] DEBUG:colcon.colcon_core.event_handler.log_command:Invoking command in '/home/sunrise/dev_ws/build/origincar_description': CMAKE_PREFIX_PATH=${CMAKE_PREFIX_PATH}:/home/sunrise/dev_ws/install/simple_avoidance:/home/sunrise/dev_ws/install/racing_stage2_param_test:/home/sunrise/dev_ws/install/racing_vision_ai:/home/sunrise/dev_ws/install/racing_stage3_param_test:/home/sunrise/dev_ws/install/racing_bringup:/home/sunrise/dev_ws/install/racing_stage3:/home/sunrise/dev_ws/install/racing_stage2:/home/sunrise/dev_ws/install/racing_stage1:/home/sunrise/dev_ws/install/qr_scanner:/home/sunrise/dev_ws/install/line_follower_pkg:/home/sunrise/dev_ws/install/bno055:/opt/tros/humble:/opt/ros/humble /usr/bin/cmake --build /home/sunrise/dev_ws/build/origincar_description -- -j8 -l8
[5.641s] DEBUG:colcon.colcon_core.event_handler.log_command:Invoking command in '/home/sunrise/dev_ws/build/origincar_msg': CMAKE_PREFIX_PATH=${CMAKE_PREFIX_PATH}:/home/sunrise/dev_ws/install/simple_avoidance:/home/sunrise/dev_ws/install/racing_stage2_param_test:/home/sunrise/dev_ws/install/racing_vision_ai:/home/sunrise/dev_ws/install/racing_stage3_param_test:/home/sunrise/dev_ws/install/racing_bringup:/home/sunrise/dev_ws/install/racing_stage3:/home/sunrise/dev_ws/install/racing_stage2:/home/sunrise/dev_ws/install/racing_stage1:/home/sunrise/dev_ws/install/qr_scanner:/home/sunrise/dev_ws/install/line_follower_pkg:/home/sunrise/dev_ws/install/bno055:/opt/tros/humble:/opt/ros/humble /usr/bin/cmake --build /home/sunrise/dev_ws/build/origincar_msg -- -j8 -l8
[5.660s] DEBUG:colcon.colcon_core.event_handler.log_command:Invoking command in '/home/sunrise/dev_ws/build/serial': CMAKE_PREFIX_PATH=${CMAKE_PREFIX_PATH}:/home/sunrise/dev_ws/install/simple_avoidance:/home/sunrise/dev_ws/install/racing_stage2_param_test:/home/sunrise/dev_ws/install/racing_vision_ai:/home/sunrise/dev_ws/install/racing_stage3_param_test:/home/sunrise/dev_ws/install/racing_bringup:/home/sunrise/dev_ws/install/racing_stage3:/home/sunrise/dev_ws/install/racing_stage2:/home/sunrise/dev_ws/install/racing_stage1:/home/sunrise/dev_ws/install/qr_scanner:/home/sunrise/dev_ws/install/line_follower_pkg:/home/sunrise/dev_ws/install/bno055:/opt/tros/humble:/opt/ros/humble /usr/bin/cmake --build /home/sunrise/dev_ws/build/serial -- -j8 -l8
[8.580s] INFO:colcon.colcon_core.task.python.build:Building Python package in '/home/sunrise/dev_ws/src/racing/bno055-main'
[8.583s] INFO:colcon.colcon_core.shell:Skip shell extension 'powershell' for command environment: Not usable outside of PowerShell
[8.584s] DEBUG:colcon.colcon_core.shell:Skip shell extension 'dsv' for command environment
[8.710s] DEBUG:colcon.colcon_core.event_handler.log_command:Invoked command in '/home/sunrise/dev_ws/build/origincar_bringup' returned '0': CMAKE_PREFIX_PATH=${CMAKE_PREFIX_PATH}:/home/sunrise/dev_ws/install/simple_avoidance:/home/sunrise/dev_ws/install/racing_stage2_param_test:/home/sunrise/dev_ws/install/racing_vision_ai:/home/sunrise/dev_ws/install/racing_stage3_param_test:/home/sunrise/dev_ws/install/racing_bringup:/home/sunrise/dev_ws/install/racing_stage3:/home/sunrise/dev_ws/install/racing_stage2:/home/sunrise/dev_ws/install/racing_stage1:/home/sunrise/dev_ws/install/qr_scanner:/home/sunrise/dev_ws/install/line_follower_pkg:/home/sunrise/dev_ws/install/bno055:/opt/tros/humble:/opt/ros/humble /usr/bin/cmake --build /home/sunrise/dev_ws/build/origincar_bringup -- -j8 -l8
[8.730s] DEBUG:colcon.colcon_core.event_handler.log_command:Invoking command in '/home/sunrise/dev_ws/build/origincar_bringup': CMAKE_PREFIX_PATH=${CMAKE_PREFIX_PATH}:/home/sunrise/dev_ws/install/simple_avoidance:/home/sunrise/dev_ws/install/racing_stage2_param_test:/home/sunrise/dev_ws/install/racing_vision_ai:/home/sunrise/dev_ws/install/racing_stage3_param_test:/home/sunrise/dev_ws/install/racing_bringup:/home/sunrise/dev_ws/install/racing_stage3:/home/sunrise/dev_ws/install/racing_stage2:/home/sunrise/dev_ws/install/racing_stage1:/home/sunrise/dev_ws/install/qr_scanner:/home/sunrise/dev_ws/install/line_follower_pkg:/home/sunrise/dev_ws/install/bno055:/opt/tros/humble:/opt/ros/humble /usr/bin/cmake --install /home/sunrise/dev_ws/build/origincar_bringup
[8.735s] DEBUG:colcon.colcon_core.event_handler.log_command:Invoked command in '/home/sunrise/dev_ws/build/serial' returned '0': CMAKE_PREFIX_PATH=${CMAKE_PREFIX_PATH}:/home/sunrise/dev_ws/install/simple_avoidance:/home/sunrise/dev_ws/install/racing_stage2_param_test:/home/sunrise/dev_ws/install/racing_vision_ai:/home/sunrise/dev_ws/install/racing_stage3_param_test:/home/sunrise/dev_ws/install/racing_bringup:/home/sunrise/dev_ws/install/racing_stage3:/home/sunrise/dev_ws/install/racing_stage2:/home/sunrise/dev_ws/install/racing_stage1:/home/sunrise/dev_ws/install/qr_scanner:/home/sunrise/dev_ws/install/line_follower_pkg:/home/sunrise/dev_ws/install/bno055:/opt/tros/humble:/opt/ros/humble /usr/bin/cmake --build /home/sunrise/dev_ws/build/serial -- -j8 -l8
[8.744s] DEBUG:colcon.colcon_core.event_handler.log_command:Invoking command in '/home/sunrise/dev_ws/build/serial': CMAKE_PREFIX_PATH=${CMAKE_PREFIX_PATH}:/home/sunrise/dev_ws/install/simple_avoidance:/home/sunrise/dev_ws/install/racing_stage2_param_test:/home/sunrise/dev_ws/install/racing_vision_ai:/home/sunrise/dev_ws/install/racing_stage3_param_test:/home/sunrise/dev_ws/install/racing_bringup:/home/sunrise/dev_ws/install/racing_stage3:/home/sunrise/dev_ws/install/racing_stage2:/home/sunrise/dev_ws/install/racing_stage1:/home/sunrise/dev_ws/install/qr_scanner:/home/sunrise/dev_ws/install/line_follower_pkg:/home/sunrise/dev_ws/install/bno055:/opt/tros/humble:/opt/ros/humble /usr/bin/cmake --install /home/sunrise/dev_ws/build/serial
[8.749s] DEBUG:colcon.colcon_core.event_handler.log_command:Invoked command in '/home/sunrise/dev_ws/build/origincar_description' returned '0': CMAKE_PREFIX_PATH=${CMAKE_PREFIX_PATH}:/home/sunrise/dev_ws/install/simple_avoidance:/home/sunrise/dev_ws/install/racing_stage2_param_test:/home/sunrise/dev_ws/install/racing_vision_ai:/home/sunrise/dev_ws/install/racing_stage3_param_test:/home/sunrise/dev_ws/install/racing_bringup:/home/sunrise/dev_ws/install/racing_stage3:/home/sunrise/dev_ws/install/racing_stage2:/home/sunrise/dev_ws/install/racing_stage1:/home/sunrise/dev_ws/install/qr_scanner:/home/sunrise/dev_ws/install/line_follower_pkg:/home/sunrise/dev_ws/install/bno055:/opt/tros/humble:/opt/ros/humble /usr/bin/cmake --build /home/sunrise/dev_ws/build/origincar_description -- -j8 -l8
[8.760s] DEBUG:colcon.colcon_core.event_handler.log_command:Invoking command in '/home/sunrise/dev_ws/build/origincar_description': CMAKE_PREFIX_PATH=${CMAKE_PREFIX_PATH}:/home/sunrise/dev_ws/install/simple_avoidance:/home/sunrise/dev_ws/install/racing_stage2_param_test:/home/sunrise/dev_ws/install/racing_vision_ai:/home/sunrise/dev_ws/install/racing_stage3_param_test:/home/sunrise/dev_ws/install/racing_bringup:/home/sunrise/dev_ws/install/racing_stage3:/home/sunrise/dev_ws/install/racing_stage2:/home/sunrise/dev_ws/install/racing_stage1:/home/sunrise/dev_ws/install/qr_scanner:/home/sunrise/dev_ws/install/line_follower_pkg:/home/sunrise/dev_ws/install/bno055:/opt/tros/humble:/opt/ros/humble /usr/bin/cmake --install /home/sunrise/dev_ws/build/origincar_description
[8.871s] Level 1:colcon.colcon_core.environment:create_environment_scripts_only(origincar_bringup)
[8.913s] Level 1:colcon.colcon_core.environment:checking '/home/sunrise/dev_ws/install/origincar_bringup' for CMake module files
[8.929s] Level 1:colcon.colcon_core.environment:checking '/home/sunrise/dev_ws/install/origincar_bringup' for CMake config files
[8.936s] Level 1:colcon.colcon_core.shell:create_environment_hook('origincar_bringup', 'cmake_prefix_path')
[8.939s] INFO:colcon.colcon_core.shell:Creating environment hook '/home/sunrise/dev_ws/install/origincar_bringup/share/origincar_bringup/hook/cmake_prefix_path.ps1'
[8.946s] INFO:colcon.colcon_core.shell:Creating environment descriptor '/home/sunrise/dev_ws/install/origincar_bringup/share/origincar_bringup/hook/cmake_prefix_path.dsv'
[8.955s] DEBUG:colcon.colcon_core.event_handler.log_command:Invoked command in '/home/sunrise/dev_ws/build/origincar_bringup' returned '0': CMAKE_PREFIX_PATH=${CMAKE_PREFIX_PATH}:/home/sunrise/dev_ws/install/simple_avoidance:/home/sunrise/dev_ws/install/racing_stage2_param_test:/home/sunrise/dev_ws/install/racing_vision_ai:/home/sunrise/dev_ws/install/racing_stage3_param_test:/home/sunrise/dev_ws/install/racing_bringup:/home/sunrise/dev_ws/install/racing_stage3:/home/sunrise/dev_ws/install/racing_stage2:/home/sunrise/dev_ws/install/racing_stage1:/home/sunrise/dev_ws/install/qr_scanner:/home/sunrise/dev_ws/install/line_follower_pkg:/home/sunrise/dev_ws/install/bno055:/opt/tros/humble:/opt/ros/humble /usr/bin/cmake --install /home/sunrise/dev_ws/build/origincar_bringup
[8.966s] INFO:colcon.colcon_core.shell:Creating environment hook '/home/sunrise/dev_ws/install/origincar_bringup/share/origincar_bringup/hook/cmake_prefix_path.sh'
[8.971s] Level 1:colcon.colcon_core.environment:checking '/home/sunrise/dev_ws/install/origincar_bringup/bin'
[8.972s] Level 1:colcon.colcon_core.environment:checking '/home/sunrise/dev_ws/install/origincar_bringup/lib/pkgconfig/origincar_bringup.pc'
[8.974s] Level 1:colcon.colcon_core.environment:checking '/home/sunrise/dev_ws/install/origincar_bringup/lib/python3.10/site-packages'
[8.977s] Level 1:colcon.colcon_core.environment:checking '/home/sunrise/dev_ws/install/origincar_bringup/bin'
[8.980s] INFO:colcon.colcon_core.shell:Creating package script '/home/sunrise/dev_ws/install/origincar_bringup/share/origincar_bringup/package.ps1'
[8.989s] INFO:colcon.colcon_core.shell:Creating package descriptor '/home/sunrise/dev_ws/install/origincar_bringup/share/origincar_bringup/package.dsv'
[8.993s] INFO:colcon.colcon_core.shell:Creating package script '/home/sunrise/dev_ws/install/origincar_bringup/share/origincar_bringup/package.sh'
[8.999s] INFO:colcon.colcon_core.shell:Creating package script '/home/sunrise/dev_ws/install/origincar_bringup/share/origincar_bringup/package.bash'
[9.005s] INFO:colcon.colcon_core.shell:Creating package script '/home/sunrise/dev_ws/install/origincar_bringup/share/origincar_bringup/package.zsh'
[9.011s] Level 1:colcon.colcon_core.environment:create_file_with_runtime_dependencies(/home/sunrise/dev_ws/install/origincar_bringup/share/colcon-core/packages/origincar_bringup)
[9.017s] Level 1:colcon.colcon_core.environment:create_environment_scripts_only(origincar_bringup)
[9.019s] Level 1:colcon.colcon_core.environment:checking '/home/sunrise/dev_ws/install/origincar_bringup' for CMake module files
[9.023s] Level 1:colcon.colcon_core.environment:checking '/home/sunrise/dev_ws/install/origincar_bringup' for CMake config files
[9.024s] Level 1:colcon.colcon_core.shell:create_environment_hook('origincar_bringup', 'cmake_prefix_path')
[9.026s] INFO:colcon.colcon_core.shell:Creating environment hook '/home/sunrise/dev_ws/install/origincar_bringup/share/origincar_bringup/hook/cmake_prefix_path.ps1'
[9.030s] INFO:colcon.colcon_core.shell:Creating environment descriptor '/home/sunrise/dev_ws/install/origincar_bringup/share/origincar_bringup/hook/cmake_prefix_path.dsv'
[9.033s] INFO:colcon.colcon_core.shell:Creating environment hook '/home/sunrise/dev_ws/install/origincar_bringup/share/origincar_bringup/hook/cmake_prefix_path.sh'
[9.037s] Level 1:colcon.colcon_core.environment:checking '/home/sunrise/dev_ws/install/origincar_bringup/bin'
[9.037s] Level 1:colcon.colcon_core.environment:checking '/home/sunrise/dev_ws/install/origincar_bringup/lib/pkgconfig/origincar_bringup.pc'
[9.039s] Level 1:colcon.colcon_core.environment:checking '/home/sunrise/dev_ws/install/origincar_bringup/lib/python3.10/site-packages'
[9.042s] Level 1:colcon.colcon_core.environment:checking '/home/sunrise/dev_ws/install/origincar_bringup/bin'
[9.045s] INFO:colcon.colcon_core.shell:Creating package script '/home/sunrise/dev_ws/install/origincar_bringup/share/origincar_bringup/package.ps1'
[9.051s] INFO:colcon.colcon_core.shell:Creating package descriptor '/home/sunrise/dev_ws/install/origincar_bringup/share/origincar_bringup/package.dsv'
[9.055s] INFO:colcon.colcon_core.shell:Creating package script '/home/sunrise/dev_ws/install/origincar_bringup/share/origincar_bringup/package.sh'
[9.058s] INFO:colcon.colcon_core.shell:Creating package script '/home/sunrise/dev_ws/install/origincar_bringup/share/origincar_bringup/package.bash'
[9.062s] INFO:colcon.colcon_core.shell:Creating package script '/home/sunrise/dev_ws/install/origincar_bringup/share/origincar_bringup/package.zsh'
[9.065s] Level 1:colcon.colcon_core.environment:create_file_with_runtime_dependencies(/home/sunrise/dev_ws/install/origincar_bringup/share/colcon-core/packages/origincar_bringup)
[9.074s] Level 1:colcon.colcon_core.environment:create_environment_scripts_only(serial)
[9.077s] Level 1:colcon.colcon_core.environment:checking '/home/sunrise/dev_ws/install/serial' for CMake module files
[9.080s] DEBUG:colcon.colcon_core.event_handler.log_command:Invoked command in '/home/sunrise/dev_ws/build/serial' returned '0': CMAKE_PREFIX_PATH=${CMAKE_PREFIX_PATH}:/home/sunrise/dev_ws/install/simple_avoidance:/home/sunrise/dev_ws/install/racing_stage2_param_test:/home/sunrise/dev_ws/install/racing_vision_ai:/home/sunrise/dev_ws/install/racing_stage3_param_test:/home/sunrise/dev_ws/install/racing_bringup:/home/sunrise/dev_ws/install/racing_stage3:/home/sunrise/dev_ws/install/racing_stage2:/home/sunrise/dev_ws/install/racing_stage1:/home/sunrise/dev_ws/install/qr_scanner:/home/sunrise/dev_ws/install/line_follower_pkg:/home/sunrise/dev_ws/install/bno055:/opt/tros/humble:/opt/ros/humble /usr/bin/cmake --install /home/sunrise/dev_ws/build/serial
[9.083s] Level 1:colcon.colcon_core.environment:checking '/home/sunrise/dev_ws/install/serial' for CMake config files
[9.085s] Level 1:colcon.colcon_core.shell:create_environment_hook('serial', 'cmake_prefix_path')
[9.087s] INFO:colcon.colcon_core.shell:Creating environment hook '/home/sunrise/dev_ws/install/serial/share/serial/hook/cmake_prefix_path.ps1'
[9.091s] INFO:colcon.colcon_core.shell:Creating environment descriptor '/home/sunrise/dev_ws/install/serial/share/serial/hook/cmake_prefix_path.dsv'
[9.094s] INFO:colcon.colcon_core.shell:Creating environment hook '/home/sunrise/dev_ws/install/serial/share/serial/hook/cmake_prefix_path.sh'
[9.098s] Level 1:colcon.colcon_core.environment:checking '/home/sunrise/dev_ws/install/serial/lib'
[9.099s] Level 1:colcon.colcon_core.environment:checking '/home/sunrise/dev_ws/install/serial/bin'
[9.101s] Level 1:colcon.colcon_core.environment:checking '/home/sunrise/dev_ws/install/serial/lib/pkgconfig/serial.pc'
[9.102s] Level 1:colcon.colcon_core.environment:checking '/home/sunrise/dev_ws/install/serial/lib/python3.10/site-packages'
[9.106s] Level 1:colcon.colcon_core.environment:checking '/home/sunrise/dev_ws/install/serial/bin'
[9.109s] INFO:colcon.colcon_core.shell:Creating package script '/home/sunrise/dev_ws/install/serial/share/serial/package.ps1'
[9.113s] INFO:colcon.colcon_core.shell:Creating package descriptor '/home/sunrise/dev_ws/install/serial/share/serial/package.dsv'
[9.117s] INFO:colcon.colcon_core.shell:Creating package script '/home/sunrise/dev_ws/install/serial/share/serial/package.sh'
[9.121s] INFO:colcon.colcon_core.shell:Creating package script '/home/sunrise/dev_ws/install/serial/share/serial/package.bash'
[9.124s] INFO:colcon.colcon_core.shell:Creating package script '/home/sunrise/dev_ws/install/serial/share/serial/package.zsh'
[9.127s] Level 1:colcon.colcon_core.environment:create_file_with_runtime_dependencies(/home/sunrise/dev_ws/install/serial/share/colcon-core/packages/serial)
[9.132s] Level 1:colcon.colcon_core.environment:create_environment_scripts_only(serial)
[9.134s] Level 1:colcon.colcon_core.environment:checking '/home/sunrise/dev_ws/install/serial' for CMake module files
[9.137s] Level 1:colcon.colcon_core.environment:checking '/home/sunrise/dev_ws/install/serial' for CMake config files
[9.140s] Level 1:colcon.colcon_core.shell:create_environment_hook('serial', 'cmake_prefix_path')
[9.142s] INFO:colcon.colcon_core.shell:Creating environment hook '/home/sunrise/dev_ws/install/serial/share/serial/hook/cmake_prefix_path.ps1'
[9.145s] INFO:colcon.colcon_core.shell:Creating environment descriptor '/home/sunrise/dev_ws/install/serial/share/serial/hook/cmake_prefix_path.dsv'
[9.148s] INFO:colcon.colcon_core.shell:Creating environment hook '/home/sunrise/dev_ws/install/serial/share/serial/hook/cmake_prefix_path.sh'
[9.153s] Level 1:colcon.colcon_core.environment:checking '/home/sunrise/dev_ws/install/serial/lib'
[9.153s] Level 1:colcon.colcon_core.environment:checking '/home/sunrise/dev_ws/install/serial/bin'
[9.154s] Level 1:colcon.colcon_core.environment:checking '/home/sunrise/dev_ws/install/serial/lib/pkgconfig/serial.pc'
[9.156s] Level 1:colcon.colcon_core.environment:checking '/home/sunrise/dev_ws/install/serial/lib/python3.10/site-packages'
[9.159s] Level 1:colcon.colcon_core.environment:checking '/home/sunrise/dev_ws/install/serial/bin'
[9.162s] INFO:colcon.colcon_core.shell:Creating package script '/home/sunrise/dev_ws/install/serial/share/serial/package.ps1'
[9.167s] INFO:colcon.colcon_core.shell:Creating package descriptor '/home/sunrise/dev_ws/install/serial/share/serial/package.dsv'
[9.171s] INFO:colcon.colcon_core.shell:Creating package script '/home/sunrise/dev_ws/install/serial/share/serial/package.sh'
[9.175s] INFO:colcon.colcon_core.shell:Creating package script '/home/sunrise/dev_ws/install/serial/share/serial/package.bash'
[9.192s] INFO:colcon.colcon_core.shell:Creating package script '/home/sunrise/dev_ws/install/serial/share/serial/package.zsh'
[9.195s] Level 1:colcon.colcon_core.environment:create_file_with_runtime_dependencies(/home/sunrise/dev_ws/install/serial/share/colcon-core/packages/serial)
[9.197s] Level 1:colcon.colcon_core.environment:create_environment_scripts_only(origincar_description)
[9.199s] Level 1:colcon.colcon_core.environment:checking '/home/sunrise/dev_ws/install/origincar_description' for CMake module files
[9.206s] DEBUG:colcon.colcon_core.event_handler.log_command:Invoked command in '/home/sunrise/dev_ws/build/origincar_description' returned '0': CMAKE_PREFIX_PATH=${CMAKE_PREFIX_PATH}:/home/sunrise/dev_ws/install/simple_avoidance:/home/sunrise/dev_ws/install/racing_stage2_param_test:/home/sunrise/dev_ws/install/racing_vision_ai:/home/sunrise/dev_ws/install/racing_stage3_param_test:/home/sunrise/dev_ws/install/racing_bringup:/home/sunrise/dev_ws/install/racing_stage3:/home/sunrise/dev_ws/install/racing_stage2:/home/sunrise/dev_ws/install/racing_stage1:/home/sunrise/dev_ws/install/qr_scanner:/home/sunrise/dev_ws/install/line_follower_pkg:/home/sunrise/dev_ws/install/bno055:/opt/tros/humble:/opt/ros/humble /usr/bin/cmake --install /home/sunrise/dev_ws/build/origincar_description
[9.207s] Level 1:colcon.colcon_core.environment:checking '/home/sunrise/dev_ws/install/origincar_description' for CMake config files
[9.209s] Level 1:colcon.colcon_core.shell:create_environment_hook('origincar_description', 'cmake_prefix_path')
[9.211s] INFO:colcon.colcon_core.shell:Creating environment hook '/home/sunrise/dev_ws/install/origincar_description/share/origincar_description/hook/cmake_prefix_path.ps1'
[9.214s] INFO:colcon.colcon_core.shell:Creating environment descriptor '/home/sunrise/dev_ws/install/origincar_description/share/origincar_description/hook/cmake_prefix_path.dsv'
[9.217s] INFO:colcon.colcon_core.shell:Creating environment hook '/home/sunrise/dev_ws/install/origincar_description/share/origincar_description/hook/cmake_prefix_path.sh'
[9.222s] Level 1:colcon.colcon_core.environment:checking '/home/sunrise/dev_ws/install/origincar_description/bin'
[9.222s] Level 1:colcon.colcon_core.environment:checking '/home/sunrise/dev_ws/install/origincar_description/lib/pkgconfig/origincar_description.pc'
[9.224s] Level 1:colcon.colcon_core.environment:checking '/home/sunrise/dev_ws/install/origincar_description/lib/python3.10/site-packages'
[9.227s] Level 1:colcon.colcon_core.environment:checking '/home/sunrise/dev_ws/install/origincar_description/bin'
[9.233s] INFO:colcon.colcon_core.shell:Creating package script '/home/sunrise/dev_ws/install/origincar_description/share/origincar_description/package.ps1'
[9.237s] INFO:colcon.colcon_core.shell:Creating package descriptor '/home/sunrise/dev_ws/install/origincar_description/share/origincar_description/package.dsv'
[9.240s] INFO:colcon.colcon_core.shell:Creating package script '/home/sunrise/dev_ws/install/origincar_description/share/origincar_description/package.sh'
[9.244s] INFO:colcon.colcon_core.shell:Creating package script '/home/sunrise/dev_ws/install/origincar_description/share/origincar_description/package.bash'
[9.247s] INFO:colcon.colcon_core.shell:Creating package script '/home/sunrise/dev_ws/install/origincar_description/share/origincar_description/package.zsh'
[9.250s] Level 1:colcon.colcon_core.environment:create_file_with_runtime_dependencies(/home/sunrise/dev_ws/install/origincar_description/share/colcon-core/packages/origincar_description)
[9.256s] Level 1:colcon.colcon_core.environment:create_environment_scripts_only(origincar_description)
[9.258s] Level 1:colcon.colcon_core.environment:checking '/home/sunrise/dev_ws/install/origincar_description' for CMake module files
[9.261s] Level 1:colcon.colcon_core.environment:checking '/home/sunrise/dev_ws/install/origincar_description' for CMake config files
[9.263s] Level 1:colcon.colcon_core.shell:create_environment_hook('origincar_description', 'cmake_prefix_path')
[9.265s] INFO:colcon.colcon_core.shell:Creating environment hook '/home/sunrise/dev_ws/install/origincar_description/share/origincar_description/hook/cmake_prefix_path.ps1'
[9.268s] INFO:colcon.colcon_core.shell:Creating environment descriptor '/home/sunrise/dev_ws/install/origincar_description/share/origincar_description/hook/cmake_prefix_path.dsv'
[9.271s] INFO:colcon.colcon_core.shell:Creating environment hook '/home/sunrise/dev_ws/install/origincar_description/share/origincar_description/hook/cmake_prefix_path.sh'
[9.275s] Level 1:colcon.colcon_core.environment:checking '/home/sunrise/dev_ws/install/origincar_description/bin'
[9.276s] Level 1:colcon.colcon_core.environment:checking '/home/sunrise/dev_ws/install/origincar_description/lib/pkgconfig/origincar_description.pc'
[9.278s] Level 1:colcon.colcon_core.environment:checking '/home/sunrise/dev_ws/install/origincar_description/lib/python3.10/site-packages'
[9.281s] Level 1:colcon.colcon_core.environment:checking '/home/sunrise/dev_ws/install/origincar_description/bin'
[9.283s] INFO:colcon.colcon_core.shell:Creating package script '/home/sunrise/dev_ws/install/origincar_description/share/origincar_description/package.ps1'
[9.288s] INFO:colcon.colcon_core.shell:Creating package descriptor '/home/sunrise/dev_ws/install/origincar_description/share/origincar_description/package.dsv'
[9.291s] INFO:colcon.colcon_core.shell:Creating package script '/home/sunrise/dev_ws/install/origincar_description/share/origincar_description/package.sh'
[9.295s] INFO:colcon.colcon_core.shell:Creating package script '/home/sunrise/dev_ws/install/origincar_description/share/origincar_description/package.bash'
[9.298s] INFO:colcon.colcon_core.shell:Creating package script '/home/sunrise/dev_ws/install/origincar_description/share/origincar_description/package.zsh'
[9.302s] Level 1:colcon.colcon_core.environment:create_file_with_runtime_dependencies(/home/sunrise/dev_ws/install/origincar_description/share/colcon-core/packages/origincar_description)
[9.310s] DEBUG:colcon.colcon_core.event_handler.log_command:Invoked command in '/home/sunrise/dev_ws/build/ackermann_msgs' returned '0': CMAKE_PREFIX_PATH=${CMAKE_PREFIX_PATH}:/home/sunrise/dev_ws/install/simple_avoidance:/home/sunrise/dev_ws/install/racing_stage2_param_test:/home/sunrise/dev_ws/install/racing_vision_ai:/home/sunrise/dev_ws/install/racing_stage3_param_test:/home/sunrise/dev_ws/install/racing_bringup:/home/sunrise/dev_ws/install/racing_stage3:/home/sunrise/dev_ws/install/racing_stage2:/home/sunrise/dev_ws/install/racing_stage1:/home/sunrise/dev_ws/install/qr_scanner:/home/sunrise/dev_ws/install/line_follower_pkg:/home/sunrise/dev_ws/install/bno055:/opt/tros/humble:/opt/ros/humble /usr/bin/cmake --build /home/sunrise/dev_ws/build/ackermann_msgs -- -j8 -l8
[9.316s] DEBUG:colcon.colcon_core.event_handler.log_command:Invoking command in '/home/sunrise/dev_ws/build/ackermann_msgs': CMAKE_PREFIX_PATH=${CMAKE_PREFIX_PATH}:/home/sunrise/dev_ws/install/simple_avoidance:/home/sunrise/dev_ws/install/racing_stage2_param_test:/home/sunrise/dev_ws/install/racing_vision_ai:/home/sunrise/dev_ws/install/racing_stage3_param_test:/home/sunrise/dev_ws/install/racing_bringup:/home/sunrise/dev_ws/install/racing_stage3:/home/sunrise/dev_ws/install/racing_stage2:/home/sunrise/dev_ws/install/racing_stage1:/home/sunrise/dev_ws/install/qr_scanner:/home/sunrise/dev_ws/install/line_follower_pkg:/home/sunrise/dev_ws/install/bno055:/opt/tros/humble:/opt/ros/humble /usr/bin/cmake --install /home/sunrise/dev_ws/build/ackermann_msgs
[9.324s] DEBUG:colcon.colcon_core.event_handler.log_command:Invoked command in '/home/sunrise/dev_ws/build/origincar_msg' returned '0': CMAKE_PREFIX_PATH=${CMAKE_PREFIX_PATH}:/home/sunrise/dev_ws/install/simple_avoidance:/home/sunrise/dev_ws/install/racing_stage2_param_test:/home/sunrise/dev_ws/install/racing_vision_ai:/home/sunrise/dev_ws/install/racing_stage3_param_test:/home/sunrise/dev_ws/install/racing_bringup:/home/sunrise/dev_ws/install/racing_stage3:/home/sunrise/dev_ws/install/racing_stage2:/home/sunrise/dev_ws/install/racing_stage1:/home/sunrise/dev_ws/install/qr_scanner:/home/sunrise/dev_ws/install/line_follower_pkg:/home/sunrise/dev_ws/install/bno055:/opt/tros/humble:/opt/ros/humble /usr/bin/cmake --build /home/sunrise/dev_ws/build/origincar_msg -- -j8 -l8
[9.332s] DEBUG:colcon.colcon_core.event_handler.log_command:Invoking command in '/home/sunrise/dev_ws/build/origincar_msg': CMAKE_PREFIX_PATH=${CMAKE_PREFIX_PATH}:/home/sunrise/dev_ws/install/simple_avoidance:/home/sunrise/dev_ws/install/racing_stage2_param_test:/home/sunrise/dev_ws/install/racing_vision_ai:/home/sunrise/dev_ws/install/racing_stage3_param_test:/home/sunrise/dev_ws/install/racing_bringup:/home/sunrise/dev_ws/install/racing_stage3:/home/sunrise/dev_ws/install/racing_stage2:/home/sunrise/dev_ws/install/racing_stage1:/home/sunrise/dev_ws/install/qr_scanner:/home/sunrise/dev_ws/install/line_follower_pkg:/home/sunrise/dev_ws/install/bno055:/opt/tros/humble:/opt/ros/humble /usr/bin/cmake --install /home/sunrise/dev_ws/build/origincar_msg
[9.337s] DEBUG:colcon.colcon_core.event_handler.log_command:Invoked command in '/home/sunrise/dev_ws/build/lslidar_msgs' returned '0': CMAKE_PREFIX_PATH=${CMAKE_PREFIX_PATH}:/home/sunrise/dev_ws/install/simple_avoidance:/home/sunrise/dev_ws/install/racing_stage2_param_test:/home/sunrise/dev_ws/install/racing_vision_ai:/home/sunrise/dev_ws/install/racing_stage3_param_test:/home/sunrise/dev_ws/install/racing_bringup:/home/sunrise/dev_ws/install/racing_stage3:/home/sunrise/dev_ws/install/racing_stage2:/home/sunrise/dev_ws/install/racing_stage1:/home/sunrise/dev_ws/install/qr_scanner:/home/sunrise/dev_ws/install/line_follower_pkg:/home/sunrise/dev_ws/install/bno055:/opt/tros/humble:/opt/ros/humble /usr/bin/cmake --build /home/sunrise/dev_ws/build/lslidar_msgs -- -j8 -l8
[9.350s] DEBUG:colcon.colcon_core.event_handler.log_command:Invoking command in '/home/sunrise/dev_ws/build/lslidar_msgs': CMAKE_PREFIX_PATH=${CMAKE_PREFIX_PATH}:/home/sunrise/dev_ws/install/simple_avoidance:/home/sunrise/dev_ws/install/racing_stage2_param_test:/home/sunrise/dev_ws/install/racing_vision_ai:/home/sunrise/dev_ws/install/racing_stage3_param_test:/home/sunrise/dev_ws/install/racing_bringup:/home/sunrise/dev_ws/install/racing_stage3:/home/sunrise/dev_ws/install/racing_stage2:/home/sunrise/dev_ws/install/racing_stage1:/home/sunrise/dev_ws/install/qr_scanner:/home/sunrise/dev_ws/install/line_follower_pkg:/home/sunrise/dev_ws/install/bno055:/opt/tros/humble:/opt/ros/humble /usr/bin/cmake --install /home/sunrise/dev_ws/build/lslidar_msgs
[9.929s] Level 1:colcon.colcon_core.environment:create_environment_scripts_only(ackermann_msgs)
[9.931s] Level 1:colcon.colcon_core.environment:checking '/home/sunrise/dev_ws/install/ackermann_msgs' for CMake module files
[9.940s] Level 1:colcon.colcon_core.environment:checking '/home/sunrise/dev_ws/install/ackermann_msgs' for CMake config files
[9.948s] DEBUG:colcon.colcon_core.event_handler.log_command:Invoked command in '/home/sunrise/dev_ws/build/ackermann_msgs' returned '0': CMAKE_PREFIX_PATH=${CMAKE_PREFIX_PATH}:/home/sunrise/dev_ws/install/simple_avoidance:/home/sunrise/dev_ws/install/racing_stage2_param_test:/home/sunrise/dev_ws/install/racing_vision_ai:/home/sunrise/dev_ws/install/racing_stage3_param_test:/home/sunrise/dev_ws/install/racing_bringup:/home/sunrise/dev_ws/install/racing_stage3:/home/sunrise/dev_ws/install/racing_stage2:/home/sunrise/dev_ws/install/racing_stage1:/home/sunrise/dev_ws/install/qr_scanner:/home/sunrise/dev_ws/install/line_follower_pkg:/home/sunrise/dev_ws/install/bno055:/opt/tros/humble:/opt/ros/humble /usr/bin/cmake --install /home/sunrise/dev_ws/build/ackermann_msgs
[9.955s] Level 1:colcon.colcon_core.shell:create_environment_hook('ackermann_msgs', 'cmake_prefix_path')
[9.957s] INFO:colcon.colcon_core.shell:Creating environment hook '/home/sunrise/dev_ws/install/ackermann_msgs/share/ackermann_msgs/hook/cmake_prefix_path.ps1'
[9.962s] INFO:colcon.colcon_core.shell:Creating environment descriptor '/home/sunrise/dev_ws/install/ackermann_msgs/share/ackermann_msgs/hook/cmake_prefix_path.dsv'
[9.976s] INFO:colcon.colcon_core.shell:Creating environment hook '/home/sunrise/dev_ws/install/ackermann_msgs/share/ackermann_msgs/hook/cmake_prefix_path.sh'
[9.981s] Level 1:colcon.colcon_core.environment:checking '/home/sunrise/dev_ws/install/ackermann_msgs/lib'
[9.982s] Level 1:colcon.colcon_core.shell:create_environment_hook('ackermann_msgs', 'ld_library_path_lib')
[9.985s] INFO:colcon.colcon_core.shell:Creating environment hook '/home/sunrise/dev_ws/install/ackermann_msgs/share/ackermann_msgs/hook/ld_library_path_lib.ps1'
[9.989s] INFO:colcon.colcon_core.shell:Creating environment descriptor '/home/sunrise/dev_ws/install/ackermann_msgs/share/ackermann_msgs/hook/ld_library_path_lib.dsv'
[9.993s] INFO:colcon.colcon_core.shell:Creating environment hook '/home/sunrise/dev_ws/install/ackermann_msgs/share/ackermann_msgs/hook/ld_library_path_lib.sh'
[9.997s] Level 1:colcon.colcon_core.environment:checking '/home/sunrise/dev_ws/install/ackermann_msgs/bin'
[9.998s] Level 1:colcon.colcon_core.environment:checking '/home/sunrise/dev_ws/install/ackermann_msgs/lib/pkgconfig/ackermann_msgs.pc'
[10.000s] Level 1:colcon.colcon_core.environment:checking '/home/sunrise/dev_ws/install/ackermann_msgs/lib/python3.10/site-packages'
[10.002s] Level 1:colcon.colcon_core.environment:checking '/home/sunrise/dev_ws/install/ackermann_msgs/bin'
[10.005s] INFO:colcon.colcon_core.shell:Creating package script '/home/sunrise/dev_ws/install/ackermann_msgs/share/ackermann_msgs/package.ps1'
[10.012s] INFO:colcon.colcon_core.shell:Creating package descriptor '/home/sunrise/dev_ws/install/ackermann_msgs/share/ackermann_msgs/package.dsv'
[10.018s] INFO:colcon.colcon_core.shell:Creating package script '/home/sunrise/dev_ws/install/ackermann_msgs/share/ackermann_msgs/package.sh'
[10.024s] INFO:colcon.colcon_core.shell:Creating package script '/home/sunrise/dev_ws/install/ackermann_msgs/share/ackermann_msgs/package.bash'
[10.029s] INFO:colcon.colcon_core.shell:Creating package script '/home/sunrise/dev_ws/install/ackermann_msgs/share/ackermann_msgs/package.zsh'
[10.033s] Level 1:colcon.colcon_core.environment:create_file_with_runtime_dependencies(/home/sunrise/dev_ws/install/ackermann_msgs/share/colcon-core/packages/ackermann_msgs)
[10.040s] Level 1:colcon.colcon_core.environment:create_environment_scripts_only(ackermann_msgs)
[10.042s] Level 1:colcon.colcon_core.environment:checking '/home/sunrise/dev_ws/install/ackermann_msgs' for CMake module files
[10.047s] Level 1:colcon.colcon_core.environment:checking '/home/sunrise/dev_ws/install/ackermann_msgs' for CMake config files
[10.050s] Level 1:colcon.colcon_core.shell:create_environment_hook('ackermann_msgs', 'cmake_prefix_path')
[10.052s] INFO:colcon.colcon_core.shell:Creating environment hook '/home/sunrise/dev_ws/install/ackermann_msgs/share/ackermann_msgs/hook/cmake_prefix_path.ps1'
[10.055s] INFO:colcon.colcon_core.shell:Creating environment descriptor '/home/sunrise/dev_ws/install/ackermann_msgs/share/ackermann_msgs/hook/cmake_prefix_path.dsv'
[10.058s] INFO:colcon.colcon_core.shell:Creating environment hook '/home/sunrise/dev_ws/install/ackermann_msgs/share/ackermann_msgs/hook/cmake_prefix_path.sh'
[10.062s] Level 1:colcon.colcon_core.environment:checking '/home/sunrise/dev_ws/install/ackermann_msgs/lib'
[10.063s] Level 1:colcon.colcon_core.shell:create_environment_hook('ackermann_msgs', 'ld_library_path_lib')
[10.064s] INFO:colcon.colcon_core.shell:Creating environment hook '/home/sunrise/dev_ws/install/ackermann_msgs/share/ackermann_msgs/hook/ld_library_path_lib.ps1'
[10.067s] INFO:colcon.colcon_core.shell:Creating environment descriptor '/home/sunrise/dev_ws/install/ackermann_msgs/share/ackermann_msgs/hook/ld_library_path_lib.dsv'
[10.070s] INFO:colcon.colcon_core.shell:Creating environment hook '/home/sunrise/dev_ws/install/ackermann_msgs/share/ackermann_msgs/hook/ld_library_path_lib.sh'
[10.073s] Level 1:colcon.colcon_core.environment:checking '/home/sunrise/dev_ws/install/ackermann_msgs/bin'
[10.073s] Level 1:colcon.colcon_core.environment:checking '/home/sunrise/dev_ws/install/ackermann_msgs/lib/pkgconfig/ackermann_msgs.pc'
[10.075s] Level 1:colcon.colcon_core.environment:checking '/home/sunrise/dev_ws/install/ackermann_msgs/lib/python3.10/site-packages'
[10.078s] Level 1:colcon.colcon_core.environment:checking '/home/sunrise/dev_ws/install/ackermann_msgs/bin'
[10.080s] INFO:colcon.colcon_core.shell:Creating package script '/home/sunrise/dev_ws/install/ackermann_msgs/share/ackermann_msgs/package.ps1'
[10.085s] INFO:colcon.colcon_core.shell:Creating package descriptor '/home/sunrise/dev_ws/install/ackermann_msgs/share/ackermann_msgs/package.dsv'
[10.089s] INFO:colcon.colcon_core.shell:Creating package script '/home/sunrise/dev_ws/install/ackermann_msgs/share/ackermann_msgs/package.sh'
[10.093s] INFO:colcon.colcon_core.shell:Creating package script '/home/sunrise/dev_ws/install/ackermann_msgs/share/ackermann_msgs/package.bash'
[10.096s] INFO:colcon.colcon_core.shell:Creating package script '/home/sunrise/dev_ws/install/ackermann_msgs/share/ackermann_msgs/package.zsh'
[10.099s] Level 1:colcon.colcon_core.environment:create_file_with_runtime_dependencies(/home/sunrise/dev_ws/install/ackermann_msgs/share/colcon-core/packages/ackermann_msgs)
[10.105s] Level 1:colcon.colcon_core.environment:create_environment_scripts_only(origincar_msg)
[10.107s] Level 1:colcon.colcon_core.environment:checking '/home/sunrise/dev_ws/install/origincar_msg' for CMake module files
[10.111s] DEBUG:colcon.colcon_core.event_handler.log_command:Invoked command in '/home/sunrise/dev_ws/build/origincar_msg' returned '0': CMAKE_PREFIX_PATH=${CMAKE_PREFIX_PATH}:/home/sunrise/dev_ws/install/simple_avoidance:/home/sunrise/dev_ws/install/racing_stage2_param_test:/home/sunrise/dev_ws/install/racing_vision_ai:/home/sunrise/dev_ws/install/racing_stage3_param_test:/home/sunrise/dev_ws/install/racing_bringup:/home/sunrise/dev_ws/install/racing_stage3:/home/sunrise/dev_ws/install/racing_stage2:/home/sunrise/dev_ws/install/racing_stage1:/home/sunrise/dev_ws/install/qr_scanner:/home/sunrise/dev_ws/install/line_follower_pkg:/home/sunrise/dev_ws/install/bno055:/opt/tros/humble:/opt/ros/humble /usr/bin/cmake --install /home/sunrise/dev_ws/build/origincar_msg
[10.115s] Level 1:colcon.colcon_core.environment:checking '/home/sunrise/dev_ws/install/origincar_msg' for CMake config files
[10.118s] Level 1:colcon.colcon_core.shell:create_environment_hook('origincar_msg', 'cmake_prefix_path')
[10.120s] INFO:colcon.colcon_core.shell:Creating environment hook '/home/sunrise/dev_ws/install/origincar_msg/share/origincar_msg/hook/cmake_prefix_path.ps1'
[10.123s] INFO:colcon.colcon_core.shell:Creating environment descriptor '/home/sunrise/dev_ws/install/origincar_msg/share/origincar_msg/hook/cmake_prefix_path.dsv'
[10.126s] INFO:colcon.colcon_core.shell:Creating environment hook '/home/sunrise/dev_ws/install/origincar_msg/share/origincar_msg/hook/cmake_prefix_path.sh'
[10.129s] Level 1:colcon.colcon_core.environment:checking '/home/sunrise/dev_ws/install/origincar_msg/lib'
[10.130s] Level 1:colcon.colcon_core.shell:create_environment_hook('origincar_msg', 'ld_library_path_lib')
[10.132s] INFO:colcon.colcon_core.shell:Creating environment hook '/home/sunrise/dev_ws/install/origincar_msg/share/origincar_msg/hook/ld_library_path_lib.ps1'
[10.135s] INFO:colcon.colcon_core.shell:Creating environment descriptor '/home/sunrise/dev_ws/install/origincar_msg/share/origincar_msg/hook/ld_library_path_lib.dsv'
[10.137s] INFO:colcon.colcon_core.shell:Creating environment hook '/home/sunrise/dev_ws/install/origincar_msg/share/origincar_msg/hook/ld_library_path_lib.sh'
[10.140s] Level 1:colcon.colcon_core.environment:checking '/home/sunrise/dev_ws/install/origincar_msg/bin'
[10.141s] Level 1:colcon.colcon_core.environment:checking '/home/sunrise/dev_ws/install/origincar_msg/lib/pkgconfig/origincar_msg.pc'
[10.142s] Level 1:colcon.colcon_core.environment:checking '/home/sunrise/dev_ws/install/origincar_msg/lib/python3.10/site-packages'
[10.145s] Level 1:colcon.colcon_core.environment:checking '/home/sunrise/dev_ws/install/origincar_msg/bin'
[10.148s] INFO:colcon.colcon_core.shell:Creating package script '/home/sunrise/dev_ws/install/origincar_msg/share/origincar_msg/package.ps1'
[10.152s] INFO:colcon.colcon_core.shell:Creating package descriptor '/home/sunrise/dev_ws/install/origincar_msg/share/origincar_msg/package.dsv'
[10.155s] INFO:colcon.colcon_core.shell:Creating package script '/home/sunrise/dev_ws/install/origincar_msg/share/origincar_msg/package.sh'
[10.159s] INFO:colcon.colcon_core.shell:Creating package script '/home/sunrise/dev_ws/install/origincar_msg/share/origincar_msg/package.bash'
[10.162s] INFO:colcon.colcon_core.shell:Creating package script '/home/sunrise/dev_ws/install/origincar_msg/share/origincar_msg/package.zsh'
[10.164s] Level 1:colcon.colcon_core.environment:create_file_with_runtime_dependencies(/home/sunrise/dev_ws/install/origincar_msg/share/colcon-core/packages/origincar_msg)
[10.168s] Level 1:colcon.colcon_core.environment:create_environment_scripts_only(origincar_msg)
[10.170s] Level 1:colcon.colcon_core.environment:checking '/home/sunrise/dev_ws/install/origincar_msg' for CMake module files
[10.175s] Level 1:colcon.colcon_core.environment:checking '/home/sunrise/dev_ws/install/origincar_msg' for CMake config files
[10.177s] Level 1:colcon.colcon_core.shell:create_environment_hook('origincar_msg', 'cmake_prefix_path')
[10.179s] INFO:colcon.colcon_core.shell:Creating environment hook '/home/sunrise/dev_ws/install/origincar_msg/share/origincar_msg/hook/cmake_prefix_path.ps1'
[10.182s] INFO:colcon.colcon_core.shell:Creating environment descriptor '/home/sunrise/dev_ws/install/origincar_msg/share/origincar_msg/hook/cmake_prefix_path.dsv'
[10.184s] INFO:colcon.colcon_core.shell:Creating environment hook '/home/sunrise/dev_ws/install/origincar_msg/share/origincar_msg/hook/cmake_prefix_path.sh'
[10.188s] Level 1:colcon.colcon_core.environment:checking '/home/sunrise/dev_ws/install/origincar_msg/lib'
[10.188s] Level 1:colcon.colcon_core.shell:create_environment_hook('origincar_msg', 'ld_library_path_lib')
[10.190s] INFO:colcon.colcon_core.shell:Creating environment hook '/home/sunrise/dev_ws/install/origincar_msg/share/origincar_msg/hook/ld_library_path_lib.ps1'
[10.193s] INFO:colcon.colcon_core.shell:Creating environment descriptor '/home/sunrise/dev_ws/install/origincar_msg/share/origincar_msg/hook/ld_library_path_lib.dsv'
[10.195s] INFO:colcon.colcon_core.shell:Creating environment hook '/home/sunrise/dev_ws/install/origincar_msg/share/origincar_msg/hook/ld_library_path_lib.sh'
[10.198s] Level 1:colcon.colcon_core.environment:checking '/home/sunrise/dev_ws/install/origincar_msg/bin'
[10.198s] Level 1:colcon.colcon_core.environment:checking '/home/sunrise/dev_ws/install/origincar_msg/lib/pkgconfig/origincar_msg.pc'
[10.200s] Level 1:colcon.colcon_core.environment:checking '/home/sunrise/dev_ws/install/origincar_msg/lib/python3.10/site-packages'
[10.202s] Level 1:colcon.colcon_core.environment:checking '/home/sunrise/dev_ws/install/origincar_msg/bin'
[10.205s] INFO:colcon.colcon_core.shell:Creating package script '/home/sunrise/dev_ws/install/origincar_msg/share/origincar_msg/package.ps1'
[10.209s] INFO:colcon.colcon_core.shell:Creating package descriptor '/home/sunrise/dev_ws/install/origincar_msg/share/origincar_msg/package.dsv'
[10.213s] INFO:colcon.colcon_core.shell:Creating package script '/home/sunrise/dev_ws/install/origincar_msg/share/origincar_msg/package.sh'
[10.216s] INFO:colcon.colcon_core.shell:Creating package script '/home/sunrise/dev_ws/install/origincar_msg/share/origincar_msg/package.bash'
[10.219s] INFO:colcon.colcon_core.shell:Creating package script '/home/sunrise/dev_ws/install/origincar_msg/share/origincar_msg/package.zsh'
[10.222s] Level 1:colcon.colcon_core.environment:create_file_with_runtime_dependencies(/home/sunrise/dev_ws/install/origincar_msg/share/colcon-core/packages/origincar_msg)
[10.225s] INFO:colcon.colcon_ros.task.ament_cmake.build:Building ROS package in '/home/sunrise/dev_ws/src/origincar/origincar_base' with build type 'ament_cmake'
[10.226s] INFO:colcon.colcon_cmake.task.cmake.build:Building CMake package in '/home/sunrise/dev_ws/src/origincar/origincar_base'
[10.228s] INFO:colcon.colcon_core.shell:Skip shell extension 'powershell' for command environment: Not usable outside of PowerShell
[10.228s] DEBUG:colcon.colcon_core.shell:Skip shell extension 'dsv' for command environment
[10.261s] Level 1:colcon.colcon_core.environment:create_environment_scripts_only(lslidar_msgs)
[10.263s] Level 1:colcon.colcon_core.environment:checking '/home/sunrise/dev_ws/install/lslidar_msgs' for CMake module files
[10.266s] DEBUG:colcon.colcon_core.event_handler.log_command:Invoked command in '/home/sunrise/dev_ws/build/lslidar_msgs' returned '0': CMAKE_PREFIX_PATH=${CMAKE_PREFIX_PATH}:/home/sunrise/dev_ws/install/simple_avoidance:/home/sunrise/dev_ws/install/racing_stage2_param_test:/home/sunrise/dev_ws/install/racing_vision_ai:/home/sunrise/dev_ws/install/racing_stage3_param_test:/home/sunrise/dev_ws/install/racing_bringup:/home/sunrise/dev_ws/install/racing_stage3:/home/sunrise/dev_ws/install/racing_stage2:/home/sunrise/dev_ws/install/racing_stage1:/home/sunrise/dev_ws/install/qr_scanner:/home/sunrise/dev_ws/install/line_follower_pkg:/home/sunrise/dev_ws/install/bno055:/opt/tros/humble:/opt/ros/humble /usr/bin/cmake --install /home/sunrise/dev_ws/build/lslidar_msgs
[10.270s] Level 1:colcon.colcon_core.environment:checking '/home/sunrise/dev_ws/install/lslidar_msgs' for CMake config files
[10.273s] Level 1:colcon.colcon_core.shell:create_environment_hook('lslidar_msgs', 'cmake_prefix_path')
[10.275s] INFO:colcon.colcon_core.shell:Creating environment hook '/home/sunrise/dev_ws/install/lslidar_msgs/share/lslidar_msgs/hook/cmake_prefix_path.ps1'
[10.278s] INFO:colcon.colcon_core.shell:Creating environment descriptor '/home/sunrise/dev_ws/install/lslidar_msgs/share/lslidar_msgs/hook/cmake_prefix_path.dsv'
[10.280s] INFO:colcon.colcon_core.shell:Creating environment hook '/home/sunrise/dev_ws/install/lslidar_msgs/share/lslidar_msgs/hook/cmake_prefix_path.sh'
[10.284s] Level 1:colcon.colcon_core.environment:checking '/home/sunrise/dev_ws/install/lslidar_msgs/lib'
[10.285s] Level 1:colcon.colcon_core.shell:create_environment_hook('lslidar_msgs', 'ld_library_path_lib')
[10.287s] INFO:colcon.colcon_core.shell:Creating environment hook '/home/sunrise/dev_ws/install/lslidar_msgs/share/lslidar_msgs/hook/ld_library_path_lib.ps1'
[10.289s] INFO:colcon.colcon_core.shell:Creating environment descriptor '/home/sunrise/dev_ws/install/lslidar_msgs/share/lslidar_msgs/hook/ld_library_path_lib.dsv'
[10.292s] INFO:colcon.colcon_core.shell:Creating environment hook '/home/sunrise/dev_ws/install/lslidar_msgs/share/lslidar_msgs/hook/ld_library_path_lib.sh'
[10.295s] Level 1:colcon.colcon_core.environment:checking '/home/sunrise/dev_ws/install/lslidar_msgs/bin'
[10.296s] Level 1:colcon.colcon_core.environment:checking '/home/sunrise/dev_ws/install/lslidar_msgs/lib/pkgconfig/lslidar_msgs.pc'
[10.297s] Level 1:colcon.colcon_core.environment:checking '/home/sunrise/dev_ws/install/lslidar_msgs/lib/python3.10/site-packages'
[10.300s] Level 1:colcon.colcon_core.environment:checking '/home/sunrise/dev_ws/install/lslidar_msgs/bin'
[10.303s] INFO:colcon.colcon_core.shell:Creating package script '/home/sunrise/dev_ws/install/lslidar_msgs/share/lslidar_msgs/package.ps1'
[10.308s] INFO:colcon.colcon_core.shell:Creating package descriptor '/home/sunrise/dev_ws/install/lslidar_msgs/share/lslidar_msgs/package.dsv'
[10.311s] INFO:colcon.colcon_core.shell:Creating package script '/home/sunrise/dev_ws/install/lslidar_msgs/share/lslidar_msgs/package.sh'
[10.314s] INFO:colcon.colcon_core.shell:Creating package script '/home/sunrise/dev_ws/install/lslidar_msgs/share/lslidar_msgs/package.bash'
[10.316s] INFO:colcon.colcon_core.shell:Creating package script '/home/sunrise/dev_ws/install/lslidar_msgs/share/lslidar_msgs/package.zsh'
[10.319s] Level 1:colcon.colcon_core.environment:create_file_with_runtime_dependencies(/home/sunrise/dev_ws/install/lslidar_msgs/share/colcon-core/packages/lslidar_msgs)
[10.323s] Level 1:colcon.colcon_core.environment:create_environment_scripts_only(lslidar_msgs)
[10.324s] Level 1:colcon.colcon_core.environment:checking '/home/sunrise/dev_ws/install/lslidar_msgs' for CMake module files
[10.329s] Level 1:colcon.colcon_core.environment:checking '/home/sunrise/dev_ws/install/lslidar_msgs' for CMake config files
[10.332s] Level 1:colcon.colcon_core.shell:create_environment_hook('lslidar_msgs', 'cmake_prefix_path')
[10.333s] INFO:colcon.colcon_core.shell:Creating environment hook '/home/sunrise/dev_ws/install/lslidar_msgs/share/lslidar_msgs/hook/cmake_prefix_path.ps1'
[10.336s] INFO:colcon.colcon_core.shell:Creating environment descriptor '/home/sunrise/dev_ws/install/lslidar_msgs/share/lslidar_msgs/hook/cmake_prefix_path.dsv'
[10.339s] INFO:colcon.colcon_core.shell:Creating environment hook '/home/sunrise/dev_ws/install/lslidar_msgs/share/lslidar_msgs/hook/cmake_prefix_path.sh'
[10.342s] Level 1:colcon.colcon_core.environment:checking '/home/sunrise/dev_ws/install/lslidar_msgs/lib'
[10.343s] Level 1:colcon.colcon_core.shell:create_environment_hook('lslidar_msgs', 'ld_library_path_lib')
[10.344s] INFO:colcon.colcon_core.shell:Creating environment hook '/home/sunrise/dev_ws/install/lslidar_msgs/share/lslidar_msgs/hook/ld_library_path_lib.ps1'
[10.347s] INFO:colcon.colcon_core.shell:Creating environment descriptor '/home/sunrise/dev_ws/install/lslidar_msgs/share/lslidar_msgs/hook/ld_library_path_lib.dsv'
[10.350s] INFO:colcon.colcon_core.shell:Creating environment hook '/home/sunrise/dev_ws/install/lslidar_msgs/share/lslidar_msgs/hook/ld_library_path_lib.sh'
[10.353s] Level 1:colcon.colcon_core.environment:checking '/home/sunrise/dev_ws/install/lslidar_msgs/bin'
[10.353s] Level 1:colcon.colcon_core.environment:checking '/home/sunrise/dev_ws/install/lslidar_msgs/lib/pkgconfig/lslidar_msgs.pc'
[10.355s] Level 1:colcon.colcon_core.environment:checking '/home/sunrise/dev_ws/install/lslidar_msgs/lib/python3.10/site-packages'
[10.357s] Level 1:colcon.colcon_core.environment:checking '/home/sunrise/dev_ws/install/lslidar_msgs/bin'
[10.359s] INFO:colcon.colcon_core.shell:Creating package script '/home/sunrise/dev_ws/install/lslidar_msgs/share/lslidar_msgs/package.ps1'
[10.367s] INFO:colcon.colcon_core.shell:Creating package descriptor '/home/sunrise/dev_ws/install/lslidar_msgs/share/lslidar_msgs/package.dsv'
[10.371s] INFO:colcon.colcon_core.shell:Creating package script '/home/sunrise/dev_ws/install/lslidar_msgs/share/lslidar_msgs/package.sh'
[10.374s] INFO:colcon.colcon_core.shell:Creating package script '/home/sunrise/dev_ws/install/lslidar_msgs/share/lslidar_msgs/package.bash'
[10.377s] INFO:colcon.colcon_core.shell:Creating package script '/home/sunrise/dev_ws/install/lslidar_msgs/share/lslidar_msgs/package.zsh'
[10.380s] Level 1:colcon.colcon_core.environment:create_file_with_runtime_dependencies(/home/sunrise/dev_ws/install/lslidar_msgs/share/colcon-core/packages/lslidar_msgs)
[10.384s] INFO:colcon.colcon_ros.task.ament_cmake.build:Building ROS package in '/home/sunrise/dev_ws/src/LSLIDAR_X_ROS2-20240228/src/lslidar_driver' with build type 'ament_cmake'
[10.385s] INFO:colcon.colcon_cmake.task.cmake.build:Building CMake package in '/home/sunrise/dev_ws/src/LSLIDAR_X_ROS2-20240228/src/lslidar_driver'
[10.387s] INFO:colcon.colcon_core.shell:Skip shell extension 'powershell' for command environment: Not usable outside of PowerShell
[10.388s] DEBUG:colcon.colcon_core.shell:Skip shell extension 'dsv' for command environment
[10.441s] DEBUG:colcon.colcon_core.event_handler.log_command:Invoking command in '/home/sunrise/dev_ws/build/origincar_base': CMAKE_PREFIX_PATH=/home/sunrise/dev_ws/install/serial:/home/sunrise/dev_ws/install/origincar_msg:/home/sunrise/dev_ws/install/origincar_description:/home/sunrise/dev_ws/install/ackermann_msgs:/home/sunrise/dev_ws/install/voice_driver:/home/sunrise/dev_ws/install/utils:/home/sunrise/dev_ws/install/origincar_base:/home/sunrise/dev_ws/install/origincar_bringup:/home/sunrise/dev_ws/install/lslidar_driver:/home/sunrise/dev_ws/install/lslidar_msgs:/home/sunrise/dev_ws/install/simple_avoidance:/home/sunrise/dev_ws/install/racing_stage2_param_test:/home/sunrise/dev_ws/install/racing_vision_ai:/home/sunrise/dev_ws/install/racing_stage3_param_test:/home/sunrise/dev_ws/install/racing_bringup:/home/sunrise/dev_ws/install/racing_stage3:/home/sunrise/dev_ws/install/racing_stage2:/home/sunrise/dev_ws/install/racing_stage1:/home/sunrise/dev_ws/install/qr_scanner:/home/sunrise/dev_ws/install/line_follower_pkg:/home/sunrise/dev_ws/install/bno055:/opt/tros/humble:/opt/ros/humble LD_LIBRARY_PATH=/home/sunrise/dev_ws/install/origincar_msg/lib:/home/sunrise/dev_ws/install/ackermann_msgs/lib:/home/sunrise/dev_ws/install/voice_driver/lib:/home/sunrise/dev_ws/install/origincar_base/lib:/home/sunrise/dev_ws/install/serial/lib:/home/sunrise/dev_ws/install/lslidar_msgs/lib:/opt/tros/humble/lib/aarch64-linux-gnu:/opt/tros/humble/lib:/opt/ros/humble/opt/rviz_ogre_vendor/lib:/opt/ros/humble/lib/aarch64-linux-gnu:/opt/ros/humble/lib:/usr/hobot/lib:/app/lib:/app/pub/lib:/middleware/lib:/middleware/pub/lib:/usr/hobot/lib/sensor:/system/lib:/system/usr/lib:/lib:/usr/hobot/lib:/app/lib:/app/pub/lib:/middleware/lib:/middleware/pub/lib:/usr/hobot/lib/sensor:/system/lib:/system/usr/lib:/lib /usr/bin/cmake --build /home/sunrise/dev_ws/build/origincar_base -- -j8 -l8
[10.461s] DEBUG:colcon.colcon_core.event_handler.log_command:Invoking command in '/home/sunrise/dev_ws/build/lslidar_driver': CMAKE_PREFIX_PATH=/home/sunrise/dev_ws/install/lslidar_msgs:/home/sunrise/dev_ws/install/voice_driver:/home/sunrise/dev_ws/install/utils:/home/sunrise/dev_ws/install/origincar_base:/home/sunrise/dev_ws/install/serial:/home/sunrise/dev_ws/install/origincar_msg:/home/sunrise/dev_ws/install/origincar_description:/home/sunrise/dev_ws/install/origincar_bringup:/home/sunrise/dev_ws/install/lslidar_driver:/home/sunrise/dev_ws/install/ackermann_msgs:/home/sunrise/dev_ws/install/simple_avoidance:/home/sunrise/dev_ws/install/racing_stage2_param_test:/home/sunrise/dev_ws/install/racing_vision_ai:/home/sunrise/dev_ws/install/racing_stage3_param_test:/home/sunrise/dev_ws/install/racing_bringup:/home/sunrise/dev_ws/install/racing_stage3:/home/sunrise/dev_ws/install/racing_stage2:/home/sunrise/dev_ws/install/racing_stage1:/home/sunrise/dev_ws/install/qr_scanner:/home/sunrise/dev_ws/install/line_follower_pkg:/home/sunrise/dev_ws/install/bno055:/opt/tros/humble:/opt/ros/humble LD_LIBRARY_PATH=/home/sunrise/dev_ws/install/lslidar_msgs/lib:/home/sunrise/dev_ws/install/voice_driver/lib:/home/sunrise/dev_ws/install/origincar_base/lib:/home/sunrise/dev_ws/install/serial/lib:/home/sunrise/dev_ws/install/origincar_msg/lib:/home/sunrise/dev_ws/install/ackermann_msgs/lib:/opt/tros/humble/lib/aarch64-linux-gnu:/opt/tros/humble/lib:/opt/ros/humble/opt/rviz_ogre_vendor/lib:/opt/ros/humble/lib/aarch64-linux-gnu:/opt/ros/humble/lib:/usr/hobot/lib:/app/lib:/app/pub/lib:/middleware/lib:/middleware/pub/lib:/usr/hobot/lib/sensor:/system/lib:/system/usr/lib:/lib:/usr/hobot/lib:/app/lib:/app/pub/lib:/middleware/lib:/middleware/pub/lib:/usr/hobot/lib/sensor:/system/lib:/system/usr/lib:/lib /usr/bin/cmake --build /home/sunrise/dev_ws/build/lslidar_driver -- -j8 -l8
[11.204s] DEBUG:colcon.colcon_core.event_handler.log_command:Invoked command in '/home/sunrise/dev_ws/build/lslidar_driver' returned '0': CMAKE_PREFIX_PATH=/home/sunrise/dev_ws/install/lslidar_msgs:/home/sunrise/dev_ws/install/voice_driver:/home/sunrise/dev_ws/install/utils:/home/sunrise/dev_ws/install/origincar_base:/home/sunrise/dev_ws/install/serial:/home/sunrise/dev_ws/install/origincar_msg:/home/sunrise/dev_ws/install/origincar_description:/home/sunrise/dev_ws/install/origincar_bringup:/home/sunrise/dev_ws/install/lslidar_driver:/home/sunrise/dev_ws/install/ackermann_msgs:/home/sunrise/dev_ws/install/simple_avoidance:/home/sunrise/dev_ws/install/racing_stage2_param_test:/home/sunrise/dev_ws/install/racing_vision_ai:/home/sunrise/dev_ws/install/racing_stage3_param_test:/home/sunrise/dev_ws/install/racing_bringup:/home/sunrise/dev_ws/install/racing_stage3:/home/sunrise/dev_ws/install/racing_stage2:/home/sunrise/dev_ws/install/racing_stage1:/home/sunrise/dev_ws/install/qr_scanner:/home/sunrise/dev_ws/install/line_follower_pkg:/home/sunrise/dev_ws/install/bno055:/opt/tros/humble:/opt/ros/humble LD_LIBRARY_PATH=/home/sunrise/dev_ws/install/lslidar_msgs/lib:/home/sunrise/dev_ws/install/voice_driver/lib:/home/sunrise/dev_ws/install/origincar_base/lib:/home/sunrise/dev_ws/install/serial/lib:/home/sunrise/dev_ws/install/origincar_msg/lib:/home/sunrise/dev_ws/install/ackermann_msgs/lib:/opt/tros/humble/lib/aarch64-linux-gnu:/opt/tros/humble/lib:/opt/ros/humble/opt/rviz_ogre_vendor/lib:/opt/ros/humble/lib/aarch64-linux-gnu:/opt/ros/humble/lib:/usr/hobot/lib:/app/lib:/app/pub/lib:/middleware/lib:/middleware/pub/lib:/usr/hobot/lib/sensor:/system/lib:/system/usr/lib:/lib:/usr/hobot/lib:/app/lib:/app/pub/lib:/middleware/lib:/middleware/pub/lib:/usr/hobot/lib/sensor:/system/lib:/system/usr/lib:/lib /usr/bin/cmake --build /home/sunrise/dev_ws/build/lslidar_driver -- -j8 -l8
[11.215s] DEBUG:colcon.colcon_core.event_handler.log_command:Invoking command in '/home/sunrise/dev_ws/build/lslidar_driver': CMAKE_PREFIX_PATH=/home/sunrise/dev_ws/install/lslidar_msgs:/home/sunrise/dev_ws/install/voice_driver:/home/sunrise/dev_ws/install/utils:/home/sunrise/dev_ws/install/origincar_base:/home/sunrise/dev_ws/install/serial:/home/sunrise/dev_ws/install/origincar_msg:/home/sunrise/dev_ws/install/origincar_description:/home/sunrise/dev_ws/install/origincar_bringup:/home/sunrise/dev_ws/install/lslidar_driver:/home/sunrise/dev_ws/install/ackermann_msgs:/home/sunrise/dev_ws/install/simple_avoidance:/home/sunrise/dev_ws/install/racing_stage2_param_test:/home/sunrise/dev_ws/install/racing_vision_ai:/home/sunrise/dev_ws/install/racing_stage3_param_test:/home/sunrise/dev_ws/install/racing_bringup:/home/sunrise/dev_ws/install/racing_stage3:/home/sunrise/dev_ws/install/racing_stage2:/home/sunrise/dev_ws/install/racing_stage1:/home/sunrise/dev_ws/install/qr_scanner:/home/sunrise/dev_ws/install/line_follower_pkg:/home/sunrise/dev_ws/install/bno055:/opt/tros/humble:/opt/ros/humble LD_LIBRARY_PATH=/home/sunrise/dev_ws/install/lslidar_msgs/lib:/home/sunrise/dev_ws/install/voice_driver/lib:/home/sunrise/dev_ws/install/origincar_base/lib:/home/sunrise/dev_ws/install/serial/lib:/home/sunrise/dev_ws/install/origincar_msg/lib:/home/sunrise/dev_ws/install/ackermann_msgs/lib:/opt/tros/humble/lib/aarch64-linux-gnu:/opt/tros/humble/lib:/opt/ros/humble/opt/rviz_ogre_vendor/lib:/opt/ros/humble/lib/aarch64-linux-gnu:/opt/ros/humble/lib:/usr/hobot/lib:/app/lib:/app/pub/lib:/middleware/lib:/middleware/pub/lib:/usr/hobot/lib/sensor:/system/lib:/system/usr/lib:/lib:/usr/hobot/lib:/app/lib:/app/pub/lib:/middleware/lib:/middleware/pub/lib:/usr/hobot/lib/sensor:/system/lib:/system/usr/lib:/lib /usr/bin/cmake --install /home/sunrise/dev_ws/build/lslidar_driver
[11.339s] Level 1:colcon.colcon_core.environment:create_environment_scripts_only(lslidar_driver)
[11.343s] Level 1:colcon.colcon_core.environment:checking '/home/sunrise/dev_ws/install/lslidar_driver' for CMake module files
[11.347s] Level 1:colcon.colcon_core.environment:checking '/home/sunrise/dev_ws/install/lslidar_driver' for CMake config files
[11.349s] Level 1:colcon.colcon_core.shell:create_environment_hook('lslidar_driver', 'cmake_prefix_path')
[11.351s] INFO:colcon.colcon_core.shell:Creating environment hook '/home/sunrise/dev_ws/install/lslidar_driver/share/lslidar_driver/hook/cmake_prefix_path.ps1'
[11.356s] DEBUG:colcon.colcon_core.event_handler.log_command:Invoked command in '/home/sunrise/dev_ws/build/lslidar_driver' returned '0': CMAKE_PREFIX_PATH=/home/sunrise/dev_ws/install/lslidar_msgs:/home/sunrise/dev_ws/install/voice_driver:/home/sunrise/dev_ws/install/utils:/home/sunrise/dev_ws/install/origincar_base:/home/sunrise/dev_ws/install/serial:/home/sunrise/dev_ws/install/origincar_msg:/home/sunrise/dev_ws/install/origincar_description:/home/sunrise/dev_ws/install/origincar_bringup:/home/sunrise/dev_ws/install/lslidar_driver:/home/sunrise/dev_ws/install/ackermann_msgs:/home/sunrise/dev_ws/install/simple_avoidance:/home/sunrise/dev_ws/install/racing_stage2_param_test:/home/sunrise/dev_ws/install/racing_vision_ai:/home/sunrise/dev_ws/install/racing_stage3_param_test:/home/sunrise/dev_ws/install/racing_bringup:/home/sunrise/dev_ws/install/racing_stage3:/home/sunrise/dev_ws/install/racing_stage2:/home/sunrise/dev_ws/install/racing_stage1:/home/sunrise/dev_ws/install/qr_scanner:/home/sunrise/dev_ws/install/line_follower_pkg:/home/sunrise/dev_ws/install/bno055:/opt/tros/humble:/opt/ros/humble LD_LIBRARY_PATH=/home/sunrise/dev_ws/install/lslidar_msgs/lib:/home/sunrise/dev_ws/install/voice_driver/lib:/home/sunrise/dev_ws/install/origincar_base/lib:/home/sunrise/dev_ws/install/serial/lib:/home/sunrise/dev_ws/install/origincar_msg/lib:/home/sunrise/dev_ws/install/ackermann_msgs/lib:/opt/tros/humble/lib/aarch64-linux-gnu:/opt/tros/humble/lib:/opt/ros/humble/opt/rviz_ogre_vendor/lib:/opt/ros/humble/lib/aarch64-linux-gnu:/opt/ros/humble/lib:/usr/hobot/lib:/app/lib:/app/pub/lib:/middleware/lib:/middleware/pub/lib:/usr/hobot/lib/sensor:/system/lib:/system/usr/lib:/lib:/usr/hobot/lib:/app/lib:/app/pub/lib:/middleware/lib:/middleware/pub/lib:/usr/hobot/lib/sensor:/system/lib:/system/usr/lib:/lib /usr/bin/cmake --install /home/sunrise/dev_ws/build/lslidar_driver
[11.357s] INFO:colcon.colcon_core.shell:Creating environment descriptor '/home/sunrise/dev_ws/install/lslidar_driver/share/lslidar_driver/hook/cmake_prefix_path.dsv'
[11.360s] INFO:colcon.colcon_core.shell:Creating environment hook '/home/sunrise/dev_ws/install/lslidar_driver/share/lslidar_driver/hook/cmake_prefix_path.sh'
[11.364s] Level 1:colcon.colcon_core.environment:checking '/home/sunrise/dev_ws/install/lslidar_driver/lib'
[11.365s] Level 1:colcon.colcon_core.environment:checking '/home/sunrise/dev_ws/install/lslidar_driver/bin'
[11.366s] Level 1:colcon.colcon_core.environment:checking '/home/sunrise/dev_ws/install/lslidar_driver/lib/pkgconfig/lslidar_driver.pc'
[11.368s] Level 1:colcon.colcon_core.environment:checking '/home/sunrise/dev_ws/install/lslidar_driver/lib/python3.10/site-packages'
[11.372s] Level 1:colcon.colcon_core.environment:checking '/home/sunrise/dev_ws/install/lslidar_driver/bin'
[11.375s] INFO:colcon.colcon_core.shell:Creating package script '/home/sunrise/dev_ws/install/lslidar_driver/share/lslidar_driver/package.ps1'
[11.379s] INFO:colcon.colcon_core.shell:Creating package descriptor '/home/sunrise/dev_ws/install/lslidar_driver/share/lslidar_driver/package.dsv'
[11.383s] INFO:colcon.colcon_core.shell:Creating package script '/home/sunrise/dev_ws/install/lslidar_driver/share/lslidar_driver/package.sh'
[11.387s] INFO:colcon.colcon_core.shell:Creating package script '/home/sunrise/dev_ws/install/lslidar_driver/share/lslidar_driver/package.bash'
[11.391s] INFO:colcon.colcon_core.shell:Creating package script '/home/sunrise/dev_ws/install/lslidar_driver/share/lslidar_driver/package.zsh'
[11.394s] Level 1:colcon.colcon_core.environment:create_file_with_runtime_dependencies(/home/sunrise/dev_ws/install/lslidar_driver/share/colcon-core/packages/lslidar_driver)
[11.399s] Level 1:colcon.colcon_core.environment:create_environment_scripts_only(lslidar_driver)
[11.403s] Level 1:colcon.colcon_core.environment:checking '/home/sunrise/dev_ws/install/lslidar_driver' for CMake module files
[11.410s] Level 1:colcon.colcon_core.environment:checking '/home/sunrise/dev_ws/install/lslidar_driver' for CMake config files
[11.412s] Level 1:colcon.colcon_core.shell:create_environment_hook('lslidar_driver', 'cmake_prefix_path')
[11.414s] INFO:colcon.colcon_core.shell:Creating environment hook '/home/sunrise/dev_ws/install/lslidar_driver/share/lslidar_driver/hook/cmake_prefix_path.ps1'
[11.418s] INFO:colcon.colcon_core.shell:Creating environment descriptor '/home/sunrise/dev_ws/install/lslidar_driver/share/lslidar_driver/hook/cmake_prefix_path.dsv'
[11.421s] INFO:colcon.colcon_core.shell:Creating environment hook '/home/sunrise/dev_ws/install/lslidar_driver/share/lslidar_driver/hook/cmake_prefix_path.sh'
[11.425s] Level 1:colcon.colcon_core.environment:checking '/home/sunrise/dev_ws/install/lslidar_driver/lib'
[11.426s] Level 1:colcon.colcon_core.environment:checking '/home/sunrise/dev_ws/install/lslidar_driver/bin'
[11.426s] Level 1:colcon.colcon_core.environment:checking '/home/sunrise/dev_ws/install/lslidar_driver/lib/pkgconfig/lslidar_driver.pc'
[11.428s] Level 1:colcon.colcon_core.environment:checking '/home/sunrise/dev_ws/install/lslidar_driver/lib/python3.10/site-packages'
[11.430s] Level 1:colcon.colcon_core.environment:checking '/home/sunrise/dev_ws/install/lslidar_driver/bin'
[11.433s] INFO:colcon.colcon_core.shell:Creating package script '/home/sunrise/dev_ws/install/lslidar_driver/share/lslidar_driver/package.ps1'
[11.437s] INFO:colcon.colcon_core.shell:Creating package descriptor '/home/sunrise/dev_ws/install/lslidar_driver/share/lslidar_driver/package.dsv'
[11.441s] INFO:colcon.colcon_core.shell:Creating package script '/home/sunrise/dev_ws/install/lslidar_driver/share/lslidar_driver/package.sh'
[11.444s] INFO:colcon.colcon_core.shell:Creating package script '/home/sunrise/dev_ws/install/lslidar_driver/share/lslidar_driver/package.bash'
[11.447s] INFO:colcon.colcon_core.shell:Creating package script '/home/sunrise/dev_ws/install/lslidar_driver/share/lslidar_driver/package.zsh'
[11.450s] Level 1:colcon.colcon_core.environment:create_file_with_runtime_dependencies(/home/sunrise/dev_ws/install/lslidar_driver/share/colcon-core/packages/lslidar_driver)
[11.976s] DEBUG:colcon.colcon_core.event_handler.log_command:Invoking command in '/home/sunrise/dev_ws/build/qr_scanner': PYTHONPATH=/home/sunrise/dev_ws/build/qr_scanner/prefix_override:/usr/lib/python3/dist-packages/colcon_core/task/python/colcon_distutils_commands:/home/sunrise/dev_ws/install/qr_scanner/lib/python3.10/site-packages:${PYTHONPATH} /usr/bin/python3 -W ignore:setup.py install is deprecated -W ignore:easy_install command is deprecated setup.py develop --editable --build-directory /home/sunrise/dev_ws/build/qr_scanner/build --no-deps symlink_data
[12.010s] DEBUG:colcon.colcon_core.event_handler.log_command:Invoking command in '/home/sunrise/dev_ws/build/bno055': PYTHONPATH=/home/sunrise/dev_ws/build/bno055/prefix_override:/usr/lib/python3/dist-packages/colcon_core/task/python/colcon_distutils_commands:/home/sunrise/dev_ws/install/bno055/lib/python3.10/site-packages:${PYTHONPATH} /usr/bin/python3 -W ignore:setup.py install is deprecated -W ignore:easy_install command is deprecated setup.py develop --editable --build-directory /home/sunrise/dev_ws/build/bno055/build --no-deps symlink_data
[13.346s] DEBUG:colcon.colcon_core.event_handler.log_command:Invoked command in '/home/sunrise/dev_ws/build/origincar_base' returned '0': CMAKE_PREFIX_PATH=/home/sunrise/dev_ws/install/serial:/home/sunrise/dev_ws/install/origincar_msg:/home/sunrise/dev_ws/install/origincar_description:/home/sunrise/dev_ws/install/ackermann_msgs:/home/sunrise/dev_ws/install/voice_driver:/home/sunrise/dev_ws/install/utils:/home/sunrise/dev_ws/install/origincar_base:/home/sunrise/dev_ws/install/origincar_bringup:/home/sunrise/dev_ws/install/lslidar_driver:/home/sunrise/dev_ws/install/lslidar_msgs:/home/sunrise/dev_ws/install/simple_avoidance:/home/sunrise/dev_ws/install/racing_stage2_param_test:/home/sunrise/dev_ws/install/racing_vision_ai:/home/sunrise/dev_ws/install/racing_stage3_param_test:/home/sunrise/dev_ws/install/racing_bringup:/home/sunrise/dev_ws/install/racing_stage3:/home/sunrise/dev_ws/install/racing_stage2:/home/sunrise/dev_ws/install/racing_stage1:/home/sunrise/dev_ws/install/qr_scanner:/home/sunrise/dev_ws/install/line_follower_pkg:/home/sunrise/dev_ws/install/bno055:/opt/tros/humble:/opt/ros/humble LD_LIBRARY_PATH=/home/sunrise/dev_ws/install/origincar_msg/lib:/home/sunrise/dev_ws/install/ackermann_msgs/lib:/home/sunrise/dev_ws/install/voice_driver/lib:/home/sunrise/dev_ws/install/origincar_base/lib:/home/sunrise/dev_ws/install/serial/lib:/home/sunrise/dev_ws/install/lslidar_msgs/lib:/opt/tros/humble/lib/aarch64-linux-gnu:/opt/tros/humble/lib:/opt/ros/humble/opt/rviz_ogre_vendor/lib:/opt/ros/humble/lib/aarch64-linux-gnu:/opt/ros/humble/lib:/usr/hobot/lib:/app/lib:/app/pub/lib:/middleware/lib:/middleware/pub/lib:/usr/hobot/lib/sensor:/system/lib:/system/usr/lib:/lib:/usr/hobot/lib:/app/lib:/app/pub/lib:/middleware/lib:/middleware/pub/lib:/usr/hobot/lib/sensor:/system/lib:/system/usr/lib:/lib /usr/bin/cmake --build /home/sunrise/dev_ws/build/origincar_base -- -j8 -l8
[13.354s] DEBUG:colcon.colcon_core.event_handler.log_command:Invoking command in '/home/sunrise/dev_ws/build/origincar_base': CMAKE_PREFIX_PATH=/home/sunrise/dev_ws/install/serial:/home/sunrise/dev_ws/install/origincar_msg:/home/sunrise/dev_ws/install/origincar_description:/home/sunrise/dev_ws/install/ackermann_msgs:/home/sunrise/dev_ws/install/voice_driver:/home/sunrise/dev_ws/install/utils:/home/sunrise/dev_ws/install/origincar_base:/home/sunrise/dev_ws/install/origincar_bringup:/home/sunrise/dev_ws/install/lslidar_driver:/home/sunrise/dev_ws/install/lslidar_msgs:/home/sunrise/dev_ws/install/simple_avoidance:/home/sunrise/dev_ws/install/racing_stage2_param_test:/home/sunrise/dev_ws/install/racing_vision_ai:/home/sunrise/dev_ws/install/racing_stage3_param_test:/home/sunrise/dev_ws/install/racing_bringup:/home/sunrise/dev_ws/install/racing_stage3:/home/sunrise/dev_ws/install/racing_stage2:/home/sunrise/dev_ws/install/racing_stage1:/home/sunrise/dev_ws/install/qr_scanner:/home/sunrise/dev_ws/install/line_follower_pkg:/home/sunrise/dev_ws/install/bno055:/opt/tros/humble:/opt/ros/humble LD_LIBRARY_PATH=/home/sunrise/dev_ws/install/origincar_msg/lib:/home/sunrise/dev_ws/install/ackermann_msgs/lib:/home/sunrise/dev_ws/install/voice_driver/lib:/home/sunrise/dev_ws/install/origincar_base/lib:/home/sunrise/dev_ws/install/serial/lib:/home/sunrise/dev_ws/install/lslidar_msgs/lib:/opt/tros/humble/lib/aarch64-linux-gnu:/opt/tros/humble/lib:/opt/ros/humble/opt/rviz_ogre_vendor/lib:/opt/ros/humble/lib/aarch64-linux-gnu:/opt/ros/humble/lib:/usr/hobot/lib:/app/lib:/app/pub/lib:/middleware/lib:/middleware/pub/lib:/usr/hobot/lib/sensor:/system/lib:/system/usr/lib:/lib:/usr/hobot/lib:/app/lib:/app/pub/lib:/middleware/lib:/middleware/pub/lib:/usr/hobot/lib/sensor:/system/lib:/system/usr/lib:/lib /usr/bin/cmake --install /home/sunrise/dev_ws/build/origincar_base
[13.907s] Level 1:colcon.colcon_core.environment:create_environment_scripts_only(origincar_base)
[13.909s] Level 1:colcon.colcon_core.environment:checking '/home/sunrise/dev_ws/install/origincar_base' for CMake module files
[13.911s] DEBUG:colcon.colcon_core.event_handler.log_command:Invoked command in '/home/sunrise/dev_ws/build/origincar_base' returned '0': CMAKE_PREFIX_PATH=/home/sunrise/dev_ws/install/serial:/home/sunrise/dev_ws/install/origincar_msg:/home/sunrise/dev_ws/install/origincar_description:/home/sunrise/dev_ws/install/ackermann_msgs:/home/sunrise/dev_ws/install/voice_driver:/home/sunrise/dev_ws/install/utils:/home/sunrise/dev_ws/install/origincar_base:/home/sunrise/dev_ws/install/origincar_bringup:/home/sunrise/dev_ws/install/lslidar_driver:/home/sunrise/dev_ws/install/lslidar_msgs:/home/sunrise/dev_ws/install/simple_avoidance:/home/sunrise/dev_ws/install/racing_stage2_param_test:/home/sunrise/dev_ws/install/racing_vision_ai:/home/sunrise/dev_ws/install/racing_stage3_param_test:/home/sunrise/dev_ws/install/racing_bringup:/home/sunrise/dev_ws/install/racing_stage3:/home/sunrise/dev_ws/install/racing_stage2:/home/sunrise/dev_ws/install/racing_stage1:/home/sunrise/dev_ws/install/qr_scanner:/home/sunrise/dev_ws/install/line_follower_pkg:/home/sunrise/dev_ws/install/bno055:/opt/tros/humble:/opt/ros/humble LD_LIBRARY_PATH=/home/sunrise/dev_ws/install/origincar_msg/lib:/home/sunrise/dev_ws/install/ackermann_msgs/lib:/home/sunrise/dev_ws/install/voice_driver/lib:/home/sunrise/dev_ws/install/origincar_base/lib:/home/sunrise/dev_ws/install/serial/lib:/home/sunrise/dev_ws/install/lslidar_msgs/lib:/opt/tros/humble/lib/aarch64-linux-gnu:/opt/tros/humble/lib:/opt/ros/humble/opt/rviz_ogre_vendor/lib:/opt/ros/humble/lib/aarch64-linux-gnu:/opt/ros/humble/lib:/usr/hobot/lib:/app/lib:/app/pub/lib:/middleware/lib:/middleware/pub/lib:/usr/hobot/lib/sensor:/system/lib:/system/usr/lib:/lib:/usr/hobot/lib:/app/lib:/app/pub/lib:/middleware/lib:/middleware/pub/lib:/usr/hobot/lib/sensor:/system/lib:/system/usr/lib:/lib /usr/bin/cmake --install /home/sunrise/dev_ws/build/origincar_base
[13.915s] Level 1:colcon.colcon_core.environment:checking '/home/sunrise/dev_ws/install/origincar_base' for CMake config files
[13.918s] Level 1:colcon.colcon_core.shell:create_environment_hook('origincar_base', 'cmake_prefix_path')
[13.920s] INFO:colcon.colcon_core.shell:Creating environment hook '/home/sunrise/dev_ws/install/origincar_base/share/origincar_base/hook/cmake_prefix_path.ps1'
[13.923s] INFO:colcon.colcon_core.shell:Creating environment descriptor '/home/sunrise/dev_ws/install/origincar_base/share/origincar_base/hook/cmake_prefix_path.dsv'
[13.925s] INFO:colcon.colcon_core.shell:Creating environment hook '/home/sunrise/dev_ws/install/origincar_base/share/origincar_base/hook/cmake_prefix_path.sh'
[13.929s] Level 1:colcon.colcon_core.environment:checking '/home/sunrise/dev_ws/install/origincar_base/lib'
[13.930s] Level 1:colcon.colcon_core.shell:create_environment_hook('origincar_base', 'ld_library_path_lib')
[13.932s] INFO:colcon.colcon_core.shell:Creating environment hook '/home/sunrise/dev_ws/install/origincar_base/share/origincar_base/hook/ld_library_path_lib.ps1'
[13.935s] INFO:colcon.colcon_core.shell:Creating environment descriptor '/home/sunrise/dev_ws/install/origincar_base/share/origincar_base/hook/ld_library_path_lib.dsv'
[13.937s] INFO:colcon.colcon_core.shell:Creating environment hook '/home/sunrise/dev_ws/install/origincar_base/share/origincar_base/hook/ld_library_path_lib.sh'
[13.940s] Level 1:colcon.colcon_core.environment:checking '/home/sunrise/dev_ws/install/origincar_base/bin'
[13.941s] Level 1:colcon.colcon_core.environment:checking '/home/sunrise/dev_ws/install/origincar_base/lib/pkgconfig/origincar_base.pc'
[13.942s] Level 1:colcon.colcon_core.environment:checking '/home/sunrise/dev_ws/install/origincar_base/lib/python3.10/site-packages'
[13.945s] Level 1:colcon.colcon_core.environment:checking '/home/sunrise/dev_ws/install/origincar_base/bin'
[13.947s] INFO:colcon.colcon_core.shell:Creating package script '/home/sunrise/dev_ws/install/origincar_base/share/origincar_base/package.ps1'
[13.952s] INFO:colcon.colcon_core.shell:Creating package descriptor '/home/sunrise/dev_ws/install/origincar_base/share/origincar_base/package.dsv'
[13.955s] INFO:colcon.colcon_core.shell:Creating package script '/home/sunrise/dev_ws/install/origincar_base/share/origincar_base/package.sh'
[13.959s] INFO:colcon.colcon_core.shell:Creating package script '/home/sunrise/dev_ws/install/origincar_base/share/origincar_base/package.bash'
[13.962s] INFO:colcon.colcon_core.shell:Creating package script '/home/sunrise/dev_ws/install/origincar_base/share/origincar_base/package.zsh'
[13.965s] Level 1:colcon.colcon_core.environment:create_file_with_runtime_dependencies(/home/sunrise/dev_ws/install/origincar_base/share/colcon-core/packages/origincar_base)
[13.969s] Level 1:colcon.colcon_core.environment:create_environment_scripts_only(origincar_base)
[13.971s] Level 1:colcon.colcon_core.environment:checking '/home/sunrise/dev_ws/install/origincar_base' for CMake module files
[13.976s] Level 1:colcon.colcon_core.environment:checking '/home/sunrise/dev_ws/install/origincar_base' for CMake config files
[13.979s] Level 1:colcon.colcon_core.shell:create_environment_hook('origincar_base', 'cmake_prefix_path')
[13.981s] INFO:colcon.colcon_core.shell:Creating environment hook '/home/sunrise/dev_ws/install/origincar_base/share/origincar_base/hook/cmake_prefix_path.ps1'
[13.984s] INFO:colcon.colcon_core.shell:Creating environment descriptor '/home/sunrise/dev_ws/install/origincar_base/share/origincar_base/hook/cmake_prefix_path.dsv'
[13.987s] INFO:colcon.colcon_core.shell:Creating environment hook '/home/sunrise/dev_ws/install/origincar_base/share/origincar_base/hook/cmake_prefix_path.sh'
[13.995s] Level 1:colcon.colcon_core.environment:checking '/home/sunrise/dev_ws/install/origincar_base/lib'
[13.996s] Level 1:colcon.colcon_core.shell:create_environment_hook('origincar_base', 'ld_library_path_lib')
[13.997s] INFO:colcon.colcon_core.shell:Creating environment hook '/home/sunrise/dev_ws/install/origincar_base/share/origincar_base/hook/ld_library_path_lib.ps1'
[14.000s] INFO:colcon.colcon_core.shell:Creating environment descriptor '/home/sunrise/dev_ws/install/origincar_base/share/origincar_base/hook/ld_library_path_lib.dsv'
[14.003s] INFO:colcon.colcon_core.shell:Creating environment hook '/home/sunrise/dev_ws/install/origincar_base/share/origincar_base/hook/ld_library_path_lib.sh'
[14.006s] Level 1:colcon.colcon_core.environment:checking '/home/sunrise/dev_ws/install/origincar_base/bin'
[14.006s] Level 1:colcon.colcon_core.environment:checking '/home/sunrise/dev_ws/install/origincar_base/lib/pkgconfig/origincar_base.pc'
[14.008s] Level 1:colcon.colcon_core.environment:checking '/home/sunrise/dev_ws/install/origincar_base/lib/python3.10/site-packages'
[14.010s] Level 1:colcon.colcon_core.environment:checking '/home/sunrise/dev_ws/install/origincar_base/bin'
[14.013s] INFO:colcon.colcon_core.shell:Creating package script '/home/sunrise/dev_ws/install/origincar_base/share/origincar_base/package.ps1'
[14.018s] INFO:colcon.colcon_core.shell:Creating package descriptor '/home/sunrise/dev_ws/install/origincar_base/share/origincar_base/package.dsv'
[14.022s] INFO:colcon.colcon_core.shell:Creating package script '/home/sunrise/dev_ws/install/origincar_base/share/origincar_base/package.sh'
[14.025s] INFO:colcon.colcon_core.shell:Creating package script '/home/sunrise/dev_ws/install/origincar_base/share/origincar_base/package.bash'
[14.028s] INFO:colcon.colcon_core.shell:Creating package script '/home/sunrise/dev_ws/install/origincar_base/share/origincar_base/package.zsh'
[14.031s] Level 1:colcon.colcon_core.environment:create_file_with_runtime_dependencies(/home/sunrise/dev_ws/install/origincar_base/share/colcon-core/packages/origincar_base)
[15.708s] Level 1:colcon.colcon_core.shell:create_environment_hook('qr_scanner', 'pythonpath_develop')
[15.710s] INFO:colcon.colcon_core.shell:Creating environment hook '/home/sunrise/dev_ws/build/qr_scanner/share/qr_scanner/hook/pythonpath_develop.ps1'
[15.712s] DEBUG:colcon.colcon_core.event_handler.log_command:Invoked command in '/home/sunrise/dev_ws/build/qr_scanner' returned '0': PYTHONPATH=/home/sunrise/dev_ws/build/qr_scanner/prefix_override:/usr/lib/python3/dist-packages/colcon_core/task/python/colcon_distutils_commands:/home/sunrise/dev_ws/install/qr_scanner/lib/python3.10/site-packages:${PYTHONPATH} /usr/bin/python3 -W ignore:setup.py install is deprecated -W ignore:easy_install command is deprecated setup.py develop --editable --build-directory /home/sunrise/dev_ws/build/qr_scanner/build --no-deps symlink_data
[15.715s] INFO:colcon.colcon_core.shell:Creating environment descriptor '/home/sunrise/dev_ws/build/qr_scanner/share/qr_scanner/hook/pythonpath_develop.dsv'
[15.718s] INFO:colcon.colcon_core.shell:Creating environment hook '/home/sunrise/dev_ws/build/qr_scanner/share/qr_scanner/hook/pythonpath_develop.sh'
[15.723s] Level 1:colcon.colcon_core.environment:checking '/home/sunrise/dev_ws/install/qr_scanner' for CMake module files
[15.726s] Level 1:colcon.colcon_core.environment:checking '/home/sunrise/dev_ws/install/qr_scanner' for CMake config files
[15.729s] Level 1:colcon.colcon_core.environment:checking '/home/sunrise/dev_ws/install/qr_scanner/lib'
[15.730s] Level 1:colcon.colcon_core.environment:checking '/home/sunrise/dev_ws/install/qr_scanner/bin'
[15.730s] Level 1:colcon.colcon_core.environment:checking '/home/sunrise/dev_ws/install/qr_scanner/lib/pkgconfig/qr_scanner.pc'
[15.732s] Level 1:colcon.colcon_core.environment:checking '/home/sunrise/dev_ws/install/qr_scanner/lib/python3.10/site-packages'
[15.732s] Level 1:colcon.colcon_core.shell:create_environment_hook('qr_scanner', 'pythonpath')
[15.734s] INFO:colcon.colcon_core.shell:Creating environment hook '/home/sunrise/dev_ws/install/qr_scanner/share/qr_scanner/hook/pythonpath.ps1'
[15.737s] INFO:colcon.colcon_core.shell:Creating environment descriptor '/home/sunrise/dev_ws/install/qr_scanner/share/qr_scanner/hook/pythonpath.dsv'
[15.740s] INFO:colcon.colcon_core.shell:Creating environment hook '/home/sunrise/dev_ws/install/qr_scanner/share/qr_scanner/hook/pythonpath.sh'
[15.745s] Level 1:colcon.colcon_core.environment:checking '/home/sunrise/dev_ws/install/qr_scanner/bin'
[15.746s] Level 1:colcon.colcon_core.environment:create_environment_scripts_only(qr_scanner)
[15.748s] INFO:colcon.colcon_core.shell:Creating package script '/home/sunrise/dev_ws/install/qr_scanner/share/qr_scanner/package.ps1'
[15.754s] INFO:colcon.colcon_core.shell:Creating package descriptor '/home/sunrise/dev_ws/install/qr_scanner/share/qr_scanner/package.dsv'
[15.757s] INFO:colcon.colcon_core.shell:Creating package script '/home/sunrise/dev_ws/install/qr_scanner/share/qr_scanner/package.sh'
[15.761s] INFO:colcon.colcon_core.shell:Creating package script '/home/sunrise/dev_ws/install/qr_scanner/share/qr_scanner/package.bash'
[15.763s] INFO:colcon.colcon_core.shell:Creating package script '/home/sunrise/dev_ws/install/qr_scanner/share/qr_scanner/package.zsh'
[15.765s] Level 1:colcon.colcon_core.environment:create_file_with_runtime_dependencies(/home/sunrise/dev_ws/install/qr_scanner/share/colcon-core/packages/qr_scanner)
[15.768s] INFO:colcon.colcon_ros.task.ament_python.build:Building ROS package in '/home/sunrise/dev_ws/src/racing/racing_stage1' with build type 'ament_python'
[15.769s] Level 1:colcon.colcon_core.shell:create_environment_hook('racing_stage1', 'ament_prefix_path')
[15.771s] INFO:colcon.colcon_core.shell:Creating environment hook '/home/sunrise/dev_ws/install/racing_stage1/share/racing_stage1/hook/ament_prefix_path.ps1'
[15.774s] INFO:colcon.colcon_core.shell:Creating environment descriptor '/home/sunrise/dev_ws/install/racing_stage1/share/racing_stage1/hook/ament_prefix_path.dsv'
[15.777s] INFO:colcon.colcon_core.shell:Creating environment hook '/home/sunrise/dev_ws/install/racing_stage1/share/racing_stage1/hook/ament_prefix_path.sh'
[15.781s] INFO:colcon.colcon_core.shell:Skip shell extension 'powershell' for command environment: Not usable outside of PowerShell
[15.782s] DEBUG:colcon.colcon_core.shell:Skip shell extension 'dsv' for command environment
[15.813s] Level 1:colcon.colcon_core.shell:create_environment_hook('bno055', 'pythonpath_develop')
[15.815s] INFO:colcon.colcon_core.shell:Creating environment hook '/home/sunrise/dev_ws/build/bno055/share/bno055/hook/pythonpath_develop.ps1'
[15.817s] DEBUG:colcon.colcon_core.event_handler.log_command:Invoked command in '/home/sunrise/dev_ws/build/bno055' returned '0': PYTHONPATH=/home/sunrise/dev_ws/build/bno055/prefix_override:/usr/lib/python3/dist-packages/colcon_core/task/python/colcon_distutils_commands:/home/sunrise/dev_ws/install/bno055/lib/python3.10/site-packages:${PYTHONPATH} /usr/bin/python3 -W ignore:setup.py install is deprecated -W ignore:easy_install command is deprecated setup.py develop --editable --build-directory /home/sunrise/dev_ws/build/bno055/build --no-deps symlink_data
[15.819s] INFO:colcon.colcon_core.shell:Creating environment descriptor '/home/sunrise/dev_ws/build/bno055/share/bno055/hook/pythonpath_develop.dsv'
[15.822s] INFO:colcon.colcon_core.shell:Creating environment hook '/home/sunrise/dev_ws/build/bno055/share/bno055/hook/pythonpath_develop.sh'
[15.826s] Level 1:colcon.colcon_core.environment:checking '/home/sunrise/dev_ws/install/bno055' for CMake module files
[15.829s] Level 1:colcon.colcon_core.environment:checking '/home/sunrise/dev_ws/install/bno055' for CMake config files
[15.832s] Level 1:colcon.colcon_core.environment:checking '/home/sunrise/dev_ws/install/bno055/lib'
[15.833s] Level 1:colcon.colcon_core.environment:checking '/home/sunrise/dev_ws/install/bno055/bin'
[15.833s] Level 1:colcon.colcon_core.environment:checking '/home/sunrise/dev_ws/install/bno055/lib/pkgconfig/bno055.pc'
[15.835s] Level 1:colcon.colcon_core.environment:checking '/home/sunrise/dev_ws/install/bno055/lib/python3.10/site-packages'
[15.835s] Level 1:colcon.colcon_core.shell:create_environment_hook('bno055', 'pythonpath')
[15.836s] INFO:colcon.colcon_core.shell:Creating environment hook '/home/sunrise/dev_ws/install/bno055/share/bno055/hook/pythonpath.ps1'
[15.839s] INFO:colcon.colcon_core.shell:Creating environment descriptor '/home/sunrise/dev_ws/install/bno055/share/bno055/hook/pythonpath.dsv'
[15.841s] INFO:colcon.colcon_core.shell:Creating environment hook '/home/sunrise/dev_ws/install/bno055/share/bno055/hook/pythonpath.sh'
[15.845s] Level 1:colcon.colcon_core.environment:checking '/home/sunrise/dev_ws/install/bno055/bin'
[15.845s] Level 1:colcon.colcon_core.environment:create_environment_scripts_only(bno055)
[15.848s] INFO:colcon.colcon_core.shell:Creating package script '/home/sunrise/dev_ws/install/bno055/share/bno055/package.ps1'
[15.852s] INFO:colcon.colcon_core.shell:Creating package descriptor '/home/sunrise/dev_ws/install/bno055/share/bno055/package.dsv'
[15.855s] INFO:colcon.colcon_core.shell:Creating package script '/home/sunrise/dev_ws/install/bno055/share/bno055/package.sh'
[15.858s] INFO:colcon.colcon_core.shell:Creating package script '/home/sunrise/dev_ws/install/bno055/share/bno055/package.bash'
[15.860s] INFO:colcon.colcon_core.shell:Creating package script '/home/sunrise/dev_ws/install/bno055/share/bno055/package.zsh'
[15.862s] Level 1:colcon.colcon_core.environment:create_file_with_runtime_dependencies(/home/sunrise/dev_ws/install/bno055/share/colcon-core/packages/bno055)
[17.893s] INFO:colcon.colcon_core.task.python.build:Building Python package in '/home/sunrise/dev_ws/src/racing/racing_stage1'
[17.895s] INFO:colcon.colcon_core.shell:Skip shell extension 'powershell' for command environment: Not usable outside of PowerShell
[17.895s] DEBUG:colcon.colcon_core.shell:Skip shell extension 'dsv' for command environment
[20.615s] DEBUG:colcon.colcon_core.event_handler.log_command:Invoking command in '/home/sunrise/dev_ws/build/racing_stage1': AMENT_PREFIX_PATH=/home/sunrise/dev_ws/install/qr_scanner:/home/sunrise/dev_ws/install/voice_driver:/home/sunrise/dev_ws/install/utils:/home/sunrise/dev_ws/install/simple_avoidance:/home/sunrise/dev_ws/install/racing_stage2_param_test:/home/sunrise/dev_ws/install/origincar_base:/home/sunrise/dev_ws/install/serial:/home/sunrise/dev_ws/install/racing_vision_ai:/home/sunrise/dev_ws/install/racing_stage3_param_test:/home/sunrise/dev_ws/install/racing_bringup:/home/sunrise/dev_ws/install/racing_stage3:/home/sunrise/dev_ws/install/racing_stage2:/home/sunrise/dev_ws/install/racing_stage1:/home/sunrise/dev_ws/install/origincar_msg:/home/sunrise/dev_ws/install/origincar_description:/home/sunrise/dev_ws/install/origincar_bringup:/home/sunrise/dev_ws/install/lslidar_driver:/home/sunrise/dev_ws/install/lslidar_msgs:/home/sunrise/dev_ws/install/line_follower_pkg:/home/sunrise/dev_ws/install/bno055:/home/sunrise/dev_ws/install/ackermann_msgs:/opt/tros/humble:/opt/ros/humble CMAKE_PREFIX_PATH=/home/sunrise/dev_ws/install/origincar_bringup:/home/sunrise/dev_ws/install/voice_driver:/home/sunrise/dev_ws/install/utils:/home/sunrise/dev_ws/install/origincar_base:/home/sunrise/dev_ws/install/serial:/home/sunrise/dev_ws/install/origincar_msg:/home/sunrise/dev_ws/install/origincar_description:/home/sunrise/dev_ws/install/lslidar_driver:/home/sunrise/dev_ws/install/lslidar_msgs:/home/sunrise/dev_ws/install/ackermann_msgs PYTHONPATH=/home/sunrise/dev_ws/build/racing_stage1/prefix_override:/usr/lib/python3/dist-packages/colcon_core/task/python/colcon_distutils_commands:/home/sunrise/dev_ws/install/racing_stage1/lib/python3.10/site-packages:/home/sunrise/dev_ws/build/qr_scanner:/home/sunrise/dev_ws/install/qr_scanner/lib/python3.10/site-packages:/home/sunrise/dev_ws/install/voice_driver/local/lib/python3.10/dist-packages:/home/sunrise/dev_ws/build/simple_avoidance:/home/sunrise/dev_ws/install/simple_avoidance/lib/python3.10/site-packages:/home/sunrise/dev_ws/build/racing_stage2_param_test:/home/sunrise/dev_ws/install/racing_stage2_param_test/lib/python3.10/site-packages:/home/sunrise/dev_ws/install/origincar_base/local/lib/python3.10/dist-packages:/home/sunrise/dev_ws/build/racing_vision_ai:/home/sunrise/dev_ws/install/racing_vision_ai/lib/python3.10/site-packages:/home/sunrise/dev_ws/build/racing_stage3_param_test:/home/sunrise/dev_ws/install/racing_stage3_param_test/lib/python3.10/site-packages:/home/sunrise/dev_ws/build/racing_bringup:/home/sunrise/dev_ws/install/racing_bringup/lib/python3.10/site-packages:/home/sunrise/dev_ws/build/racing_stage3:/home/sunrise/dev_ws/install/racing_stage3/lib/python3.10/site-packages:/home/sunrise/dev_ws/build/racing_stage2:/home/sunrise/dev_ws/install/racing_stage2/lib/python3.10/site-packages:/home/sunrise/dev_ws/build/racing_stage1:/home/sunrise/dev_ws/install/racing_stage1/lib/python3.10/site-packages:/home/sunrise/dev_ws/install/origincar_msg/local/lib/python3.10/dist-packages:/home/sunrise/dev_ws/install/lslidar_msgs/local/lib/python3.10/dist-packages:/home/sunrise/dev_ws/build/line_follower_pkg:/home/sunrise/dev_ws/install/line_follower_pkg/lib/python3.10/site-packages:/home/sunrise/dev_ws/build/bno055:/home/sunrise/dev_ws/install/bno055/lib/python3.10/site-packages:/home/sunrise/dev_ws/install/ackermann_msgs/local/lib/python3.10/dist-packages:/opt/tros/humble/lib/python3.10/site-packages:/opt/tros/humble/local/lib/python3.10/dist-packages:/opt/ros/humble/lib/python3.10/site-packages:/opt/ros/humble/local/lib/python3.10/dist-packages /usr/bin/python3 -W ignore:setup.py install is deprecated -W ignore:easy_install command is deprecated setup.py develop --editable --build-directory /home/sunrise/dev_ws/build/racing_stage1/build --no-deps symlink_data
[24.083s] Level 1:colcon.colcon_core.shell:create_environment_hook('racing_stage1', 'pythonpath_develop')
[24.086s] INFO:colcon.colcon_core.shell:Creating environment hook '/home/sunrise/dev_ws/build/racing_stage1/share/racing_stage1/hook/pythonpath_develop.ps1'
[24.090s] DEBUG:colcon.colcon_core.event_handler.log_command:Invoked command in '/home/sunrise/dev_ws/build/racing_stage1' returned '0': AMENT_PREFIX_PATH=/home/sunrise/dev_ws/install/qr_scanner:/home/sunrise/dev_ws/install/voice_driver:/home/sunrise/dev_ws/install/utils:/home/sunrise/dev_ws/install/simple_avoidance:/home/sunrise/dev_ws/install/racing_stage2_param_test:/home/sunrise/dev_ws/install/origincar_base:/home/sunrise/dev_ws/install/serial:/home/sunrise/dev_ws/install/racing_vision_ai:/home/sunrise/dev_ws/install/racing_stage3_param_test:/home/sunrise/dev_ws/install/racing_bringup:/home/sunrise/dev_ws/install/racing_stage3:/home/sunrise/dev_ws/install/racing_stage2:/home/sunrise/dev_ws/install/racing_stage1:/home/sunrise/dev_ws/install/origincar_msg:/home/sunrise/dev_ws/install/origincar_description:/home/sunrise/dev_ws/install/origincar_bringup:/home/sunrise/dev_ws/install/lslidar_driver:/home/sunrise/dev_ws/install/lslidar_msgs:/home/sunrise/dev_ws/install/line_follower_pkg:/home/sunrise/dev_ws/install/bno055:/home/sunrise/dev_ws/install/ackermann_msgs:/opt/tros/humble:/opt/ros/humble CMAKE_PREFIX_PATH=/home/sunrise/dev_ws/install/origincar_bringup:/home/sunrise/dev_ws/install/voice_driver:/home/sunrise/dev_ws/install/utils:/home/sunrise/dev_ws/install/origincar_base:/home/sunrise/dev_ws/install/serial:/home/sunrise/dev_ws/install/origincar_msg:/home/sunrise/dev_ws/install/origincar_description:/home/sunrise/dev_ws/install/lslidar_driver:/home/sunrise/dev_ws/install/lslidar_msgs:/home/sunrise/dev_ws/install/ackermann_msgs PYTHONPATH=/home/sunrise/dev_ws/build/racing_stage1/prefix_override:/usr/lib/python3/dist-packages/colcon_core/task/python/colcon_distutils_commands:/home/sunrise/dev_ws/install/racing_stage1/lib/python3.10/site-packages:/home/sunrise/dev_ws/build/qr_scanner:/home/sunrise/dev_ws/install/qr_scanner/lib/python3.10/site-packages:/home/sunrise/dev_ws/install/voice_driver/local/lib/python3.10/dist-packages:/home/sunrise/dev_ws/build/simple_avoidance:/home/sunrise/dev_ws/install/simple_avoidance/lib/python3.10/site-packages:/home/sunrise/dev_ws/build/racing_stage2_param_test:/home/sunrise/dev_ws/install/racing_stage2_param_test/lib/python3.10/site-packages:/home/sunrise/dev_ws/install/origincar_base/local/lib/python3.10/dist-packages:/home/sunrise/dev_ws/build/racing_vision_ai:/home/sunrise/dev_ws/install/racing_vision_ai/lib/python3.10/site-packages:/home/sunrise/dev_ws/build/racing_stage3_param_test:/home/sunrise/dev_ws/install/racing_stage3_param_test/lib/python3.10/site-packages:/home/sunrise/dev_ws/build/racing_bringup:/home/sunrise/dev_ws/install/racing_bringup/lib/python3.10/site-packages:/home/sunrise/dev_ws/build/racing_stage3:/home/sunrise/dev_ws/install/racing_stage3/lib/python3.10/site-packages:/home/sunrise/dev_ws/build/racing_stage2:/home/sunrise/dev_ws/install/racing_stage2/lib/python3.10/site-packages:/home/sunrise/dev_ws/build/racing_stage1:/home/sunrise/dev_ws/install/racing_stage1/lib/python3.10/site-packages:/home/sunrise/dev_ws/install/origincar_msg/local/lib/python3.10/dist-packages:/home/sunrise/dev_ws/install/lslidar_msgs/local/lib/python3.10/dist-packages:/home/sunrise/dev_ws/build/line_follower_pkg:/home/sunrise/dev_ws/install/line_follower_pkg/lib/python3.10/site-packages:/home/sunrise/dev_ws/build/bno055:/home/sunrise/dev_ws/install/bno055/lib/python3.10/site-packages:/home/sunrise/dev_ws/install/ackermann_msgs/local/lib/python3.10/dist-packages:/opt/tros/humble/lib/python3.10/site-packages:/opt/tros/humble/local/lib/python3.10/dist-packages:/opt/ros/humble/lib/python3.10/site-packages:/opt/ros/humble/local/lib/python3.10/dist-packages /usr/bin/python3 -W ignore:setup.py install is deprecated -W ignore:easy_install command is deprecated setup.py develop --editable --build-directory /home/sunrise/dev_ws/build/racing_stage1/build --no-deps symlink_data
[24.094s] INFO:colcon.colcon_core.shell:Creating environment descriptor '/home/sunrise/dev_ws/build/racing_stage1/share/racing_stage1/hook/pythonpath_develop.dsv'
[24.097s] INFO:colcon.colcon_core.shell:Creating environment hook '/home/sunrise/dev_ws/build/racing_stage1/share/racing_stage1/hook/pythonpath_develop.sh'
[24.100s] Level 1:colcon.colcon_core.environment:checking '/home/sunrise/dev_ws/install/racing_stage1' for CMake module files
[24.103s] Level 1:colcon.colcon_core.environment:checking '/home/sunrise/dev_ws/install/racing_stage1' for CMake config files
[24.108s] Level 1:colcon.colcon_core.environment:checking '/home/sunrise/dev_ws/install/racing_stage1/lib'
[24.108s] Level 1:colcon.colcon_core.environment:checking '/home/sunrise/dev_ws/install/racing_stage1/bin'
[24.109s] Level 1:colcon.colcon_core.environment:checking '/home/sunrise/dev_ws/install/racing_stage1/lib/pkgconfig/racing_stage1.pc'
[24.112s] Level 1:colcon.colcon_core.environment:checking '/home/sunrise/dev_ws/install/racing_stage1/lib/python3.10/site-packages'
[24.113s] Level 1:colcon.colcon_core.shell:create_environment_hook('racing_stage1', 'pythonpath')
[24.116s] INFO:colcon.colcon_core.shell:Creating environment hook '/home/sunrise/dev_ws/install/racing_stage1/share/racing_stage1/hook/pythonpath.ps1'
[24.120s] INFO:colcon.colcon_core.shell:Creating environment descriptor '/home/sunrise/dev_ws/install/racing_stage1/share/racing_stage1/hook/pythonpath.dsv'
[24.122s] INFO:colcon.colcon_core.shell:Creating environment hook '/home/sunrise/dev_ws/install/racing_stage1/share/racing_stage1/hook/pythonpath.sh'
[24.127s] Level 1:colcon.colcon_core.environment:checking '/home/sunrise/dev_ws/install/racing_stage1/bin'
[24.128s] Level 1:colcon.colcon_core.environment:create_environment_scripts_only(racing_stage1)
[24.130s] INFO:colcon.colcon_core.shell:Creating package script '/home/sunrise/dev_ws/install/racing_stage1/share/racing_stage1/package.ps1'
[24.135s] INFO:colcon.colcon_core.shell:Creating package descriptor '/home/sunrise/dev_ws/install/racing_stage1/share/racing_stage1/package.dsv'
[24.139s] INFO:colcon.colcon_core.shell:Creating package script '/home/sunrise/dev_ws/install/racing_stage1/share/racing_stage1/package.sh'
[24.142s] INFO:colcon.colcon_core.shell:Creating package script '/home/sunrise/dev_ws/install/racing_stage1/share/racing_stage1/package.bash'
[24.145s] INFO:colcon.colcon_core.shell:Creating package script '/home/sunrise/dev_ws/install/racing_stage1/share/racing_stage1/package.zsh'
[24.147s] Level 1:colcon.colcon_core.environment:create_file_with_runtime_dependencies(/home/sunrise/dev_ws/install/racing_stage1/share/colcon-core/packages/racing_stage1)
[24.149s] INFO:colcon.colcon_ros.task.ament_python.build:Building ROS package in '/home/sunrise/dev_ws/src/racing/racing_stage2' with build type 'ament_python'
[24.150s] Level 1:colcon.colcon_core.shell:create_environment_hook('racing_stage2', 'ament_prefix_path')
[24.152s] INFO:colcon.colcon_core.shell:Creating environment hook '/home/sunrise/dev_ws/install/racing_stage2/share/racing_stage2/hook/ament_prefix_path.ps1'
[24.156s] INFO:colcon.colcon_core.shell:Creating environment descriptor '/home/sunrise/dev_ws/install/racing_stage2/share/racing_stage2/hook/ament_prefix_path.dsv'
[24.159s] INFO:colcon.colcon_core.shell:Creating environment hook '/home/sunrise/dev_ws/install/racing_stage2/share/racing_stage2/hook/ament_prefix_path.sh'
[24.164s] INFO:colcon.colcon_core.shell:Skip shell extension 'powershell' for command environment: Not usable outside of PowerShell
[24.164s] DEBUG:colcon.colcon_core.shell:Skip shell extension 'dsv' for command environment
[26.204s] INFO:colcon.colcon_core.task.python.build:Building Python package in '/home/sunrise/dev_ws/src/racing/racing_stage2'
[26.206s] INFO:colcon.colcon_core.shell:Skip shell extension 'powershell' for command environment: Not usable outside of PowerShell
[26.206s] DEBUG:colcon.colcon_core.shell:Skip shell extension 'dsv' for command environment
[28.920s] DEBUG:colcon.colcon_core.event_handler.log_command:Invoking command in '/home/sunrise/dev_ws/build/racing_stage2': AMENT_PREFIX_PATH=/home/sunrise/dev_ws/install/racing_stage1:/home/sunrise/dev_ws/install/qr_scanner:/home/sunrise/dev_ws/install/voice_driver:/home/sunrise/dev_ws/install/utils:/home/sunrise/dev_ws/install/simple_avoidance:/home/sunrise/dev_ws/install/racing_stage2_param_test:/home/sunrise/dev_ws/install/origincar_base:/home/sunrise/dev_ws/install/serial:/home/sunrise/dev_ws/install/racing_vision_ai:/home/sunrise/dev_ws/install/racing_stage3_param_test:/home/sunrise/dev_ws/install/racing_bringup:/home/sunrise/dev_ws/install/racing_stage3:/home/sunrise/dev_ws/install/racing_stage2:/home/sunrise/dev_ws/install/origincar_msg:/home/sunrise/dev_ws/install/origincar_description:/home/sunrise/dev_ws/install/origincar_bringup:/home/sunrise/dev_ws/install/lslidar_driver:/home/sunrise/dev_ws/install/lslidar_msgs:/home/sunrise/dev_ws/install/line_follower_pkg:/home/sunrise/dev_ws/install/bno055:/home/sunrise/dev_ws/install/ackermann_msgs:/opt/tros/humble:/opt/ros/humble CMAKE_PREFIX_PATH=/home/sunrise/dev_ws/install/origincar_bringup:/home/sunrise/dev_ws/install/voice_driver:/home/sunrise/dev_ws/install/utils:/home/sunrise/dev_ws/install/origincar_base:/home/sunrise/dev_ws/install/serial:/home/sunrise/dev_ws/install/origincar_msg:/home/sunrise/dev_ws/install/origincar_description:/home/sunrise/dev_ws/install/lslidar_driver:/home/sunrise/dev_ws/install/lslidar_msgs:/home/sunrise/dev_ws/install/ackermann_msgs PYTHONPATH=/home/sunrise/dev_ws/build/racing_stage2/prefix_override:/usr/lib/python3/dist-packages/colcon_core/task/python/colcon_distutils_commands:/home/sunrise/dev_ws/install/racing_stage2/lib/python3.10/site-packages:/home/sunrise/dev_ws/build/racing_stage1:/home/sunrise/dev_ws/install/racing_stage1/lib/python3.10/site-packages:/home/sunrise/dev_ws/build/qr_scanner:/home/sunrise/dev_ws/install/qr_scanner/lib/python3.10/site-packages:/home/sunrise/dev_ws/install/voice_driver/local/lib/python3.10/dist-packages:/home/sunrise/dev_ws/build/simple_avoidance:/home/sunrise/dev_ws/install/simple_avoidance/lib/python3.10/site-packages:/home/sunrise/dev_ws/build/racing_stage2_param_test:/home/sunrise/dev_ws/install/racing_stage2_param_test/lib/python3.10/site-packages:/home/sunrise/dev_ws/install/origincar_base/local/lib/python3.10/dist-packages:/home/sunrise/dev_ws/build/racing_vision_ai:/home/sunrise/dev_ws/install/racing_vision_ai/lib/python3.10/site-packages:/home/sunrise/dev_ws/build/racing_stage3_param_test:/home/sunrise/dev_ws/install/racing_stage3_param_test/lib/python3.10/site-packages:/home/sunrise/dev_ws/build/racing_bringup:/home/sunrise/dev_ws/install/racing_bringup/lib/python3.10/site-packages:/home/sunrise/dev_ws/build/racing_stage3:/home/sunrise/dev_ws/install/racing_stage3/lib/python3.10/site-packages:/home/sunrise/dev_ws/build/racing_stage2:/home/sunrise/dev_ws/install/racing_stage2/lib/python3.10/site-packages:/home/sunrise/dev_ws/install/origincar_msg/local/lib/python3.10/dist-packages:/home/sunrise/dev_ws/install/lslidar_msgs/local/lib/python3.10/dist-packages:/home/sunrise/dev_ws/build/line_follower_pkg:/home/sunrise/dev_ws/install/line_follower_pkg/lib/python3.10/site-packages:/home/sunrise/dev_ws/build/bno055:/home/sunrise/dev_ws/install/bno055/lib/python3.10/site-packages:/home/sunrise/dev_ws/install/ackermann_msgs/local/lib/python3.10/dist-packages:/opt/tros/humble/lib/python3.10/site-packages:/opt/tros/humble/local/lib/python3.10/dist-packages:/opt/ros/humble/lib/python3.10/site-packages:/opt/ros/humble/local/lib/python3.10/dist-packages /usr/bin/python3 -W ignore:setup.py install is deprecated -W ignore:easy_install command is deprecated setup.py develop --editable --build-directory /home/sunrise/dev_ws/build/racing_stage2/build --no-deps symlink_data
[32.427s] Level 1:colcon.colcon_core.shell:create_environment_hook('racing_stage2', 'pythonpath_develop')
[32.433s] INFO:colcon.colcon_core.shell:Creating environment hook '/home/sunrise/dev_ws/build/racing_stage2/share/racing_stage2/hook/pythonpath_develop.ps1'
[32.439s] DEBUG:colcon.colcon_core.event_handler.log_command:Invoked command in '/home/sunrise/dev_ws/build/racing_stage2' returned '0': AMENT_PREFIX_PATH=/home/sunrise/dev_ws/install/racing_stage1:/home/sunrise/dev_ws/install/qr_scanner:/home/sunrise/dev_ws/install/voice_driver:/home/sunrise/dev_ws/install/utils:/home/sunrise/dev_ws/install/simple_avoidance:/home/sunrise/dev_ws/install/racing_stage2_param_test:/home/sunrise/dev_ws/install/origincar_base:/home/sunrise/dev_ws/install/serial:/home/sunrise/dev_ws/install/racing_vision_ai:/home/sunrise/dev_ws/install/racing_stage3_param_test:/home/sunrise/dev_ws/install/racing_bringup:/home/sunrise/dev_ws/install/racing_stage3:/home/sunrise/dev_ws/install/racing_stage2:/home/sunrise/dev_ws/install/origincar_msg:/home/sunrise/dev_ws/install/origincar_description:/home/sunrise/dev_ws/install/origincar_bringup:/home/sunrise/dev_ws/install/lslidar_driver:/home/sunrise/dev_ws/install/lslidar_msgs:/home/sunrise/dev_ws/install/line_follower_pkg:/home/sunrise/dev_ws/install/bno055:/home/sunrise/dev_ws/install/ackermann_msgs:/opt/tros/humble:/opt/ros/humble CMAKE_PREFIX_PATH=/home/sunrise/dev_ws/install/origincar_bringup:/home/sunrise/dev_ws/install/voice_driver:/home/sunrise/dev_ws/install/utils:/home/sunrise/dev_ws/install/origincar_base:/home/sunrise/dev_ws/install/serial:/home/sunrise/dev_ws/install/origincar_msg:/home/sunrise/dev_ws/install/origincar_description:/home/sunrise/dev_ws/install/lslidar_driver:/home/sunrise/dev_ws/install/lslidar_msgs:/home/sunrise/dev_ws/install/ackermann_msgs PYTHONPATH=/home/sunrise/dev_ws/build/racing_stage2/prefix_override:/usr/lib/python3/dist-packages/colcon_core/task/python/colcon_distutils_commands:/home/sunrise/dev_ws/install/racing_stage2/lib/python3.10/site-packages:/home/sunrise/dev_ws/build/racing_stage1:/home/sunrise/dev_ws/install/racing_stage1/lib/python3.10/site-packages:/home/sunrise/dev_ws/build/qr_scanner:/home/sunrise/dev_ws/install/qr_scanner/lib/python3.10/site-packages:/home/sunrise/dev_ws/install/voice_driver/local/lib/python3.10/dist-packages:/home/sunrise/dev_ws/build/simple_avoidance:/home/sunrise/dev_ws/install/simple_avoidance/lib/python3.10/site-packages:/home/sunrise/dev_ws/build/racing_stage2_param_test:/home/sunrise/dev_ws/install/racing_stage2_param_test/lib/python3.10/site-packages:/home/sunrise/dev_ws/install/origincar_base/local/lib/python3.10/dist-packages:/home/sunrise/dev_ws/build/racing_vision_ai:/home/sunrise/dev_ws/install/racing_vision_ai/lib/python3.10/site-packages:/home/sunrise/dev_ws/build/racing_stage3_param_test:/home/sunrise/dev_ws/install/racing_stage3_param_test/lib/python3.10/site-packages:/home/sunrise/dev_ws/build/racing_bringup:/home/sunrise/dev_ws/install/racing_bringup/lib/python3.10/site-packages:/home/sunrise/dev_ws/build/racing_stage3:/home/sunrise/dev_ws/install/racing_stage3/lib/python3.10/site-packages:/home/sunrise/dev_ws/build/racing_stage2:/home/sunrise/dev_ws/install/racing_stage2/lib/python3.10/site-packages:/home/sunrise/dev_ws/install/origincar_msg/local/lib/python3.10/dist-packages:/home/sunrise/dev_ws/install/lslidar_msgs/local/lib/python3.10/dist-packages:/home/sunrise/dev_ws/build/line_follower_pkg:/home/sunrise/dev_ws/install/line_follower_pkg/lib/python3.10/site-packages:/home/sunrise/dev_ws/build/bno055:/home/sunrise/dev_ws/install/bno055/lib/python3.10/site-packages:/home/sunrise/dev_ws/install/ackermann_msgs/local/lib/python3.10/dist-packages:/opt/tros/humble/lib/python3.10/site-packages:/opt/tros/humble/local/lib/python3.10/dist-packages:/opt/ros/humble/lib/python3.10/site-packages:/opt/ros/humble/local/lib/python3.10/dist-packages /usr/bin/python3 -W ignore:setup.py install is deprecated -W ignore:easy_install command is deprecated setup.py develop --editable --build-directory /home/sunrise/dev_ws/build/racing_stage2/build --no-deps symlink_data
[32.442s] INFO:colcon.colcon_core.shell:Creating environment descriptor '/home/sunrise/dev_ws/build/racing_stage2/share/racing_stage2/hook/pythonpath_develop.dsv'
[32.444s] INFO:colcon.colcon_core.shell:Creating environment hook '/home/sunrise/dev_ws/build/racing_stage2/share/racing_stage2/hook/pythonpath_develop.sh'
[32.448s] Level 1:colcon.colcon_core.environment:checking '/home/sunrise/dev_ws/install/racing_stage2' for CMake module files
[32.454s] Level 1:colcon.colcon_core.environment:checking '/home/sunrise/dev_ws/install/racing_stage2' for CMake config files
[32.459s] Level 1:colcon.colcon_core.environment:checking '/home/sunrise/dev_ws/install/racing_stage2/lib'
[32.460s] Level 1:colcon.colcon_core.environment:checking '/home/sunrise/dev_ws/install/racing_stage2/bin'
[32.461s] Level 1:colcon.colcon_core.environment:checking '/home/sunrise/dev_ws/install/racing_stage2/lib/pkgconfig/racing_stage2.pc'
[32.464s] Level 1:colcon.colcon_core.environment:checking '/home/sunrise/dev_ws/install/racing_stage2/lib/python3.10/site-packages'
[32.465s] Level 1:colcon.colcon_core.shell:create_environment_hook('racing_stage2', 'pythonpath')
[32.468s] INFO:colcon.colcon_core.shell:Creating environment hook '/home/sunrise/dev_ws/install/racing_stage2/share/racing_stage2/hook/pythonpath.ps1'
[32.472s] INFO:colcon.colcon_core.shell:Creating environment descriptor '/home/sunrise/dev_ws/install/racing_stage2/share/racing_stage2/hook/pythonpath.dsv'
[32.474s] INFO:colcon.colcon_core.shell:Creating environment hook '/home/sunrise/dev_ws/install/racing_stage2/share/racing_stage2/hook/pythonpath.sh'
[32.479s] Level 1:colcon.colcon_core.environment:checking '/home/sunrise/dev_ws/install/racing_stage2/bin'
[32.480s] Level 1:colcon.colcon_core.environment:create_environment_scripts_only(racing_stage2)
[32.483s] INFO:colcon.colcon_core.shell:Creating package script '/home/sunrise/dev_ws/install/racing_stage2/share/racing_stage2/package.ps1'
[32.488s] INFO:colcon.colcon_core.shell:Creating package descriptor '/home/sunrise/dev_ws/install/racing_stage2/share/racing_stage2/package.dsv'
[32.491s] INFO:colcon.colcon_core.shell:Creating package script '/home/sunrise/dev_ws/install/racing_stage2/share/racing_stage2/package.sh'
[32.494s] INFO:colcon.colcon_core.shell:Creating package script '/home/sunrise/dev_ws/install/racing_stage2/share/racing_stage2/package.bash'
[32.497s] INFO:colcon.colcon_core.shell:Creating package script '/home/sunrise/dev_ws/install/racing_stage2/share/racing_stage2/package.zsh'
[32.499s] Level 1:colcon.colcon_core.environment:create_file_with_runtime_dependencies(/home/sunrise/dev_ws/install/racing_stage2/share/colcon-core/packages/racing_stage2)
[32.501s] INFO:colcon.colcon_ros.task.ament_python.build:Building ROS package in '/home/sunrise/dev_ws/src/racing/racing_stage2_param_test' with build type 'ament_python'
[32.502s] Level 1:colcon.colcon_core.shell:create_environment_hook('racing_stage2_param_test', 'ament_prefix_path')
[32.504s] INFO:colcon.colcon_core.shell:Creating environment hook '/home/sunrise/dev_ws/install/racing_stage2_param_test/share/racing_stage2_param_test/hook/ament_prefix_path.ps1'
[32.507s] INFO:colcon.colcon_core.shell:Creating environment descriptor '/home/sunrise/dev_ws/install/racing_stage2_param_test/share/racing_stage2_param_test/hook/ament_prefix_path.dsv'
[32.510s] INFO:colcon.colcon_core.shell:Creating environment hook '/home/sunrise/dev_ws/install/racing_stage2_param_test/share/racing_stage2_param_test/hook/ament_prefix_path.sh'
[32.514s] INFO:colcon.colcon_core.shell:Skip shell extension 'powershell' for command environment: Not usable outside of PowerShell
[32.514s] DEBUG:colcon.colcon_core.shell:Skip shell extension 'dsv' for command environment
[34.625s] INFO:colcon.colcon_core.task.python.build:Building Python package in '/home/sunrise/dev_ws/src/racing/racing_stage2_param_test'
[34.628s] INFO:colcon.colcon_core.shell:Skip shell extension 'powershell' for command environment: Not usable outside of PowerShell
[34.629s] DEBUG:colcon.colcon_core.shell:Skip shell extension 'dsv' for command environment
[37.401s] DEBUG:colcon.colcon_core.event_handler.log_command:Invoking command in '/home/sunrise/dev_ws/build/racing_stage2_param_test': AMENT_PREFIX_PATH=/home/sunrise/dev_ws/install/racing_stage2:/home/sunrise/dev_ws/install/racing_stage1:/home/sunrise/dev_ws/install/qr_scanner:/home/sunrise/dev_ws/install/bno055:/home/sunrise/dev_ws/install/voice_driver:/home/sunrise/dev_ws/install/utils:/home/sunrise/dev_ws/install/simple_avoidance:/home/sunrise/dev_ws/install/racing_stage2_param_test:/home/sunrise/dev_ws/install/origincar_base:/home/sunrise/dev_ws/install/serial:/home/sunrise/dev_ws/install/racing_vision_ai:/home/sunrise/dev_ws/install/racing_stage3_param_test:/home/sunrise/dev_ws/install/racing_bringup:/home/sunrise/dev_ws/install/racing_stage3:/home/sunrise/dev_ws/install/origincar_msg:/home/sunrise/dev_ws/install/origincar_description:/home/sunrise/dev_ws/install/origincar_bringup:/home/sunrise/dev_ws/install/lslidar_driver:/home/sunrise/dev_ws/install/lslidar_msgs:/home/sunrise/dev_ws/install/line_follower_pkg:/home/sunrise/dev_ws/install/ackermann_msgs:/opt/tros/humble:/opt/ros/humble CMAKE_PREFIX_PATH=/home/sunrise/dev_ws/install/origincar_base:/home/sunrise/dev_ws/install/lslidar_driver:/home/sunrise/dev_ws/install/serial:/home/sunrise/dev_ws/install/origincar_msg:/home/sunrise/dev_ws/install/origincar_description:/home/sunrise/dev_ws/install/origincar_bringup:/home/sunrise/dev_ws/install/lslidar_msgs:/home/sunrise/dev_ws/install/ackermann_msgs:/home/sunrise/dev_ws/install/voice_driver:/home/sunrise/dev_ws/install/utils LD_LIBRARY_PATH=/home/sunrise/dev_ws/install/origincar_base/lib:/home/sunrise/dev_ws/install/origincar_msg/lib:/home/sunrise/dev_ws/install/lslidar_msgs/lib:/home/sunrise/dev_ws/install/ackermann_msgs/lib:/home/sunrise/dev_ws/install/voice_driver/lib:/home/sunrise/dev_ws/install/serial/lib:/opt/tros/humble/lib/aarch64-linux-gnu:/opt/tros/humble/lib:/opt/ros/humble/opt/rviz_ogre_vendor/lib:/opt/ros/humble/lib/aarch64-linux-gnu:/opt/ros/humble/lib:/usr/hobot/lib:/app/lib:/app/pub/lib:/middleware/lib:/middleware/pub/lib:/usr/hobot/lib/sensor:/system/lib:/system/usr/lib:/lib:/usr/hobot/lib:/app/lib:/app/pub/lib:/middleware/lib:/middleware/pub/lib:/usr/hobot/lib/sensor:/system/lib:/system/usr/lib:/lib PYTHONPATH=/home/sunrise/dev_ws/build/racing_stage2_param_test/prefix_override:/usr/lib/python3/dist-packages/colcon_core/task/python/colcon_distutils_commands:/home/sunrise/dev_ws/install/racing_stage2_param_test/lib/python3.10/site-packages:/home/sunrise/dev_ws/build/racing_stage2:/home/sunrise/dev_ws/install/racing_stage2/lib/python3.10/site-packages:/home/sunrise/dev_ws/build/racing_stage1:/home/sunrise/dev_ws/install/racing_stage1/lib/python3.10/site-packages:/home/sunrise/dev_ws/build/qr_scanner:/home/sunrise/dev_ws/install/qr_scanner/lib/python3.10/site-packages:/home/sunrise/dev_ws/build/bno055:/home/sunrise/dev_ws/install/bno055/lib/python3.10/site-packages:/home/sunrise/dev_ws/install/voice_driver/local/lib/python3.10/dist-packages:/home/sunrise/dev_ws/build/simple_avoidance:/home/sunrise/dev_ws/install/simple_avoidance/lib/python3.10/site-packages:/home/sunrise/dev_ws/build/racing_stage2_param_test:/home/sunrise/dev_ws/install/racing_stage2_param_test/lib/python3.10/site-packages:/home/sunrise/dev_ws/install/origincar_base/local/lib/python3.10/dist-packages:/home/sunrise/dev_ws/build/racing_vision_ai:/home/sunrise/dev_ws/install/racing_vision_ai/lib/python3.10/site-packages:/home/sunrise/dev_ws/build/racing_stage3_param_test:/home/sunrise/dev_ws/install/racing_stage3_param_test/lib/python3.10/site-packages:/home/sunrise/dev_ws/build/racing_bringup:/home/sunrise/dev_ws/install/racing_bringup/lib/python3.10/site-packages:/home/sunrise/dev_ws/build/racing_stage3:/home/sunrise/dev_ws/install/racing_stage3/lib/python3.10/site-packages:/home/sunrise/dev_ws/install/origincar_msg/local/lib/python3.10/dist-packages:/home/sunrise/dev_ws/install/lslidar_msgs/local/lib/python3.10/dist-packages:/home/sunrise/dev_ws/build/line_follower_pkg:/home/sunrise/dev_ws/install/line_follower_pkg/lib/python3.10/site-packages:/home/sunrise/dev_ws/install/ackermann_msgs/local/lib/python3.10/dist-packages:/opt/tros/humble/lib/python3.10/site-packages:/opt/tros/humble/local/lib/python3.10/dist-packages:/opt/ros/humble/lib/python3.10/site-packages:/opt/ros/humble/local/lib/python3.10/dist-packages /usr/bin/python3 -W ignore:setup.py install is deprecated -W ignore:easy_install command is deprecated setup.py develop --editable --build-directory /home/sunrise/dev_ws/build/racing_stage2_param_test/build --no-deps symlink_data
[41.017s] Level 1:colcon.colcon_core.shell:create_environment_hook('racing_stage2_param_test', 'pythonpath_develop')
[41.023s] INFO:colcon.colcon_core.shell:Creating environment hook '/home/sunrise/dev_ws/build/racing_stage2_param_test/share/racing_stage2_param_test/hook/pythonpath_develop.ps1'
[41.026s] DEBUG:colcon.colcon_core.event_handler.log_command:Invoked command in '/home/sunrise/dev_ws/build/racing_stage2_param_test' returned '0': AMENT_PREFIX_PATH=/home/sunrise/dev_ws/install/racing_stage2:/home/sunrise/dev_ws/install/racing_stage1:/home/sunrise/dev_ws/install/qr_scanner:/home/sunrise/dev_ws/install/bno055:/home/sunrise/dev_ws/install/voice_driver:/home/sunrise/dev_ws/install/utils:/home/sunrise/dev_ws/install/simple_avoidance:/home/sunrise/dev_ws/install/racing_stage2_param_test:/home/sunrise/dev_ws/install/origincar_base:/home/sunrise/dev_ws/install/serial:/home/sunrise/dev_ws/install/racing_vision_ai:/home/sunrise/dev_ws/install/racing_stage3_param_test:/home/sunrise/dev_ws/install/racing_bringup:/home/sunrise/dev_ws/install/racing_stage3:/home/sunrise/dev_ws/install/origincar_msg:/home/sunrise/dev_ws/install/origincar_description:/home/sunrise/dev_ws/install/origincar_bringup:/home/sunrise/dev_ws/install/lslidar_driver:/home/sunrise/dev_ws/install/lslidar_msgs:/home/sunrise/dev_ws/install/line_follower_pkg:/home/sunrise/dev_ws/install/ackermann_msgs:/opt/tros/humble:/opt/ros/humble CMAKE_PREFIX_PATH=/home/sunrise/dev_ws/install/origincar_base:/home/sunrise/dev_ws/install/lslidar_driver:/home/sunrise/dev_ws/install/serial:/home/sunrise/dev_ws/install/origincar_msg:/home/sunrise/dev_ws/install/origincar_description:/home/sunrise/dev_ws/install/origincar_bringup:/home/sunrise/dev_ws/install/lslidar_msgs:/home/sunrise/dev_ws/install/ackermann_msgs:/home/sunrise/dev_ws/install/voice_driver:/home/sunrise/dev_ws/install/utils LD_LIBRARY_PATH=/home/sunrise/dev_ws/install/origincar_base/lib:/home/sunrise/dev_ws/install/origincar_msg/lib:/home/sunrise/dev_ws/install/lslidar_msgs/lib:/home/sunrise/dev_ws/install/ackermann_msgs/lib:/home/sunrise/dev_ws/install/voice_driver/lib:/home/sunrise/dev_ws/install/serial/lib:/opt/tros/humble/lib/aarch64-linux-gnu:/opt/tros/humble/lib:/opt/ros/humble/opt/rviz_ogre_vendor/lib:/opt/ros/humble/lib/aarch64-linux-gnu:/opt/ros/humble/lib:/usr/hobot/lib:/app/lib:/app/pub/lib:/middleware/lib:/middleware/pub/lib:/usr/hobot/lib/sensor:/system/lib:/system/usr/lib:/lib:/usr/hobot/lib:/app/lib:/app/pub/lib:/middleware/lib:/middleware/pub/lib:/usr/hobot/lib/sensor:/system/lib:/system/usr/lib:/lib PYTHONPATH=/home/sunrise/dev_ws/build/racing_stage2_param_test/prefix_override:/usr/lib/python3/dist-packages/colcon_core/task/python/colcon_distutils_commands:/home/sunrise/dev_ws/install/racing_stage2_param_test/lib/python3.10/site-packages:/home/sunrise/dev_ws/build/racing_stage2:/home/sunrise/dev_ws/install/racing_stage2/lib/python3.10/site-packages:/home/sunrise/dev_ws/build/racing_stage1:/home/sunrise/dev_ws/install/racing_stage1/lib/python3.10/site-packages:/home/sunrise/dev_ws/build/qr_scanner:/home/sunrise/dev_ws/install/qr_scanner/lib/python3.10/site-packages:/home/sunrise/dev_ws/build/bno055:/home/sunrise/dev_ws/install/bno055/lib/python3.10/site-packages:/home/sunrise/dev_ws/install/voice_driver/local/lib/python3.10/dist-packages:/home/sunrise/dev_ws/build/simple_avoidance:/home/sunrise/dev_ws/install/simple_avoidance/lib/python3.10/site-packages:/home/sunrise/dev_ws/build/racing_stage2_param_test:/home/sunrise/dev_ws/install/racing_stage2_param_test/lib/python3.10/site-packages:/home/sunrise/dev_ws/install/origincar_base/local/lib/python3.10/dist-packages:/home/sunrise/dev_ws/build/racing_vision_ai:/home/sunrise/dev_ws/install/racing_vision_ai/lib/python3.10/site-packages:/home/sunrise/dev_ws/build/racing_stage3_param_test:/home/sunrise/dev_ws/install/racing_stage3_param_test/lib/python3.10/site-packages:/home/sunrise/dev_ws/build/racing_bringup:/home/sunrise/dev_ws/install/racing_bringup/lib/python3.10/site-packages:/home/sunrise/dev_ws/build/racing_stage3:/home/sunrise/dev_ws/install/racing_stage3/lib/python3.10/site-packages:/home/sunrise/dev_ws/install/origincar_msg/local/lib/python3.10/dist-packages:/home/sunrise/dev_ws/install/lslidar_msgs/local/lib/python3.10/dist-packages:/home/sunrise/dev_ws/build/line_follower_pkg:/home/sunrise/dev_ws/install/line_follower_pkg/lib/python3.10/site-packages:/home/sunrise/dev_ws/install/ackermann_msgs/local/lib/python3.10/dist-packages:/opt/tros/humble/lib/python3.10/site-packages:/opt/tros/humble/local/lib/python3.10/dist-packages:/opt/ros/humble/lib/python3.10/site-packages:/opt/ros/humble/local/lib/python3.10/dist-packages /usr/bin/python3 -W ignore:setup.py install is deprecated -W ignore:easy_install command is deprecated setup.py develop --editable --build-directory /home/sunrise/dev_ws/build/racing_stage2_param_test/build --no-deps symlink_data
[41.029s] INFO:colcon.colcon_core.shell:Creating environment descriptor '/home/sunrise/dev_ws/build/racing_stage2_param_test/share/racing_stage2_param_test/hook/pythonpath_develop.dsv'
[41.033s] INFO:colcon.colcon_core.shell:Creating environment hook '/home/sunrise/dev_ws/build/racing_stage2_param_test/share/racing_stage2_param_test/hook/pythonpath_develop.sh'
[41.038s] Level 1:colcon.colcon_core.environment:checking '/home/sunrise/dev_ws/install/racing_stage2_param_test' for CMake module files
[41.041s] Level 1:colcon.colcon_core.environment:checking '/home/sunrise/dev_ws/install/racing_stage2_param_test' for CMake config files
[41.044s] Level 1:colcon.colcon_core.environment:checking '/home/sunrise/dev_ws/install/racing_stage2_param_test/lib'
[41.045s] Level 1:colcon.colcon_core.environment:checking '/home/sunrise/dev_ws/install/racing_stage2_param_test/bin'
[41.045s] Level 1:colcon.colcon_core.environment:checking '/home/sunrise/dev_ws/install/racing_stage2_param_test/lib/pkgconfig/racing_stage2_param_test.pc'
[41.047s] Level 1:colcon.colcon_core.environment:checking '/home/sunrise/dev_ws/install/racing_stage2_param_test/lib/python3.10/site-packages'
[41.048s] Level 1:colcon.colcon_core.shell:create_environment_hook('racing_stage2_param_test', 'pythonpath')
[41.049s] INFO:colcon.colcon_core.shell:Creating environment hook '/home/sunrise/dev_ws/install/racing_stage2_param_test/share/racing_stage2_param_test/hook/pythonpath.ps1'
[41.052s] INFO:colcon.colcon_core.shell:Creating environment descriptor '/home/sunrise/dev_ws/install/racing_stage2_param_test/share/racing_stage2_param_test/hook/pythonpath.dsv'
[41.055s] INFO:colcon.colcon_core.shell:Creating environment hook '/home/sunrise/dev_ws/install/racing_stage2_param_test/share/racing_stage2_param_test/hook/pythonpath.sh'
[41.060s] Level 1:colcon.colcon_core.environment:checking '/home/sunrise/dev_ws/install/racing_stage2_param_test/bin'
[41.061s] Level 1:colcon.colcon_core.environment:create_environment_scripts_only(racing_stage2_param_test)
[41.063s] INFO:colcon.colcon_core.shell:Creating package script '/home/sunrise/dev_ws/install/racing_stage2_param_test/share/racing_stage2_param_test/package.ps1'
[41.068s] INFO:colcon.colcon_core.shell:Creating package descriptor '/home/sunrise/dev_ws/install/racing_stage2_param_test/share/racing_stage2_param_test/package.dsv'
[41.071s] INFO:colcon.colcon_core.shell:Creating package script '/home/sunrise/dev_ws/install/racing_stage2_param_test/share/racing_stage2_param_test/package.sh'
[41.074s] INFO:colcon.colcon_core.shell:Creating package script '/home/sunrise/dev_ws/install/racing_stage2_param_test/share/racing_stage2_param_test/package.bash'
[41.076s] INFO:colcon.colcon_core.shell:Creating package script '/home/sunrise/dev_ws/install/racing_stage2_param_test/share/racing_stage2_param_test/package.zsh'
[41.079s] Level 1:colcon.colcon_core.environment:create_file_with_runtime_dependencies(/home/sunrise/dev_ws/install/racing_stage2_param_test/share/colcon-core/packages/racing_stage2_param_test)
[41.081s] DEBUG:colcon.colcon_parallel_executor.executor.parallel:closing loop
[41.082s] DEBUG:colcon.colcon_parallel_executor.executor.parallel:loop closed
[41.083s] DEBUG:colcon.colcon_parallel_executor.executor.parallel:run_until_complete finished with '0'
[41.083s] DEBUG:colcon.colcon_core.event_reactor:joining thread
[41.089s] DEBUG:colcon.colcon_core.event_reactor:joined thread
[41.091s] INFO:colcon.colcon_core.shell:Creating prefix script '/home/sunrise/dev_ws/install/local_setup.ps1'
[41.097s] INFO:colcon.colcon_core.shell:Creating prefix util module '/home/sunrise/dev_ws/install/_local_setup_util_ps1.py'
[41.108s] INFO:colcon.colcon_core.shell:Creating prefix chain script '/home/sunrise/dev_ws/install/setup.ps1'
[41.119s] INFO:colcon.colcon_core.shell:Creating prefix script '/home/sunrise/dev_ws/install/local_setup.sh'
[41.123s] INFO:colcon.colcon_core.shell:Creating prefix util module '/home/sunrise/dev_ws/install/_local_setup_util_sh.py'
[41.126s] INFO:colcon.colcon_core.shell:Creating prefix chain script '/home/sunrise/dev_ws/install/setup.sh'
[41.137s] INFO:colcon.colcon_core.shell:Creating prefix script '/home/sunrise/dev_ws/install/local_setup.bash'
[41.140s] INFO:colcon.colcon_core.shell:Creating prefix chain script '/home/sunrise/dev_ws/install/setup.bash'
[41.151s] INFO:colcon.colcon_core.shell:Creating prefix script '/home/sunrise/dev_ws/install/local_setup.zsh'
[41.154s] INFO:colcon.colcon_core.shell:Creating prefix chain script '/home/sunrise/dev_ws/install/setup.zsh'
