[0.736s] DEBUG:colcon:Command line arguments: ['/usr/bin/colcon', 'build', '--symlink-install', '--packages-up-to', 'racing_stage2_param_test']
[0.736s] DEBUG:colcon:Parsed command line arguments: Namespace(log_base=None, log_level=None, verb_name='build', build_base='build', install_base='install', merge_install=False, symlink_install=True, test_result_base=None, continue_on_error=False, executor='parallel', parallel_workers=8, event_handlers=None, ignore_user_meta=False, metas=['./colcon.meta'], base_paths=['.'], packages_ignore=None, packages_ignore_regex=None, paths=None, packages_up_to=['racing_stage2_param_test'], packages_up_to_regex=None, packages_above=None, packages_above_and_dependencies=None, packages_above_depth=None, packages_select_by_dep=None, packages_skip_by_dep=None, packages_skip_up_to=None, packages_select_build_failed=False, packages_skip_build_finished=False, packages_select_test_failures=False, packages_skip_test_passed=False, packages_select=None, packages_skip=None, packages_select_regex=None, packages_skip_regex=None, packages_start=None, packages_end=None, allow_overriding=[], cmake_args=None, cmake_target=None, cmake_target_skip_unavailable=False, cmake_clean_cache=False, cmake_clean_first=False, cmake_force_configure=False, ament_cmake_args=None, catkin_cmake_args=None, catkin_skip_building_tests=False, verb_parser=<colcon_defaults.argument_parser.defaults.DefaultArgumentsDecorator object at 0xffff837d0f40>, verb_extension=<colcon_core.verb.build.BuildVerb object at 0xffff83976e00>, main=<bound method BuildVerb.main of <colcon_core.verb.build.BuildVerb object at 0xffff83976e00>>)
[2.021s] Level 1:colcon.colcon_core.package_discovery:discover_packages(colcon_meta) check parameters
[2.022s] Level 1:colcon.colcon_core.package_discovery:discover_packages(recursive) check parameters
[2.022s] Level 1:colcon.colcon_core.package_discovery:discover_packages(ignore) check parameters
[2.022s] Level 1:colcon.colcon_core.package_discovery:discover_packages(path) check parameters
[2.023s] Level 1:colcon.colcon_core.package_discovery:discover_packages(colcon_meta) discover
[2.023s] Level 1:colcon.colcon_core.package_discovery:discover_packages(recursive) discover
[2.023s] INFO:colcon.colcon_core.package_discovery:Crawling recursively for packages in '/home/sunrise/dev_ws'
[2.024s] Level 1:colcon.colcon_core.package_identification:_identify(.) by extensions ['ignore', 'ignore_ament_install']
[2.024s] Level 1:colcon.colcon_core.package_identification:_identify(.) by extension 'ignore'
[2.025s] Level 1:colcon.colcon_core.package_identification:_identify(.) by extension 'ignore_ament_install'
[2.025s] Level 1:colcon.colcon_core.package_identification:_identify(.) by extensions ['colcon_pkg']
[2.025s] Level 1:colcon.colcon_core.package_identification:_identify(.) by extension 'colcon_pkg'
[2.026s] Level 1:colcon.colcon_core.package_identification:_identify(.) by extensions ['colcon_meta']
[2.026s] Level 1:colcon.colcon_core.package_identification:_identify(.) by extension 'colcon_meta'
[2.026s] Level 1:colcon.colcon_core.package_identification:_identify(.) by extensions ['ros']
[2.026s] Level 1:colcon.colcon_core.package_identification:_identify(.) by extension 'ros'
[2.098s] Level 1:colcon.colcon_core.package_identification:_identify(.) by extensions ['cmake', 'python']
[2.098s] Level 1:colcon.colcon_core.package_identification:_identify(.) by extension 'cmake'
[2.099s] Level 1:colcon.colcon_core.package_identification:_identify(.) by extension 'python'
[2.099s] Level 1:colcon.colcon_core.package_identification:_identify(.) by extensions ['python_setup_py']
[2.100s] Level 1:colcon.colcon_core.package_identification:_identify(.) by extension 'python_setup_py'
[2.101s] Level 1:colcon.colcon_core.package_identification:_identify(build) by extensions ['ignore', 'ignore_ament_install']
[2.101s] Level 1:colcon.colcon_core.package_identification:_identify(build) by extension 'ignore'
[2.101s] Level 1:colcon.colcon_core.package_identification:_identify(build) ignored
[2.102s] Level 1:colcon.colcon_core.package_identification:_identify(install) by extensions ['ignore', 'ignore_ament_install']
[2.103s] Level 1:colcon.colcon_core.package_identification:_identify(install) by extension 'ignore'
[2.103s] Level 1:colcon.colcon_core.package_identification:_identify(install) ignored
[2.104s] Level 1:colcon.colcon_core.package_identification:_identify(log) by extensions ['ignore', 'ignore_ament_install']
[2.104s] Level 1:colcon.colcon_core.package_identification:_identify(log) by extension 'ignore'
[2.104s] Level 1:colcon.colcon_core.package_identification:_identify(log) ignored
[2.105s] Level 1:colcon.colcon_core.package_identification:_identify(src) by extensions ['ignore', 'ignore_ament_install']
[2.105s] Level 1:colcon.colcon_core.package_identification:_identify(src) by extension 'ignore'
[2.106s] Level 1:colcon.colcon_core.package_identification:_identify(src) by extension 'ignore_ament_install'
[2.106s] Level 1:colcon.colcon_core.package_identification:_identify(src) by extensions ['colcon_pkg']
[2.106s] Level 1:colcon.colcon_core.package_identification:_identify(src) by extension 'colcon_pkg'
[2.107s] Level 1:colcon.colcon_core.package_identification:_identify(src) by extensions ['colcon_meta']
[2.107s] Level 1:colcon.colcon_core.package_identification:_identify(src) by extension 'colcon_meta'
[2.107s] Level 1:colcon.colcon_core.package_identification:_identify(src) by extensions ['ros']
[2.107s] Level 1:colcon.colcon_core.package_identification:_identify(src) by extension 'ros'
[2.108s] Level 1:colcon.colcon_core.package_identification:_identify(src) by extensions ['cmake', 'python']
[2.108s] Level 1:colcon.colcon_core.package_identification:_identify(src) by extension 'cmake'
[2.108s] Level 1:colcon.colcon_core.package_identification:_identify(src) by extension 'python'
[2.108s] Level 1:colcon.colcon_core.package_identification:_identify(src) by extensions ['python_setup_py']
[2.109s] Level 1:colcon.colcon_core.package_identification:_identify(src) by extension 'python_setup_py'
[2.109s] Level 1:colcon.colcon_core.package_identification:_identify(src/LSLIDAR_X_ROS2-20240228) by extensions ['ignore', 'ignore_ament_install']
[2.110s] Level 1:colcon.colcon_core.package_identification:_identify(src/LSLIDAR_X_ROS2-20240228) by extension 'ignore'
[2.110s] Level 1:colcon.colcon_core.package_identification:_identify(src/LSLIDAR_X_ROS2-20240228) by extension 'ignore_ament_install'
[2.110s] Level 1:colcon.colcon_core.package_identification:_identify(src/LSLIDAR_X_ROS2-20240228) by extensions ['colcon_pkg']
[2.110s] Level 1:colcon.colcon_core.package_identification:_identify(src/LSLIDAR_X_ROS2-20240228) by extension 'colcon_pkg'
[2.111s] Level 1:colcon.colcon_core.package_identification:_identify(src/LSLIDAR_X_ROS2-20240228) by extensions ['colcon_meta']
[2.111s] Level 1:colcon.colcon_core.package_identification:_identify(src/LSLIDAR_X_ROS2-20240228) by extension 'colcon_meta'
[2.111s] Level 1:colcon.colcon_core.package_identification:_identify(src/LSLIDAR_X_ROS2-20240228) by extensions ['ros']
[2.111s] Level 1:colcon.colcon_core.package_identification:_identify(src/LSLIDAR_X_ROS2-20240228) by extension 'ros'
[2.112s] Level 1:colcon.colcon_core.package_identification:_identify(src/LSLIDAR_X_ROS2-20240228) by extensions ['cmake', 'python']
[2.112s] Level 1:colcon.colcon_core.package_identification:_identify(src/LSLIDAR_X_ROS2-20240228) by extension 'cmake'
[2.112s] Level 1:colcon.colcon_core.package_identification:_identify(src/LSLIDAR_X_ROS2-20240228) by extension 'python'
[2.113s] Level 1:colcon.colcon_core.package_identification:_identify(src/LSLIDAR_X_ROS2-20240228) by extensions ['python_setup_py']
[2.113s] Level 1:colcon.colcon_core.package_identification:_identify(src/LSLIDAR_X_ROS2-20240228) by extension 'python_setup_py'
[2.113s] Level 1:colcon.colcon_core.package_identification:_identify(src/LSLIDAR_X_ROS2-20240228/src) by extensions ['ignore', 'ignore_ament_install']
[2.114s] Level 1:colcon.colcon_core.package_identification:_identify(src/LSLIDAR_X_ROS2-20240228/src) by extension 'ignore'
[2.114s] Level 1:colcon.colcon_core.package_identification:_identify(src/LSLIDAR_X_ROS2-20240228/src) by extension 'ignore_ament_install'
[2.114s] Level 1:colcon.colcon_core.package_identification:_identify(src/LSLIDAR_X_ROS2-20240228/src) by extensions ['colcon_pkg']
[2.115s] Level 1:colcon.colcon_core.package_identification:_identify(src/LSLIDAR_X_ROS2-20240228/src) by extension 'colcon_pkg'
[2.115s] Level 1:colcon.colcon_core.package_identification:_identify(src/LSLIDAR_X_ROS2-20240228/src) by extensions ['colcon_meta']
[2.115s] Level 1:colcon.colcon_core.package_identification:_identify(src/LSLIDAR_X_ROS2-20240228/src) by extension 'colcon_meta'
[2.115s] Level 1:colcon.colcon_core.package_identification:_identify(src/LSLIDAR_X_ROS2-20240228/src) by extensions ['ros']
[2.116s] Level 1:colcon.colcon_core.package_identification:_identify(src/LSLIDAR_X_ROS2-20240228/src) by extension 'ros'
[2.116s] Level 1:colcon.colcon_core.package_identification:_identify(src/LSLIDAR_X_ROS2-20240228/src) by extensions ['cmake', 'python']
[2.116s] Level 1:colcon.colcon_core.package_identification:_identify(src/LSLIDAR_X_ROS2-20240228/src) by extension 'cmake'
[2.117s] Level 1:colcon.colcon_core.package_identification:_identify(src/LSLIDAR_X_ROS2-20240228/src) by extension 'python'
[2.117s] Level 1:colcon.colcon_core.package_identification:_identify(src/LSLIDAR_X_ROS2-20240228/src) by extensions ['python_setup_py']
[2.117s] Level 1:colcon.colcon_core.package_identification:_identify(src/LSLIDAR_X_ROS2-20240228/src) by extension 'python_setup_py'
[2.118s] Level 1:colcon.colcon_core.package_identification:_identify(src/LSLIDAR_X_ROS2-20240228/src/lslidar_driver) by extensions ['ignore', 'ignore_ament_install']
[2.118s] Level 1:colcon.colcon_core.package_identification:_identify(src/LSLIDAR_X_ROS2-20240228/src/lslidar_driver) by extension 'ignore'
[2.119s] Level 1:colcon.colcon_core.package_identification:_identify(src/LSLIDAR_X_ROS2-20240228/src/lslidar_driver) by extension 'ignore_ament_install'
[2.119s] Level 1:colcon.colcon_core.package_identification:_identify(src/LSLIDAR_X_ROS2-20240228/src/lslidar_driver) by extensions ['colcon_pkg']
[2.119s] Level 1:colcon.colcon_core.package_identification:_identify(src/LSLIDAR_X_ROS2-20240228/src/lslidar_driver) by extension 'colcon_pkg'
[2.120s] Level 1:colcon.colcon_core.package_identification:_identify(src/LSLIDAR_X_ROS2-20240228/src/lslidar_driver) by extensions ['colcon_meta']
[2.120s] Level 1:colcon.colcon_core.package_identification:_identify(src/LSLIDAR_X_ROS2-20240228/src/lslidar_driver) by extension 'colcon_meta'
[2.120s] Level 1:colcon.colcon_core.package_identification:_identify(src/LSLIDAR_X_ROS2-20240228/src/lslidar_driver) by extensions ['ros']
[2.120s] Level 1:colcon.colcon_core.package_identification:_identify(src/LSLIDAR_X_ROS2-20240228/src/lslidar_driver) by extension 'ros'
[2.137s] DEBUG:colcon.colcon_core.package_identification:Package 'src/LSLIDAR_X_ROS2-20240228/src/lslidar_driver' with type 'ros.ament_cmake' and name 'lslidar_driver'
[2.138s] Level 1:colcon.colcon_core.package_identification:_identify(src/LSLIDAR_X_ROS2-20240228/src/lslidar_msgs) by extensions ['ignore', 'ignore_ament_install']
[2.139s] Level 1:colcon.colcon_core.package_identification:_identify(src/LSLIDAR_X_ROS2-20240228/src/lslidar_msgs) by extension 'ignore'
[2.139s] Level 1:colcon.colcon_core.package_identification:_identify(src/LSLIDAR_X_ROS2-20240228/src/lslidar_msgs) by extension 'ignore_ament_install'
[2.140s] Level 1:colcon.colcon_core.package_identification:_identify(src/LSLIDAR_X_ROS2-20240228/src/lslidar_msgs) by extensions ['colcon_pkg']
[2.140s] Level 1:colcon.colcon_core.package_identification:_identify(src/LSLIDAR_X_ROS2-20240228/src/lslidar_msgs) by extension 'colcon_pkg'
[2.140s] Level 1:colcon.colcon_core.package_identification:_identify(src/LSLIDAR_X_ROS2-20240228/src/lslidar_msgs) by extensions ['colcon_meta']
[2.140s] Level 1:colcon.colcon_core.package_identification:_identify(src/LSLIDAR_X_ROS2-20240228/src/lslidar_msgs) by extension 'colcon_meta'
[2.141s] Level 1:colcon.colcon_core.package_identification:_identify(src/LSLIDAR_X_ROS2-20240228/src/lslidar_msgs) by extensions ['ros']
[2.141s] Level 1:colcon.colcon_core.package_identification:_identify(src/LSLIDAR_X_ROS2-20240228/src/lslidar_msgs) by extension 'ros'
[2.145s] DEBUG:colcon.colcon_core.package_identification:Package 'src/LSLIDAR_X_ROS2-20240228/src/lslidar_msgs' with type 'ros.ament_cmake' and name 'lslidar_msgs'
[2.146s] Level 1:colcon.colcon_core.package_identification:_identify(src/config) by extensions ['ignore', 'ignore_ament_install']
[2.147s] Level 1:colcon.colcon_core.package_identification:_identify(src/config) by extension 'ignore'
[2.147s] Level 1:colcon.colcon_core.package_identification:_identify(src/config) by extension 'ignore_ament_install'
[2.148s] Level 1:colcon.colcon_core.package_identification:_identify(src/config) by extensions ['colcon_pkg']
[2.148s] Level 1:colcon.colcon_core.package_identification:_identify(src/config) by extension 'colcon_pkg'
[2.148s] Level 1:colcon.colcon_core.package_identification:_identify(src/config) by extensions ['colcon_meta']
[2.148s] Level 1:colcon.colcon_core.package_identification:_identify(src/config) by extension 'colcon_meta'
[2.149s] Level 1:colcon.colcon_core.package_identification:_identify(src/config) by extensions ['ros']
[2.149s] Level 1:colcon.colcon_core.package_identification:_identify(src/config) by extension 'ros'
[2.149s] Level 1:colcon.colcon_core.package_identification:_identify(src/config) by extensions ['cmake', 'python']
[2.150s] Level 1:colcon.colcon_core.package_identification:_identify(src/config) by extension 'cmake'
[2.150s] Level 1:colcon.colcon_core.package_identification:_identify(src/config) by extension 'python'
[2.150s] Level 1:colcon.colcon_core.package_identification:_identify(src/config) by extensions ['python_setup_py']
[2.150s] Level 1:colcon.colcon_core.package_identification:_identify(src/config) by extension 'python_setup_py'
[2.151s] Level 1:colcon.colcon_core.package_identification:_identify(src/log) by extensions ['ignore', 'ignore_ament_install']
[2.151s] Level 1:colcon.colcon_core.package_identification:_identify(src/log) by extension 'ignore'
[2.152s] Level 1:colcon.colcon_core.package_identification:_identify(src/log) by extension 'ignore_ament_install'
[2.152s] Level 1:colcon.colcon_core.package_identification:_identify(src/log) by extensions ['colcon_pkg']
[2.152s] Level 1:colcon.colcon_core.package_identification:_identify(src/log) by extension 'colcon_pkg'
[2.152s] Level 1:colcon.colcon_core.package_identification:_identify(src/log) by extensions ['colcon_meta']
[2.153s] Level 1:colcon.colcon_core.package_identification:_identify(src/log) by extension 'colcon_meta'
[2.153s] Level 1:colcon.colcon_core.package_identification:_identify(src/log) by extensions ['ros']
[2.153s] Level 1:colcon.colcon_core.package_identification:_identify(src/log) by extension 'ros'
[2.154s] Level 1:colcon.colcon_core.package_identification:_identify(src/log) by extensions ['cmake', 'python']
[2.154s] Level 1:colcon.colcon_core.package_identification:_identify(src/log) by extension 'cmake'
[2.154s] Level 1:colcon.colcon_core.package_identification:_identify(src/log) by extension 'python'
[2.154s] Level 1:colcon.colcon_core.package_identification:_identify(src/log) by extensions ['python_setup_py']
[2.154s] Level 1:colcon.colcon_core.package_identification:_identify(src/log) by extension 'python_setup_py'
[2.155s] Level 1:colcon.colcon_core.package_identification:_identify(src/origincar) by extensions ['ignore', 'ignore_ament_install']
[2.156s] Level 1:colcon.colcon_core.package_identification:_identify(src/origincar) by extension 'ignore'
[2.156s] Level 1:colcon.colcon_core.package_identification:_identify(src/origincar) by extension 'ignore_ament_install'
[2.156s] Level 1:colcon.colcon_core.package_identification:_identify(src/origincar) by extensions ['colcon_pkg']
[2.156s] Level 1:colcon.colcon_core.package_identification:_identify(src/origincar) by extension 'colcon_pkg'
[2.157s] Level 1:colcon.colcon_core.package_identification:_identify(src/origincar) by extensions ['colcon_meta']
[2.157s] Level 1:colcon.colcon_core.package_identification:_identify(src/origincar) by extension 'colcon_meta'
[2.157s] Level 1:colcon.colcon_core.package_identification:_identify(src/origincar) by extensions ['ros']
[2.157s] Level 1:colcon.colcon_core.package_identification:_identify(src/origincar) by extension 'ros'
[2.158s] Level 1:colcon.colcon_core.package_identification:_identify(src/origincar) by extensions ['cmake', 'python']
[2.158s] Level 1:colcon.colcon_core.package_identification:_identify(src/origincar) by extension 'cmake'
[2.158s] Level 1:colcon.colcon_core.package_identification:_identify(src/origincar) by extension 'python'
[2.158s] Level 1:colcon.colcon_core.package_identification:_identify(src/origincar) by extensions ['python_setup_py']
[2.159s] Level 1:colcon.colcon_core.package_identification:_identify(src/origincar) by extension 'python_setup_py'
[2.159s] Level 1:colcon.colcon_core.package_identification:_identify(src/origincar/3rdparty) by extensions ['ignore', 'ignore_ament_install']
[2.160s] Level 1:colcon.colcon_core.package_identification:_identify(src/origincar/3rdparty) by extension 'ignore'
[2.160s] Level 1:colcon.colcon_core.package_identification:_identify(src/origincar/3rdparty) by extension 'ignore_ament_install'
[2.160s] Level 1:colcon.colcon_core.package_identification:_identify(src/origincar/3rdparty) by extensions ['colcon_pkg']
[2.161s] Level 1:colcon.colcon_core.package_identification:_identify(src/origincar/3rdparty) by extension 'colcon_pkg'
[2.161s] Level 1:colcon.colcon_core.package_identification:_identify(src/origincar/3rdparty) by extensions ['colcon_meta']
[2.161s] Level 1:colcon.colcon_core.package_identification:_identify(src/origincar/3rdparty) by extension 'colcon_meta'
[2.161s] Level 1:colcon.colcon_core.package_identification:_identify(src/origincar/3rdparty) by extensions ['ros']
[2.161s] Level 1:colcon.colcon_core.package_identification:_identify(src/origincar/3rdparty) by extension 'ros'
[2.162s] Level 1:colcon.colcon_core.package_identification:_identify(src/origincar/3rdparty) by extensions ['cmake', 'python']
[2.162s] Level 1:colcon.colcon_core.package_identification:_identify(src/origincar/3rdparty) by extension 'cmake'
[2.162s] Level 1:colcon.colcon_core.package_identification:_identify(src/origincar/3rdparty) by extension 'python'
[2.163s] Level 1:colcon.colcon_core.package_identification:_identify(src/origincar/3rdparty) by extensions ['python_setup_py']
[2.163s] Level 1:colcon.colcon_core.package_identification:_identify(src/origincar/3rdparty) by extension 'python_setup_py'
[2.163s] Level 1:colcon.colcon_core.package_identification:_identify(src/origincar/3rdparty/ackermann_msgs-ros2) by extensions ['ignore', 'ignore_ament_install']
[2.164s] Level 1:colcon.colcon_core.package_identification:_identify(src/origincar/3rdparty/ackermann_msgs-ros2) by extension 'ignore'
[2.164s] Level 1:colcon.colcon_core.package_identification:_identify(src/origincar/3rdparty/ackermann_msgs-ros2) by extension 'ignore_ament_install'
[2.165s] Level 1:colcon.colcon_core.package_identification:_identify(src/origincar/3rdparty/ackermann_msgs-ros2) by extensions ['colcon_pkg']
[2.165s] Level 1:colcon.colcon_core.package_identification:_identify(src/origincar/3rdparty/ackermann_msgs-ros2) by extension 'colcon_pkg'
[2.165s] Level 1:colcon.colcon_core.package_identification:_identify(src/origincar/3rdparty/ackermann_msgs-ros2) by extensions ['colcon_meta']
[2.165s] Level 1:colcon.colcon_core.package_identification:_identify(src/origincar/3rdparty/ackermann_msgs-ros2) by extension 'colcon_meta'
[2.166s] Level 1:colcon.colcon_core.package_identification:_identify(src/origincar/3rdparty/ackermann_msgs-ros2) by extensions ['ros']
[2.166s] Level 1:colcon.colcon_core.package_identification:_identify(src/origincar/3rdparty/ackermann_msgs-ros2) by extension 'ros'
[2.169s] DEBUG:colcon.colcon_core.package_identification:Package 'src/origincar/3rdparty/ackermann_msgs-ros2' with type 'ros.ament_cmake' and name 'ackermann_msgs'
[2.170s] Level 1:colcon.colcon_core.package_identification:_identify(src/origincar/3rdparty/aurora930) by extensions ['ignore', 'ignore_ament_install']
[2.171s] Level 1:colcon.colcon_core.package_identification:_identify(src/origincar/3rdparty/aurora930) by extension 'ignore'
[2.172s] Level 1:colcon.colcon_core.package_identification:_identify(src/origincar/3rdparty/aurora930) by extension 'ignore_ament_install'
[2.172s] Level 1:colcon.colcon_core.package_identification:_identify(src/origincar/3rdparty/aurora930) by extensions ['colcon_pkg']
[2.172s] Level 1:colcon.colcon_core.package_identification:_identify(src/origincar/3rdparty/aurora930) by extension 'colcon_pkg'
[2.173s] Level 1:colcon.colcon_core.package_identification:_identify(src/origincar/3rdparty/aurora930) by extensions ['colcon_meta']
[2.173s] Level 1:colcon.colcon_core.package_identification:_identify(src/origincar/3rdparty/aurora930) by extension 'colcon_meta'
[2.173s] Level 1:colcon.colcon_core.package_identification:_identify(src/origincar/3rdparty/aurora930) by extensions ['ros']
[2.174s] Level 1:colcon.colcon_core.package_identification:_identify(src/origincar/3rdparty/aurora930) by extension 'ros'
[2.174s] Level 1:colcon.colcon_core.package_identification:_identify(src/origincar/3rdparty/aurora930) by extensions ['cmake', 'python']
[2.174s] Level 1:colcon.colcon_core.package_identification:_identify(src/origincar/3rdparty/aurora930) by extension 'cmake'
[2.175s] Level 1:colcon.colcon_core.package_identification:_identify(src/origincar/3rdparty/aurora930) by extension 'python'
[2.175s] Level 1:colcon.colcon_core.package_identification:_identify(src/origincar/3rdparty/aurora930) by extensions ['python_setup_py']
[2.175s] Level 1:colcon.colcon_core.package_identification:_identify(src/origincar/3rdparty/aurora930) by extension 'python_setup_py'
[2.176s] Level 1:colcon.colcon_core.package_identification:_identify(src/origincar/3rdparty/serial_ros2) by extensions ['ignore', 'ignore_ament_install']
[2.176s] Level 1:colcon.colcon_core.package_identification:_identify(src/origincar/3rdparty/serial_ros2) by extension 'ignore'
[2.176s] Level 1:colcon.colcon_core.package_identification:_identify(src/origincar/3rdparty/serial_ros2) by extension 'ignore_ament_install'
[2.177s] Level 1:colcon.colcon_core.package_identification:_identify(src/origincar/3rdparty/serial_ros2) by extensions ['colcon_pkg']
[2.177s] Level 1:colcon.colcon_core.package_identification:_identify(src/origincar/3rdparty/serial_ros2) by extension 'colcon_pkg'
[2.177s] Level 1:colcon.colcon_core.package_identification:_identify(src/origincar/3rdparty/serial_ros2) by extensions ['colcon_meta']
[2.177s] Level 1:colcon.colcon_core.package_identification:_identify(src/origincar/3rdparty/serial_ros2) by extension 'colcon_meta'
[2.178s] Level 1:colcon.colcon_core.package_identification:_identify(src/origincar/3rdparty/serial_ros2) by extensions ['ros']
[2.178s] Level 1:colcon.colcon_core.package_identification:_identify(src/origincar/3rdparty/serial_ros2) by extension 'ros'
[2.182s] DEBUG:colcon.colcon_core.package_identification:Package 'src/origincar/3rdparty/serial_ros2' with type 'ros.ament_cmake' and name 'serial'
[2.182s] Level 1:colcon.colcon_core.package_identification:_identify(src/origincar/line_follower_pkg) by extensions ['ignore', 'ignore_ament_install']
[2.183s] Level 1:colcon.colcon_core.package_identification:_identify(src/origincar/line_follower_pkg) by extension 'ignore'
[2.183s] Level 1:colcon.colcon_core.package_identification:_identify(src/origincar/line_follower_pkg) by extension 'ignore_ament_install'
[2.184s] Level 1:colcon.colcon_core.package_identification:_identify(src/origincar/line_follower_pkg) by extensions ['colcon_pkg']
[2.184s] Level 1:colcon.colcon_core.package_identification:_identify(src/origincar/line_follower_pkg) by extension 'colcon_pkg'
[2.184s] Level 1:colcon.colcon_core.package_identification:_identify(src/origincar/line_follower_pkg) by extensions ['colcon_meta']
[2.184s] Level 1:colcon.colcon_core.package_identification:_identify(src/origincar/line_follower_pkg) by extension 'colcon_meta'
[2.185s] Level 1:colcon.colcon_core.package_identification:_identify(src/origincar/line_follower_pkg) by extensions ['ros']
[2.185s] Level 1:colcon.colcon_core.package_identification:_identify(src/origincar/line_follower_pkg) by extension 'ros'
[2.190s] DEBUG:colcon.colcon_core.package_identification:Package 'src/origincar/line_follower_pkg' with type 'ros.ament_python' and name 'line_follower_pkg'
[2.191s] Level 1:colcon.colcon_core.package_identification:_identify(src/origincar/origincar_base) by extensions ['ignore', 'ignore_ament_install']
[2.192s] Level 1:colcon.colcon_core.package_identification:_identify(src/origincar/origincar_base) by extension 'ignore'
[2.192s] Level 1:colcon.colcon_core.package_identification:_identify(src/origincar/origincar_base) by extension 'ignore_ament_install'
[2.193s] Level 1:colcon.colcon_core.package_identification:_identify(src/origincar/origincar_base) by extensions ['colcon_pkg']
[2.193s] Level 1:colcon.colcon_core.package_identification:_identify(src/origincar/origincar_base) by extension 'colcon_pkg'
[2.193s] Level 1:colcon.colcon_core.package_identification:_identify(src/origincar/origincar_base) by extensions ['colcon_meta']
[2.194s] Level 1:colcon.colcon_core.package_identification:_identify(src/origincar/origincar_base) by extension 'colcon_meta'
[2.194s] Level 1:colcon.colcon_core.package_identification:_identify(src/origincar/origincar_base) by extensions ['ros']
[2.194s] Level 1:colcon.colcon_core.package_identification:_identify(src/origincar/origincar_base) by extension 'ros'
[2.208s] DEBUG:colcon.colcon_core.package_identification:Package 'src/origincar/origincar_base' with type 'ros.ament_cmake' and name 'origincar_base'
[2.209s] Level 1:colcon.colcon_core.package_identification:_identify(src/origincar/origincar_bringup) by extensions ['ignore', 'ignore_ament_install']
[2.209s] Level 1:colcon.colcon_core.package_identification:_identify(src/origincar/origincar_bringup) by extension 'ignore'
[2.210s] Level 1:colcon.colcon_core.package_identification:_identify(src/origincar/origincar_bringup) by extension 'ignore_ament_install'
[2.210s] Level 1:colcon.colcon_core.package_identification:_identify(src/origincar/origincar_bringup) by extensions ['colcon_pkg']
[2.211s] Level 1:colcon.colcon_core.package_identification:_identify(src/origincar/origincar_bringup) by extension 'colcon_pkg'
[2.211s] Level 1:colcon.colcon_core.package_identification:_identify(src/origincar/origincar_bringup) by extensions ['colcon_meta']
[2.211s] Level 1:colcon.colcon_core.package_identification:_identify(src/origincar/origincar_bringup) by extension 'colcon_meta'
[2.212s] Level 1:colcon.colcon_core.package_identification:_identify(src/origincar/origincar_bringup) by extensions ['ros']
[2.212s] Level 1:colcon.colcon_core.package_identification:_identify(src/origincar/origincar_bringup) by extension 'ros'
[2.218s] DEBUG:colcon.colcon_core.package_identification:Package 'src/origincar/origincar_bringup' with type 'ros.ament_cmake' and name 'origincar_bringup'
[2.219s] Level 1:colcon.colcon_core.package_identification:_identify(src/origincar/origincar_description) by extensions ['ignore', 'ignore_ament_install']
[2.220s] Level 1:colcon.colcon_core.package_identification:_identify(src/origincar/origincar_description) by extension 'ignore'
[2.220s] Level 1:colcon.colcon_core.package_identification:_identify(src/origincar/origincar_description) by extension 'ignore_ament_install'
[2.220s] Level 1:colcon.colcon_core.package_identification:_identify(src/origincar/origincar_description) by extensions ['colcon_pkg']
[2.221s] Level 1:colcon.colcon_core.package_identification:_identify(src/origincar/origincar_description) by extension 'colcon_pkg'
[2.221s] Level 1:colcon.colcon_core.package_identification:_identify(src/origincar/origincar_description) by extensions ['colcon_meta']
[2.221s] Level 1:colcon.colcon_core.package_identification:_identify(src/origincar/origincar_description) by extension 'colcon_meta'
[2.222s] Level 1:colcon.colcon_core.package_identification:_identify(src/origincar/origincar_description) by extensions ['ros']
[2.222s] Level 1:colcon.colcon_core.package_identification:_identify(src/origincar/origincar_description) by extension 'ros'
[2.225s] DEBUG:colcon.colcon_core.package_identification:Package 'src/origincar/origincar_description' with type 'ros.ament_cmake' and name 'origincar_description'
[2.226s] Level 1:colcon.colcon_core.package_identification:_identify(src/origincar/origincar_msg) by extensions ['ignore', 'ignore_ament_install']
[2.227s] Level 1:colcon.colcon_core.package_identification:_identify(src/origincar/origincar_msg) by extension 'ignore'
[2.227s] Level 1:colcon.colcon_core.package_identification:_identify(src/origincar/origincar_msg) by extension 'ignore_ament_install'
[2.227s] Level 1:colcon.colcon_core.package_identification:_identify(src/origincar/origincar_msg) by extensions ['colcon_pkg']
[2.228s] Level 1:colcon.colcon_core.package_identification:_identify(src/origincar/origincar_msg) by extension 'colcon_pkg'
[2.228s] Level 1:colcon.colcon_core.package_identification:_identify(src/origincar/origincar_msg) by extensions ['colcon_meta']
[2.228s] Level 1:colcon.colcon_core.package_identification:_identify(src/origincar/origincar_msg) by extension 'colcon_meta'
[2.228s] Level 1:colcon.colcon_core.package_identification:_identify(src/origincar/origincar_msg) by extensions ['ros']
[2.229s] Level 1:colcon.colcon_core.package_identification:_identify(src/origincar/origincar_msg) by extension 'ros'
[2.232s] DEBUG:colcon.colcon_core.package_identification:Package 'src/origincar/origincar_msg' with type 'ros.ament_cmake' and name 'origincar_msg'
[2.233s] Level 1:colcon.colcon_core.package_identification:_identify(src/origincar/utils) by extensions ['ignore', 'ignore_ament_install']
[2.233s] Level 1:colcon.colcon_core.package_identification:_identify(src/origincar/utils) by extension 'ignore'
[2.234s] Level 1:colcon.colcon_core.package_identification:_identify(src/origincar/utils) by extension 'ignore_ament_install'
[2.234s] Level 1:colcon.colcon_core.package_identification:_identify(src/origincar/utils) by extensions ['colcon_pkg']
[2.234s] Level 1:colcon.colcon_core.package_identification:_identify(src/origincar/utils) by extension 'colcon_pkg'
[2.234s] Level 1:colcon.colcon_core.package_identification:_identify(src/origincar/utils) by extensions ['colcon_meta']
[2.235s] Level 1:colcon.colcon_core.package_identification:_identify(src/origincar/utils) by extension 'colcon_meta'
[2.235s] Level 1:colcon.colcon_core.package_identification:_identify(src/origincar/utils) by extensions ['ros']
[2.235s] Level 1:colcon.colcon_core.package_identification:_identify(src/origincar/utils) by extension 'ros'
[2.240s] DEBUG:colcon.colcon_core.package_identification:Package 'src/origincar/utils' with type 'ros.ament_cmake' and name 'utils'
[2.241s] Level 1:colcon.colcon_core.package_identification:_identify(src/racing) by extensions ['ignore', 'ignore_ament_install']
[2.241s] Level 1:colcon.colcon_core.package_identification:_identify(src/racing) by extension 'ignore'
[2.242s] Level 1:colcon.colcon_core.package_identification:_identify(src/racing) by extension 'ignore_ament_install'
[2.242s] Level 1:colcon.colcon_core.package_identification:_identify(src/racing) by extensions ['colcon_pkg']
[2.242s] Level 1:colcon.colcon_core.package_identification:_identify(src/racing) by extension 'colcon_pkg'
[2.243s] Level 1:colcon.colcon_core.package_identification:_identify(src/racing) by extensions ['colcon_meta']
[2.243s] Level 1:colcon.colcon_core.package_identification:_identify(src/racing) by extension 'colcon_meta'
[2.243s] Level 1:colcon.colcon_core.package_identification:_identify(src/racing) by extensions ['ros']
[2.243s] Level 1:colcon.colcon_core.package_identification:_identify(src/racing) by extension 'ros'
[2.244s] Level 1:colcon.colcon_core.package_identification:_identify(src/racing) by extensions ['cmake', 'python']
[2.244s] Level 1:colcon.colcon_core.package_identification:_identify(src/racing) by extension 'cmake'
[2.244s] Level 1:colcon.colcon_core.package_identification:_identify(src/racing) by extension 'python'
[2.244s] Level 1:colcon.colcon_core.package_identification:_identify(src/racing) by extensions ['python_setup_py']
[2.245s] Level 1:colcon.colcon_core.package_identification:_identify(src/racing) by extension 'python_setup_py'
[2.245s] Level 1:colcon.colcon_core.package_identification:_identify(src/racing/bno055-main) by extensions ['ignore', 'ignore_ament_install']
[2.246s] Level 1:colcon.colcon_core.package_identification:_identify(src/racing/bno055-main) by extension 'ignore'
[2.246s] Level 1:colcon.colcon_core.package_identification:_identify(src/racing/bno055-main) by extension 'ignore_ament_install'
[2.247s] Level 1:colcon.colcon_core.package_identification:_identify(src/racing/bno055-main) by extensions ['colcon_pkg']
[2.247s] Level 1:colcon.colcon_core.package_identification:_identify(src/racing/bno055-main) by extension 'colcon_pkg'
[2.247s] Level 1:colcon.colcon_core.package_identification:_identify(src/racing/bno055-main) by extensions ['colcon_meta']
[2.247s] Level 1:colcon.colcon_core.package_identification:_identify(src/racing/bno055-main) by extension 'colcon_meta'
[2.248s] Level 1:colcon.colcon_core.package_identification:_identify(src/racing/bno055-main) by extensions ['ros']
[2.248s] Level 1:colcon.colcon_core.package_identification:_identify(src/racing/bno055-main) by extension 'ros'
[2.252s] DEBUG:colcon.colcon_core.package_identification:Package 'src/racing/bno055-main' with type 'ros.ament_python' and name 'bno055'
[2.253s] Level 1:colcon.colcon_core.package_identification:_identify(src/racing/qr_scanner) by extensions ['ignore', 'ignore_ament_install']
[2.254s] Level 1:colcon.colcon_core.package_identification:_identify(src/racing/qr_scanner) by extension 'ignore'
[2.254s] Level 1:colcon.colcon_core.package_identification:_identify(src/racing/qr_scanner) by extension 'ignore_ament_install'
[2.254s] Level 1:colcon.colcon_core.package_identification:_identify(src/racing/qr_scanner) by extensions ['colcon_pkg']
[2.255s] Level 1:colcon.colcon_core.package_identification:_identify(src/racing/qr_scanner) by extension 'colcon_pkg'
[2.255s] Level 1:colcon.colcon_core.package_identification:_identify(src/racing/qr_scanner) by extensions ['colcon_meta']
[2.255s] Level 1:colcon.colcon_core.package_identification:_identify(src/racing/qr_scanner) by extension 'colcon_meta'
[2.256s] Level 1:colcon.colcon_core.package_identification:_identify(src/racing/qr_scanner) by extensions ['ros']
[2.256s] Level 1:colcon.colcon_core.package_identification:_identify(src/racing/qr_scanner) by extension 'ros'
[2.262s] DEBUG:colcon.colcon_core.package_identification:Package 'src/racing/qr_scanner' with type 'ros.ament_python' and name 'qr_scanner'
[2.263s] Level 1:colcon.colcon_core.package_identification:_identify(src/racing/racing_bringup) by extensions ['ignore', 'ignore_ament_install']
[2.264s] Level 1:colcon.colcon_core.package_identification:_identify(src/racing/racing_bringup) by extension 'ignore'
[2.264s] Level 1:colcon.colcon_core.package_identification:_identify(src/racing/racing_bringup) by extension 'ignore_ament_install'
[2.265s] Level 1:colcon.colcon_core.package_identification:_identify(src/racing/racing_bringup) by extensions ['colcon_pkg']
[2.265s] Level 1:colcon.colcon_core.package_identification:_identify(src/racing/racing_bringup) by extension 'colcon_pkg'
[2.265s] Level 1:colcon.colcon_core.package_identification:_identify(src/racing/racing_bringup) by extensions ['colcon_meta']
[2.265s] Level 1:colcon.colcon_core.package_identification:_identify(src/racing/racing_bringup) by extension 'colcon_meta'
[2.266s] Level 1:colcon.colcon_core.package_identification:_identify(src/racing/racing_bringup) by extensions ['ros']
[2.266s] Level 1:colcon.colcon_core.package_identification:_identify(src/racing/racing_bringup) by extension 'ros'
[2.273s] DEBUG:colcon.colcon_core.package_identification:Package 'src/racing/racing_bringup' with type 'ros.ament_python' and name 'racing_bringup'
[2.274s] Level 1:colcon.colcon_core.package_identification:_identify(src/racing/racing_stage1) by extensions ['ignore', 'ignore_ament_install']
[2.274s] Level 1:colcon.colcon_core.package_identification:_identify(src/racing/racing_stage1) by extension 'ignore'
[2.275s] Level 1:colcon.colcon_core.package_identification:_identify(src/racing/racing_stage1) by extension 'ignore_ament_install'
[2.275s] Level 1:colcon.colcon_core.package_identification:_identify(src/racing/racing_stage1) by extensions ['colcon_pkg']
[2.275s] Level 1:colcon.colcon_core.package_identification:_identify(src/racing/racing_stage1) by extension 'colcon_pkg'
[2.276s] Level 1:colcon.colcon_core.package_identification:_identify(src/racing/racing_stage1) by extensions ['colcon_meta']
[2.276s] Level 1:colcon.colcon_core.package_identification:_identify(src/racing/racing_stage1) by extension 'colcon_meta'
[2.276s] Level 1:colcon.colcon_core.package_identification:_identify(src/racing/racing_stage1) by extensions ['ros']
[2.276s] Level 1:colcon.colcon_core.package_identification:_identify(src/racing/racing_stage1) by extension 'ros'
[2.282s] DEBUG:colcon.colcon_core.package_identification:Package 'src/racing/racing_stage1' with type 'ros.ament_python' and name 'racing_stage1'
[2.283s] Level 1:colcon.colcon_core.package_identification:_identify(src/racing/racing_stage2) by extensions ['ignore', 'ignore_ament_install']
[2.284s] Level 1:colcon.colcon_core.package_identification:_identify(src/racing/racing_stage2) by extension 'ignore'
[2.284s] Level 1:colcon.colcon_core.package_identification:_identify(src/racing/racing_stage2) by extension 'ignore_ament_install'
[2.285s] Level 1:colcon.colcon_core.package_identification:_identify(src/racing/racing_stage2) by extensions ['colcon_pkg']
[2.285s] Level 1:colcon.colcon_core.package_identification:_identify(src/racing/racing_stage2) by extension 'colcon_pkg'
[2.285s] Level 1:colcon.colcon_core.package_identification:_identify(src/racing/racing_stage2) by extensions ['colcon_meta']
[2.285s] Level 1:colcon.colcon_core.package_identification:_identify(src/racing/racing_stage2) by extension 'colcon_meta'
[2.286s] Level 1:colcon.colcon_core.package_identification:_identify(src/racing/racing_stage2) by extensions ['ros']
[2.286s] Level 1:colcon.colcon_core.package_identification:_identify(src/racing/racing_stage2) by extension 'ros'
[2.295s] DEBUG:colcon.colcon_core.package_identification:Package 'src/racing/racing_stage2' with type 'ros.ament_python' and name 'racing_stage2'
[2.296s] Level 1:colcon.colcon_core.package_identification:_identify(src/racing/racing_stage2_field_record) by extensions ['ignore', 'ignore_ament_install']
[2.296s] Level 1:colcon.colcon_core.package_identification:_identify(src/racing/racing_stage2_field_record) by extension 'ignore'
[2.297s] Level 1:colcon.colcon_core.package_identification:_identify(src/racing/racing_stage2_field_record) by extension 'ignore_ament_install'
[2.297s] Level 1:colcon.colcon_core.package_identification:_identify(src/racing/racing_stage2_field_record) by extensions ['colcon_pkg']
[2.297s] Level 1:colcon.colcon_core.package_identification:_identify(src/racing/racing_stage2_field_record) by extension 'colcon_pkg'
[2.298s] Level 1:colcon.colcon_core.package_identification:_identify(src/racing/racing_stage2_field_record) by extensions ['colcon_meta']
[2.298s] Level 1:colcon.colcon_core.package_identification:_identify(src/racing/racing_stage2_field_record) by extension 'colcon_meta'
[2.298s] Level 1:colcon.colcon_core.package_identification:_identify(src/racing/racing_stage2_field_record) by extensions ['ros']
[2.299s] Level 1:colcon.colcon_core.package_identification:_identify(src/racing/racing_stage2_field_record) by extension 'ros'
[2.299s] Level 1:colcon.colcon_core.package_identification:_identify(src/racing/racing_stage2_field_record) by extensions ['cmake', 'python']
[2.299s] Level 1:colcon.colcon_core.package_identification:_identify(src/racing/racing_stage2_field_record) by extension 'cmake'
[2.300s] Level 1:colcon.colcon_core.package_identification:_identify(src/racing/racing_stage2_field_record) by extension 'python'
[2.300s] Level 1:colcon.colcon_core.package_identification:_identify(src/racing/racing_stage2_field_record) by extensions ['python_setup_py']
[2.300s] Level 1:colcon.colcon_core.package_identification:_identify(src/racing/racing_stage2_field_record) by extension 'python_setup_py'
[2.301s] Level 1:colcon.colcon_core.package_identification:_identify(src/racing/racing_stage2_field_record/config) by extensions ['ignore', 'ignore_ament_install']
[2.301s] Level 1:colcon.colcon_core.package_identification:_identify(src/racing/racing_stage2_field_record/config) by extension 'ignore'
[2.301s] Level 1:colcon.colcon_core.package_identification:_identify(src/racing/racing_stage2_field_record/config) by extension 'ignore_ament_install'
[2.302s] Level 1:colcon.colcon_core.package_identification:_identify(src/racing/racing_stage2_field_record/config) by extensions ['colcon_pkg']
[2.302s] Level 1:colcon.colcon_core.package_identification:_identify(src/racing/racing_stage2_field_record/config) by extension 'colcon_pkg'
[2.302s] Level 1:colcon.colcon_core.package_identification:_identify(src/racing/racing_stage2_field_record/config) by extensions ['colcon_meta']
[2.302s] Level 1:colcon.colcon_core.package_identification:_identify(src/racing/racing_stage2_field_record/config) by extension 'colcon_meta'
[2.303s] Level 1:colcon.colcon_core.package_identification:_identify(src/racing/racing_stage2_field_record/config) by extensions ['ros']
[2.303s] Level 1:colcon.colcon_core.package_identification:_identify(src/racing/racing_stage2_field_record/config) by extension 'ros'
[2.303s] Level 1:colcon.colcon_core.package_identification:_identify(src/racing/racing_stage2_field_record/config) by extensions ['cmake', 'python']
[2.304s] Level 1:colcon.colcon_core.package_identification:_identify(src/racing/racing_stage2_field_record/config) by extension 'cmake'
[2.304s] Level 1:colcon.colcon_core.package_identification:_identify(src/racing/racing_stage2_field_record/config) by extension 'python'
[2.304s] Level 1:colcon.colcon_core.package_identification:_identify(src/racing/racing_stage2_field_record/config) by extensions ['python_setup_py']
[2.304s] Level 1:colcon.colcon_core.package_identification:_identify(src/racing/racing_stage2_field_record/config) by extension 'python_setup_py'
[2.305s] Level 1:colcon.colcon_core.package_identification:_identify(src/racing/racing_stage2_field_record/launch) by extensions ['ignore', 'ignore_ament_install']
[2.305s] Level 1:colcon.colcon_core.package_identification:_identify(src/racing/racing_stage2_field_record/launch) by extension 'ignore'
[2.306s] Level 1:colcon.colcon_core.package_identification:_identify(src/racing/racing_stage2_field_record/launch) by extension 'ignore_ament_install'
[2.306s] Level 1:colcon.colcon_core.package_identification:_identify(src/racing/racing_stage2_field_record/launch) by extensions ['colcon_pkg']
[2.306s] Level 1:colcon.colcon_core.package_identification:_identify(src/racing/racing_stage2_field_record/launch) by extension 'colcon_pkg'
[2.306s] Level 1:colcon.colcon_core.package_identification:_identify(src/racing/racing_stage2_field_record/launch) by extensions ['colcon_meta']
[2.307s] Level 1:colcon.colcon_core.package_identification:_identify(src/racing/racing_stage2_field_record/launch) by extension 'colcon_meta'
[2.307s] Level 1:colcon.colcon_core.package_identification:_identify(src/racing/racing_stage2_field_record/launch) by extensions ['ros']
[2.307s] Level 1:colcon.colcon_core.package_identification:_identify(src/racing/racing_stage2_field_record/launch) by extension 'ros'
[2.308s] Level 1:colcon.colcon_core.package_identification:_identify(src/racing/racing_stage2_field_record/launch) by extensions ['cmake', 'python']
[2.308s] Level 1:colcon.colcon_core.package_identification:_identify(src/racing/racing_stage2_field_record/launch) by extension 'cmake'
[2.308s] Level 1:colcon.colcon_core.package_identification:_identify(src/racing/racing_stage2_field_record/launch) by extension 'python'
[2.308s] Level 1:colcon.colcon_core.package_identification:_identify(src/racing/racing_stage2_field_record/launch) by extensions ['python_setup_py']
[2.309s] Level 1:colcon.colcon_core.package_identification:_identify(src/racing/racing_stage2_field_record/launch) by extension 'python_setup_py'
[2.309s] Level 1:colcon.colcon_core.package_identification:_identify(src/racing/racing_stage2_field_record/racing_stage2_field_record) by extensions ['ignore', 'ignore_ament_install']
[2.310s] Level 1:colcon.colcon_core.package_identification:_identify(src/racing/racing_stage2_field_record/racing_stage2_field_record) by extension 'ignore'
[2.310s] Level 1:colcon.colcon_core.package_identification:_identify(src/racing/racing_stage2_field_record/racing_stage2_field_record) by extension 'ignore_ament_install'
[2.310s] Level 1:colcon.colcon_core.package_identification:_identify(src/racing/racing_stage2_field_record/racing_stage2_field_record) by extensions ['colcon_pkg']
[2.310s] Level 1:colcon.colcon_core.package_identification:_identify(src/racing/racing_stage2_field_record/racing_stage2_field_record) by extension 'colcon_pkg'
[2.311s] Level 1:colcon.colcon_core.package_identification:_identify(src/racing/racing_stage2_field_record/racing_stage2_field_record) by extensions ['colcon_meta']
[2.311s] Level 1:colcon.colcon_core.package_identification:_identify(src/racing/racing_stage2_field_record/racing_stage2_field_record) by extension 'colcon_meta'
[2.311s] Level 1:colcon.colcon_core.package_identification:_identify(src/racing/racing_stage2_field_record/racing_stage2_field_record) by extensions ['ros']
[2.311s] Level 1:colcon.colcon_core.package_identification:_identify(src/racing/racing_stage2_field_record/racing_stage2_field_record) by extension 'ros'
[2.312s] Level 1:colcon.colcon_core.package_identification:_identify(src/racing/racing_stage2_field_record/racing_stage2_field_record) by extensions ['cmake', 'python']
[2.312s] Level 1:colcon.colcon_core.package_identification:_identify(src/racing/racing_stage2_field_record/racing_stage2_field_record) by extension 'cmake'
[2.312s] Level 1:colcon.colcon_core.package_identification:_identify(src/racing/racing_stage2_field_record/racing_stage2_field_record) by extension 'python'
[2.313s] Level 1:colcon.colcon_core.package_identification:_identify(src/racing/racing_stage2_field_record/racing_stage2_field_record) by extensions ['python_setup_py']
[2.313s] Level 1:colcon.colcon_core.package_identification:_identify(src/racing/racing_stage2_field_record/racing_stage2_field_record) by extension 'python_setup_py'
[2.313s] Level 1:colcon.colcon_core.package_identification:_identify(src/racing/racing_stage2_field_record/racing_stage2_field_record/__pycache__) by extensions ['ignore', 'ignore_ament_install']
[2.314s] Level 1:colcon.colcon_core.package_identification:_identify(src/racing/racing_stage2_field_record/racing_stage2_field_record/__pycache__) by extension 'ignore'
[2.314s] Level 1:colcon.colcon_core.package_identification:_identify(src/racing/racing_stage2_field_record/racing_stage2_field_record/__pycache__) by extension 'ignore_ament_install'
[2.315s] Level 1:colcon.colcon_core.package_identification:_identify(src/racing/racing_stage2_field_record/racing_stage2_field_record/__pycache__) by extensions ['colcon_pkg']
[2.315s] Level 1:colcon.colcon_core.package_identification:_identify(src/racing/racing_stage2_field_record/racing_stage2_field_record/__pycache__) by extension 'colcon_pkg'
[2.315s] Level 1:colcon.colcon_core.package_identification:_identify(src/racing/racing_stage2_field_record/racing_stage2_field_record/__pycache__) by extensions ['colcon_meta']
[2.315s] Level 1:colcon.colcon_core.package_identification:_identify(src/racing/racing_stage2_field_record/racing_stage2_field_record/__pycache__) by extension 'colcon_meta'
[2.316s] Level 1:colcon.colcon_core.package_identification:_identify(src/racing/racing_stage2_field_record/racing_stage2_field_record/__pycache__) by extensions ['ros']
[2.316s] Level 1:colcon.colcon_core.package_identification:_identify(src/racing/racing_stage2_field_record/racing_stage2_field_record/__pycache__) by extension 'ros'
[2.316s] Level 1:colcon.colcon_core.package_identification:_identify(src/racing/racing_stage2_field_record/racing_stage2_field_record/__pycache__) by extensions ['cmake', 'python']
[2.317s] Level 1:colcon.colcon_core.package_identification:_identify(src/racing/racing_stage2_field_record/racing_stage2_field_record/__pycache__) by extension 'cmake'
[2.317s] Level 1:colcon.colcon_core.package_identification:_identify(src/racing/racing_stage2_field_record/racing_stage2_field_record/__pycache__) by extension 'python'
[2.317s] Level 1:colcon.colcon_core.package_identification:_identify(src/racing/racing_stage2_field_record/racing_stage2_field_record/__pycache__) by extensions ['python_setup_py']
[2.317s] Level 1:colcon.colcon_core.package_identification:_identify(src/racing/racing_stage2_field_record/racing_stage2_field_record/__pycache__) by extension 'python_setup_py'
[2.318s] Level 1:colcon.colcon_core.package_identification:_identify(src/racing/racing_stage2_field_record/resource) by extensions ['ignore', 'ignore_ament_install']
[2.318s] Level 1:colcon.colcon_core.package_identification:_identify(src/racing/racing_stage2_field_record/resource) by extension 'ignore'
[2.319s] Level 1:colcon.colcon_core.package_identification:_identify(src/racing/racing_stage2_field_record/resource) by extension 'ignore_ament_install'
[2.319s] Level 1:colcon.colcon_core.package_identification:_identify(src/racing/racing_stage2_field_record/resource) by extensions ['colcon_pkg']
[2.319s] Level 1:colcon.colcon_core.package_identification:_identify(src/racing/racing_stage2_field_record/resource) by extension 'colcon_pkg'
[2.319s] Level 1:colcon.colcon_core.package_identification:_identify(src/racing/racing_stage2_field_record/resource) by extensions ['colcon_meta']
[2.320s] Level 1:colcon.colcon_core.package_identification:_identify(src/racing/racing_stage2_field_record/resource) by extension 'colcon_meta'
[2.320s] Level 1:colcon.colcon_core.package_identification:_identify(src/racing/racing_stage2_field_record/resource) by extensions ['ros']
[2.320s] Level 1:colcon.colcon_core.package_identification:_identify(src/racing/racing_stage2_field_record/resource) by extension 'ros'
[2.321s] Level 1:colcon.colcon_core.package_identification:_identify(src/racing/racing_stage2_field_record/resource) by extensions ['cmake', 'python']
[2.321s] Level 1:colcon.colcon_core.package_identification:_identify(src/racing/racing_stage2_field_record/resource) by extension 'cmake'
[2.321s] Level 1:colcon.colcon_core.package_identification:_identify(src/racing/racing_stage2_field_record/resource) by extension 'python'
[2.321s] Level 1:colcon.colcon_core.package_identification:_identify(src/racing/racing_stage2_field_record/resource) by extensions ['python_setup_py']
[2.321s] Level 1:colcon.colcon_core.package_identification:_identify(src/racing/racing_stage2_field_record/resource) by extension 'python_setup_py'
[2.322s] Level 1:colcon.colcon_core.package_identification:_identify(src/racing/racing_stage2_param_test) by extensions ['ignore', 'ignore_ament_install']
[2.323s] Level 1:colcon.colcon_core.package_identification:_identify(src/racing/racing_stage2_param_test) by extension 'ignore'
[2.323s] Level 1:colcon.colcon_core.package_identification:_identify(src/racing/racing_stage2_param_test) by extension 'ignore_ament_install'
[2.323s] Level 1:colcon.colcon_core.package_identification:_identify(src/racing/racing_stage2_param_test) by extensions ['colcon_pkg']
[2.323s] Level 1:colcon.colcon_core.package_identification:_identify(src/racing/racing_stage2_param_test) by extension 'colcon_pkg'
[2.324s] Level 1:colcon.colcon_core.package_identification:_identify(src/racing/racing_stage2_param_test) by extensions ['colcon_meta']
[2.324s] Level 1:colcon.colcon_core.package_identification:_identify(src/racing/racing_stage2_param_test) by extension 'colcon_meta'
[2.324s] Level 1:colcon.colcon_core.package_identification:_identify(src/racing/racing_stage2_param_test) by extensions ['ros']
[2.324s] Level 1:colcon.colcon_core.package_identification:_identify(src/racing/racing_stage2_param_test) by extension 'ros'
[2.344s] DEBUG:colcon.colcon_core.package_identification:Package 'src/racing/racing_stage2_param_test' with type 'ros.ament_python' and name 'racing_stage2_param_test'
[2.346s] Level 1:colcon.colcon_core.package_identification:_identify(src/racing/racing_stage3) by extensions ['ignore', 'ignore_ament_install']
[2.346s] Level 1:colcon.colcon_core.package_identification:_identify(src/racing/racing_stage3) by extension 'ignore'
[2.347s] Level 1:colcon.colcon_core.package_identification:_identify(src/racing/racing_stage3) by extension 'ignore_ament_install'
[2.347s] Level 1:colcon.colcon_core.package_identification:_identify(src/racing/racing_stage3) by extensions ['colcon_pkg']
[2.347s] Level 1:colcon.colcon_core.package_identification:_identify(src/racing/racing_stage3) by extension 'colcon_pkg'
[2.348s] Level 1:colcon.colcon_core.package_identification:_identify(src/racing/racing_stage3) by extensions ['colcon_meta']
[2.348s] Level 1:colcon.colcon_core.package_identification:_identify(src/racing/racing_stage3) by extension 'colcon_meta'
[2.348s] Level 1:colcon.colcon_core.package_identification:_identify(src/racing/racing_stage3) by extensions ['ros']
[2.348s] Level 1:colcon.colcon_core.package_identification:_identify(src/racing/racing_stage3) by extension 'ros'
[2.354s] DEBUG:colcon.colcon_core.package_identification:Package 'src/racing/racing_stage3' with type 'ros.ament_python' and name 'racing_stage3'
[2.354s] Level 1:colcon.colcon_core.package_identification:_identify(src/racing/racing_stage3_param_test) by extensions ['ignore', 'ignore_ament_install']
[2.355s] Level 1:colcon.colcon_core.package_identification:_identify(src/racing/racing_stage3_param_test) by extension 'ignore'
[2.355s] Level 1:colcon.colcon_core.package_identification:_identify(src/racing/racing_stage3_param_test) by extension 'ignore_ament_install'
[2.356s] Level 1:colcon.colcon_core.package_identification:_identify(src/racing/racing_stage3_param_test) by extensions ['colcon_pkg']
[2.356s] Level 1:colcon.colcon_core.package_identification:_identify(src/racing/racing_stage3_param_test) by extension 'colcon_pkg'
[2.356s] Level 1:colcon.colcon_core.package_identification:_identify(src/racing/racing_stage3_param_test) by extensions ['colcon_meta']
[2.356s] Level 1:colcon.colcon_core.package_identification:_identify(src/racing/racing_stage3_param_test) by extension 'colcon_meta'
[2.357s] Level 1:colcon.colcon_core.package_identification:_identify(src/racing/racing_stage3_param_test) by extensions ['ros']
[2.357s] Level 1:colcon.colcon_core.package_identification:_identify(src/racing/racing_stage3_param_test) by extension 'ros'
[2.366s] DEBUG:colcon.colcon_core.package_identification:Package 'src/racing/racing_stage3_param_test' with type 'ros.ament_python' and name 'racing_stage3_param_test'
[2.367s] Level 1:colcon.colcon_core.package_identification:_identify(src/racing/racing_vision_ai) by extensions ['ignore', 'ignore_ament_install']
[2.368s] Level 1:colcon.colcon_core.package_identification:_identify(src/racing/racing_vision_ai) by extension 'ignore'
[2.368s] Level 1:colcon.colcon_core.package_identification:_identify(src/racing/racing_vision_ai) by extension 'ignore_ament_install'
[2.369s] Level 1:colcon.colcon_core.package_identification:_identify(src/racing/racing_vision_ai) by extensions ['colcon_pkg']
[2.369s] Level 1:colcon.colcon_core.package_identification:_identify(src/racing/racing_vision_ai) by extension 'colcon_pkg'
[2.370s] Level 1:colcon.colcon_core.package_identification:_identify(src/racing/racing_vision_ai) by extensions ['colcon_meta']
[2.370s] Level 1:colcon.colcon_core.package_identification:_identify(src/racing/racing_vision_ai) by extension 'colcon_meta'
[2.370s] Level 1:colcon.colcon_core.package_identification:_identify(src/racing/racing_vision_ai) by extensions ['ros']
[2.370s] Level 1:colcon.colcon_core.package_identification:_identify(src/racing/racing_vision_ai) by extension 'ros'
[2.376s] DEBUG:colcon.colcon_core.package_identification:Package 'src/racing/racing_vision_ai' with type 'ros.ament_python' and name 'racing_vision_ai'
[2.376s] Level 1:colcon.colcon_core.package_identification:_identify(src/racing/simple_avoidance) by extensions ['ignore', 'ignore_ament_install']
[2.377s] Level 1:colcon.colcon_core.package_identification:_identify(src/racing/simple_avoidance) by extension 'ignore'
[2.377s] Level 1:colcon.colcon_core.package_identification:_identify(src/racing/simple_avoidance) by extension 'ignore_ament_install'
[2.378s] Level 1:colcon.colcon_core.package_identification:_identify(src/racing/simple_avoidance) by extensions ['colcon_pkg']
[2.378s] Level 1:colcon.colcon_core.package_identification:_identify(src/racing/simple_avoidance) by extension 'colcon_pkg'
[2.378s] Level 1:colcon.colcon_core.package_identification:_identify(src/racing/simple_avoidance) by extensions ['colcon_meta']
[2.379s] Level 1:colcon.colcon_core.package_identification:_identify(src/racing/simple_avoidance) by extension 'colcon_meta'
[2.379s] Level 1:colcon.colcon_core.package_identification:_identify(src/racing/simple_avoidance) by extensions ['ros']
[2.379s] Level 1:colcon.colcon_core.package_identification:_identify(src/racing/simple_avoidance) by extension 'ros'
[2.384s] DEBUG:colcon.colcon_core.package_identification:Package 'src/racing/simple_avoidance' with type 'ros.ament_python' and name 'simple_avoidance'
[2.385s] Level 1:colcon.colcon_core.package_identification:_identify(src/racing/voice_driver) by extensions ['ignore', 'ignore_ament_install']
[2.385s] Level 1:colcon.colcon_core.package_identification:_identify(src/racing/voice_driver) by extension 'ignore'
[2.386s] Level 1:colcon.colcon_core.package_identification:_identify(src/racing/voice_driver) by extension 'ignore_ament_install'
[2.386s] Level 1:colcon.colcon_core.package_identification:_identify(src/racing/voice_driver) by extensions ['colcon_pkg']
[2.386s] Level 1:colcon.colcon_core.package_identification:_identify(src/racing/voice_driver) by extension 'colcon_pkg'
[2.387s] Level 1:colcon.colcon_core.package_identification:_identify(src/racing/voice_driver) by extensions ['colcon_meta']
[2.387s] Level 1:colcon.colcon_core.package_identification:_identify(src/racing/voice_driver) by extension 'colcon_meta'
[2.387s] Level 1:colcon.colcon_core.package_identification:_identify(src/racing/voice_driver) by extensions ['ros']
[2.387s] Level 1:colcon.colcon_core.package_identification:_identify(src/racing/voice_driver) by extension 'ros'
[2.473s] DEBUG:colcon.colcon_core.package_identification:Package 'src/racing/voice_driver' with type 'ros.ament_cmake' and name 'voice_driver'
[2.473s] Level 1:colcon.colcon_core.package_discovery:discover_packages(recursive) using defaults
[2.474s] Level 1:colcon.colcon_core.package_discovery:discover_packages(ignore) discover
[2.474s] Level 1:colcon.colcon_core.package_discovery:discover_packages(ignore) using defaults
[2.474s] Level 1:colcon.colcon_core.package_discovery:discover_packages(path) discover
[2.474s] Level 1:colcon.colcon_core.package_discovery:discover_packages(path) using defaults
[2.655s] INFO:colcon.colcon_core.package_selection:Skipping package 'racing_bringup' in 'src/racing/racing_bringup'
[2.656s] INFO:colcon.colcon_core.package_selection:Skipping package 'voice_driver' in 'src/racing/voice_driver'
[2.656s] INFO:colcon.colcon_core.package_selection:Skipping package 'utils' in 'src/origincar/utils'
[2.656s] INFO:colcon.colcon_core.package_selection:Skipping package 'simple_avoidance' in 'src/racing/simple_avoidance'
[2.657s] INFO:colcon.colcon_core.package_selection:Skipping package 'racing_vision_ai' in 'src/racing/racing_vision_ai'
[2.657s] INFO:colcon.colcon_core.package_selection:Skipping package 'racing_stage3_param_test' in 'src/racing/racing_stage3_param_test'
[2.657s] INFO:colcon.colcon_core.package_selection:Skipping package 'racing_stage3' in 'src/racing/racing_stage3'
[2.657s] INFO:colcon.colcon_core.package_selection:Skipping package 'line_follower_pkg' in 'src/origincar/line_follower_pkg'
[2.660s] Level 1:colcon.colcon_core.package_discovery:discover_packages(prefix_path) check parameters
[2.660s] Level 1:colcon.colcon_core.package_discovery:discover_packages(prefix_path) discover
[2.678s] DEBUG:colcon.colcon_installed_package_information.package_discovery:Found 21 installed packages in /home/sunrise/dev_ws/install
[2.683s] DEBUG:colcon.colcon_installed_package_information.package_discovery:Found 58 installed packages in /opt/tros/humble
[2.693s] DEBUG:colcon.colcon_installed_package_information.package_discovery:Found 292 installed packages in /opt/ros/humble
[2.711s] Level 1:colcon.colcon_core.package_discovery:discover_packages(prefix_path) using defaults
[3.026s] WARNING:colcon.colcon_core.package_selection:Some selected packages are already built in one or more underlay workspaces:
	'racing_stage1' is in: /home/sunrise/dev_ws/install/racing_stage1
	'racing_stage2' is in: /home/sunrise/dev_ws/install/racing_stage2
	'origincar_bringup' is in: /home/sunrise/dev_ws/install/origincar_bringup
If a package in a merged underlay workspace is overridden and it installs headers, then all packages in the overlay must sort their include directories by workspace order. Failure to do so may result in build failures or undefined behavior at run time.
If the overridden package is used by another package in any underlay, then the overriding package in the overlay must be API and ABI compatible or undefined behavior at run time may occur.

If you understand the risks and want to override a package anyways, add the following to the command line:
	--allow-overriding origincar_bringup racing_stage1 racing_stage2

This may be promoted to an error in a future release of colcon-override-check.
[3.035s] Level 5:colcon.colcon_core.verb:set package 'ackermann_msgs' build argument 'cmake_args' from command line to 'None'
[3.036s] Level 5:colcon.colcon_core.verb:set package 'ackermann_msgs' build argument 'cmake_target' from command line to 'None'
[3.036s] Level 5:colcon.colcon_core.verb:set package 'ackermann_msgs' build argument 'cmake_target_skip_unavailable' from command line to 'False'
[3.037s] Level 5:colcon.colcon_core.verb:set package 'ackermann_msgs' build argument 'cmake_clean_cache' from command line to 'False'
[3.037s] Level 5:colcon.colcon_core.verb:set package 'ackermann_msgs' build argument 'cmake_clean_first' from command line to 'False'
[3.037s] Level 5:colcon.colcon_core.verb:set package 'ackermann_msgs' build argument 'cmake_force_configure' from command line to 'False'
[3.038s] Level 5:colcon.colcon_core.verb:set package 'ackermann_msgs' build argument 'ament_cmake_args' from command line to 'None'
[3.038s] Level 5:colcon.colcon_core.verb:set package 'ackermann_msgs' build argument 'catkin_cmake_args' from command line to 'None'
[3.038s] Level 5:colcon.colcon_core.verb:set package 'ackermann_msgs' build argument 'catkin_skip_building_tests' from command line to 'False'
[3.039s] DEBUG:colcon.colcon_core.verb:Building package 'ackermann_msgs' with the following arguments: {'ament_cmake_args': None, 'build_base': '/home/sunrise/dev_ws/build/ackermann_msgs', 'catkin_cmake_args': None, 'catkin_skip_building_tests': False, 'cmake_args': None, 'cmake_clean_cache': False, 'cmake_clean_first': False, 'cmake_force_configure': False, 'cmake_target': None, 'cmake_target_skip_unavailable': False, 'install_base': '/home/sunrise/dev_ws/install/ackermann_msgs', 'merge_install': False, 'path': '/home/sunrise/dev_ws/src/origincar/3rdparty/ackermann_msgs-ros2', 'symlink_install': True, 'test_result_base': None}
[3.042s] Level 5:colcon.colcon_core.verb:set package 'bno055' build argument 'cmake_args' from command line to 'None'
[3.042s] Level 5:colcon.colcon_core.verb:set package 'bno055' build argument 'cmake_target' from command line to 'None'
[3.042s] Level 5:colcon.colcon_core.verb:set package 'bno055' build argument 'cmake_target_skip_unavailable' from command line to 'False'
[3.042s] Level 5:colcon.colcon_core.verb:set package 'bno055' build argument 'cmake_clean_cache' from command line to 'False'
[3.043s] Level 5:colcon.colcon_core.verb:set package 'bno055' build argument 'cmake_clean_first' from command line to 'False'
[3.043s] Level 5:colcon.colcon_core.verb:set package 'bno055' build argument 'cmake_force_configure' from command line to 'False'
[3.043s] Level 5:colcon.colcon_core.verb:set package 'bno055' build argument 'ament_cmake_args' from command line to 'None'
[3.043s] Level 5:colcon.colcon_core.verb:set package 'bno055' build argument 'catkin_cmake_args' from command line to 'None'
[3.043s] Level 5:colcon.colcon_core.verb:set package 'bno055' build argument 'catkin_skip_building_tests' from command line to 'False'
[3.044s] DEBUG:colcon.colcon_core.verb:Building package 'bno055' with the following arguments: {'ament_cmake_args': None, 'build_base': '/home/sunrise/dev_ws/build/bno055', 'catkin_cmake_args': None, 'catkin_skip_building_tests': False, 'cmake_args': None, 'cmake_clean_cache': False, 'cmake_clean_first': False, 'cmake_force_configure': False, 'cmake_target': None, 'cmake_target_skip_unavailable': False, 'install_base': '/home/sunrise/dev_ws/install/bno055', 'merge_install': False, 'path': '/home/sunrise/dev_ws/src/racing/bno055-main', 'symlink_install': True, 'test_result_base': None}
[3.046s] Level 5:colcon.colcon_core.verb:set package 'lslidar_msgs' build argument 'cmake_args' from command line to 'None'
[3.047s] Level 5:colcon.colcon_core.verb:set package 'lslidar_msgs' build argument 'cmake_target' from command line to 'None'
[3.047s] Level 5:colcon.colcon_core.verb:set package 'lslidar_msgs' build argument 'cmake_target_skip_unavailable' from command line to 'False'
[3.047s] Level 5:colcon.colcon_core.verb:set package 'lslidar_msgs' build argument 'cmake_clean_cache' from command line to 'False'
[3.047s] Level 5:colcon.colcon_core.verb:set package 'lslidar_msgs' build argument 'cmake_clean_first' from command line to 'False'
[3.047s] Level 5:colcon.colcon_core.verb:set package 'lslidar_msgs' build argument 'cmake_force_configure' from command line to 'False'
[3.048s] Level 5:colcon.colcon_core.verb:set package 'lslidar_msgs' build argument 'ament_cmake_args' from command line to 'None'
[3.048s] Level 5:colcon.colcon_core.verb:set package 'lslidar_msgs' build argument 'catkin_cmake_args' from command line to 'None'
[3.048s] Level 5:colcon.colcon_core.verb:set package 'lslidar_msgs' build argument 'catkin_skip_building_tests' from command line to 'False'
[3.048s] DEBUG:colcon.colcon_core.verb:Building package 'lslidar_msgs' with the following arguments: {'ament_cmake_args': None, 'build_base': '/home/sunrise/dev_ws/build/lslidar_msgs', 'catkin_cmake_args': None, 'catkin_skip_building_tests': False, 'cmake_args': None, 'cmake_clean_cache': False, 'cmake_clean_first': False, 'cmake_force_configure': False, 'cmake_target': None, 'cmake_target_skip_unavailable': False, 'install_base': '/home/sunrise/dev_ws/install/lslidar_msgs', 'merge_install': False, 'path': '/home/sunrise/dev_ws/src/LSLIDAR_X_ROS2-20240228/src/lslidar_msgs', 'symlink_install': True, 'test_result_base': None}
[3.051s] Level 5:colcon.colcon_core.verb:set package 'origincar_bringup' build argument 'cmake_args' from command line to 'None'
[3.051s] Level 5:colcon.colcon_core.verb:set package 'origincar_bringup' build argument 'cmake_target' from command line to 'None'
[3.052s] Level 5:colcon.colcon_core.verb:set package 'origincar_bringup' build argument 'cmake_target_skip_unavailable' from command line to 'False'
[3.052s] Level 5:colcon.colcon_core.verb:set package 'origincar_bringup' build argument 'cmake_clean_cache' from command line to 'False'
[3.052s] Level 5:colcon.colcon_core.verb:set package 'origincar_bringup' build argument 'cmake_clean_first' from command line to 'False'
[3.052s] Level 5:colcon.colcon_core.verb:set package 'origincar_bringup' build argument 'cmake_force_configure' from command line to 'False'
[3.052s] Level 5:colcon.colcon_core.verb:set package 'origincar_bringup' build argument 'ament_cmake_args' from command line to 'None'
[3.053s] Level 5:colcon.colcon_core.verb:set package 'origincar_bringup' build argument 'catkin_cmake_args' from command line to 'None'
[3.053s] Level 5:colcon.colcon_core.verb:set package 'origincar_bringup' build argument 'catkin_skip_building_tests' from command line to 'False'
[3.053s] DEBUG:colcon.colcon_core.verb:Building package 'origincar_bringup' with the following arguments: {'ament_cmake_args': None, 'build_base': '/home/sunrise/dev_ws/build/origincar_bringup', 'catkin_cmake_args': None, 'catkin_skip_building_tests': False, 'cmake_args': None, 'cmake_clean_cache': False, 'cmake_clean_first': False, 'cmake_force_configure': False, 'cmake_target': None, 'cmake_target_skip_unavailable': False, 'install_base': '/home/sunrise/dev_ws/install/origincar_bringup', 'merge_install': False, 'path': '/home/sunrise/dev_ws/src/origincar/origincar_bringup', 'symlink_install': True, 'test_result_base': None}
[3.056s] Level 5:colcon.colcon_core.verb:set package 'origincar_description' build argument 'cmake_args' from command line to 'None'
[3.056s] Level 5:colcon.colcon_core.verb:set package 'origincar_description' build argument 'cmake_target' from command line to 'None'
[3.056s] Level 5:colcon.colcon_core.verb:set package 'origincar_description' build argument 'cmake_target_skip_unavailable' from command line to 'False'
[3.056s] Level 5:colcon.colcon_core.verb:set package 'origincar_description' build argument 'cmake_clean_cache' from command line to 'False'
[3.056s] Level 5:colcon.colcon_core.verb:set package 'origincar_description' build argument 'cmake_clean_first' from command line to 'False'
[3.057s] Level 5:colcon.colcon_core.verb:set package 'origincar_description' build argument 'cmake_force_configure' from command line to 'False'
[3.057s] Level 5:colcon.colcon_core.verb:set package 'origincar_description' build argument 'ament_cmake_args' from command line to 'None'
[3.057s] Level 5:colcon.colcon_core.verb:set package 'origincar_description' build argument 'catkin_cmake_args' from command line to 'None'
[3.057s] Level 5:colcon.colcon_core.verb:set package 'origincar_description' build argument 'catkin_skip_building_tests' from command line to 'False'
[3.057s] DEBUG:colcon.colcon_core.verb:Building package 'origincar_description' with the following arguments: {'ament_cmake_args': None, 'build_base': '/home/sunrise/dev_ws/build/origincar_description', 'catkin_cmake_args': None, 'catkin_skip_building_tests': False, 'cmake_args': None, 'cmake_clean_cache': False, 'cmake_clean_first': False, 'cmake_force_configure': False, 'cmake_target': None, 'cmake_target_skip_unavailable': False, 'install_base': '/home/sunrise/dev_ws/install/origincar_description', 'merge_install': False, 'path': '/home/sunrise/dev_ws/src/origincar/origincar_description', 'symlink_install': True, 'test_result_base': None}
[3.060s] Level 5:colcon.colcon_core.verb:set package 'origincar_msg' build argument 'cmake_args' from command line to 'None'
[3.060s] Level 5:colcon.colcon_core.verb:set package 'origincar_msg' build argument 'cmake_target' from command line to 'None'
[3.060s] Level 5:colcon.colcon_core.verb:set package 'origincar_msg' build argument 'cmake_target_skip_unavailable' from command line to 'False'
[3.061s] Level 5:colcon.colcon_core.verb:set package 'origincar_msg' build argument 'cmake_clean_cache' from command line to 'False'
[3.061s] Level 5:colcon.colcon_core.verb:set package 'origincar_msg' build argument 'cmake_clean_first' from command line to 'False'
[3.061s] Level 5:colcon.colcon_core.verb:set package 'origincar_msg' build argument 'cmake_force_configure' from command line to 'False'
[3.061s] Level 5:colcon.colcon_core.verb:set package 'origincar_msg' build argument 'ament_cmake_args' from command line to 'None'
[3.061s] Level 5:colcon.colcon_core.verb:set package 'origincar_msg' build argument 'catkin_cmake_args' from command line to 'None'
[3.062s] Level 5:colcon.colcon_core.verb:set package 'origincar_msg' build argument 'catkin_skip_building_tests' from command line to 'False'
[3.062s] DEBUG:colcon.colcon_core.verb:Building package 'origincar_msg' with the following arguments: {'ament_cmake_args': None, 'build_base': '/home/sunrise/dev_ws/build/origincar_msg', 'catkin_cmake_args': None, 'catkin_skip_building_tests': False, 'cmake_args': None, 'cmake_clean_cache': False, 'cmake_clean_first': False, 'cmake_force_configure': False, 'cmake_target': None, 'cmake_target_skip_unavailable': False, 'install_base': '/home/sunrise/dev_ws/install/origincar_msg', 'merge_install': False, 'path': '/home/sunrise/dev_ws/src/origincar/origincar_msg', 'symlink_install': True, 'test_result_base': None}
[3.065s] Level 5:colcon.colcon_core.verb:set package 'qr_scanner' build argument 'cmake_args' from command line to 'None'
[3.065s] Level 5:colcon.colcon_core.verb:set package 'qr_scanner' build argument 'cmake_target' from command line to 'None'
[3.065s] Level 5:colcon.colcon_core.verb:set package 'qr_scanner' build argument 'cmake_target_skip_unavailable' from command line to 'False'
[3.065s] Level 5:colcon.colcon_core.verb:set package 'qr_scanner' build argument 'cmake_clean_cache' from command line to 'False'
[3.066s] Level 5:colcon.colcon_core.verb:set package 'qr_scanner' build argument 'cmake_clean_first' from command line to 'False'
[3.066s] Level 5:colcon.colcon_core.verb:set package 'qr_scanner' build argument 'cmake_force_configure' from command line to 'False'
[3.066s] Level 5:colcon.colcon_core.verb:set package 'qr_scanner' build argument 'ament_cmake_args' from command line to 'None'
[3.066s] Level 5:colcon.colcon_core.verb:set package 'qr_scanner' build argument 'catkin_cmake_args' from command line to 'None'
[3.066s] Level 5:colcon.colcon_core.verb:set package 'qr_scanner' build argument 'catkin_skip_building_tests' from command line to 'False'
[3.066s] DEBUG:colcon.colcon_core.verb:Building package 'qr_scanner' with the following arguments: {'ament_cmake_args': None, 'build_base': '/home/sunrise/dev_ws/build/qr_scanner', 'catkin_cmake_args': None, 'catkin_skip_building_tests': False, 'cmake_args': None, 'cmake_clean_cache': False, 'cmake_clean_first': False, 'cmake_force_configure': False, 'cmake_target': None, 'cmake_target_skip_unavailable': False, 'install_base': '/home/sunrise/dev_ws/install/qr_scanner', 'merge_install': False, 'path': '/home/sunrise/dev_ws/src/racing/qr_scanner', 'symlink_install': True, 'test_result_base': None}
[3.069s] Level 5:colcon.colcon_core.verb:set package 'serial' build argument 'cmake_args' from command line to 'None'
[3.069s] Level 5:colcon.colcon_core.verb:set package 'serial' build argument 'cmake_target' from command line to 'None'
[3.069s] Level 5:colcon.colcon_core.verb:set package 'serial' build argument 'cmake_target_skip_unavailable' from command line to 'False'
[3.070s] Level 5:colcon.colcon_core.verb:set package 'serial' build argument 'cmake_clean_cache' from command line to 'False'
[3.070s] Level 5:colcon.colcon_core.verb:set package 'serial' build argument 'cmake_clean_first' from command line to 'False'
[3.070s] Level 5:colcon.colcon_core.verb:set package 'serial' build argument 'cmake_force_configure' from command line to 'False'
[3.070s] Level 5:colcon.colcon_core.verb:set package 'serial' build argument 'ament_cmake_args' from command line to 'None'
[3.070s] Level 5:colcon.colcon_core.verb:set package 'serial' build argument 'catkin_cmake_args' from command line to 'None'
[3.070s] Level 5:colcon.colcon_core.verb:set package 'serial' build argument 'catkin_skip_building_tests' from command line to 'False'
[3.071s] DEBUG:colcon.colcon_core.verb:Building package 'serial' with the following arguments: {'ament_cmake_args': None, 'build_base': '/home/sunrise/dev_ws/build/serial', 'catkin_cmake_args': None, 'catkin_skip_building_tests': False, 'cmake_args': None, 'cmake_clean_cache': False, 'cmake_clean_first': False, 'cmake_force_configure': False, 'cmake_target': None, 'cmake_target_skip_unavailable': False, 'install_base': '/home/sunrise/dev_ws/install/serial', 'merge_install': False, 'path': '/home/sunrise/dev_ws/src/origincar/3rdparty/serial_ros2', 'symlink_install': True, 'test_result_base': None}
[3.073s] Level 5:colcon.colcon_core.verb:set package 'lslidar_driver' build argument 'cmake_args' from command line to 'None'
[3.074s] Level 5:colcon.colcon_core.verb:set package 'lslidar_driver' build argument 'cmake_target' from command line to 'None'
[3.074s] Level 5:colcon.colcon_core.verb:set package 'lslidar_driver' build argument 'cmake_target_skip_unavailable' from command line to 'False'
[3.074s] Level 5:colcon.colcon_core.verb:set package 'lslidar_driver' build argument 'cmake_clean_cache' from command line to 'False'
[3.074s] Level 5:colcon.colcon_core.verb:set package 'lslidar_driver' build argument 'cmake_clean_first' from command line to 'False'
[3.075s] Level 5:colcon.colcon_core.verb:set package 'lslidar_driver' build argument 'cmake_force_configure' from command line to 'False'
[3.075s] Level 5:colcon.colcon_core.verb:set package 'lslidar_driver' build argument 'ament_cmake_args' from command line to 'None'
[3.075s] Level 5:colcon.colcon_core.verb:set package 'lslidar_driver' build argument 'catkin_cmake_args' from command line to 'None'
[3.075s] Level 5:colcon.colcon_core.verb:set package 'lslidar_driver' build argument 'catkin_skip_building_tests' from command line to 'False'
[3.075s] DEBUG:colcon.colcon_core.verb:Building package 'lslidar_driver' with the following arguments: {'ament_cmake_args': None, 'build_base': '/home/sunrise/dev_ws/build/lslidar_driver', 'catkin_cmake_args': None, 'catkin_skip_building_tests': False, 'cmake_args': None, 'cmake_clean_cache': False, 'cmake_clean_first': False, 'cmake_force_configure': False, 'cmake_target': None, 'cmake_target_skip_unavailable': False, 'install_base': '/home/sunrise/dev_ws/install/lslidar_driver', 'merge_install': False, 'path': '/home/sunrise/dev_ws/src/LSLIDAR_X_ROS2-20240228/src/lslidar_driver', 'symlink_install': True, 'test_result_base': None}
[3.078s] Level 5:colcon.colcon_core.verb:set package 'origincar_base' build argument 'cmake_args' from command line to 'None'
[3.078s] Level 5:colcon.colcon_core.verb:set package 'origincar_base' build argument 'cmake_target' from command line to 'None'
[3.079s] Level 5:colcon.colcon_core.verb:set package 'origincar_base' build argument 'cmake_target_skip_unavailable' from command line to 'False'
[3.079s] Level 5:colcon.colcon_core.verb:set package 'origincar_base' build argument 'cmake_clean_cache' from command line to 'False'
[3.079s] Level 5:colcon.colcon_core.verb:set package 'origincar_base' build argument 'cmake_clean_first' from command line to 'False'
[3.079s] Level 5:colcon.colcon_core.verb:set package 'origincar_base' build argument 'cmake_force_configure' from command line to 'False'
[3.079s] Level 5:colcon.colcon_core.verb:set package 'origincar_base' build argument 'ament_cmake_args' from command line to 'None'
[3.080s] Level 5:colcon.colcon_core.verb:set package 'origincar_base' build argument 'catkin_cmake_args' from command line to 'None'
[3.080s] Level 5:colcon.colcon_core.verb:set package 'origincar_base' build argument 'catkin_skip_building_tests' from command line to 'False'
[3.080s] DEBUG:colcon.colcon_core.verb:Building package 'origincar_base' with the following arguments: {'ament_cmake_args': None, 'build_base': '/home/sunrise/dev_ws/build/origincar_base', 'catkin_cmake_args': None, 'catkin_skip_building_tests': False, 'cmake_args': None, 'cmake_clean_cache': False, 'cmake_clean_first': False, 'cmake_force_configure': False, 'cmake_target': None, 'cmake_target_skip_unavailable': False, 'install_base': '/home/sunrise/dev_ws/install/origincar_base', 'merge_install': False, 'path': '/home/sunrise/dev_ws/src/origincar/origincar_base', 'symlink_install': True, 'test_result_base': None}
[3.083s] Level 5:colcon.colcon_core.verb:set package 'racing_stage1' build argument 'cmake_args' from command line to 'None'
[3.083s] Level 5:colcon.colcon_core.verb:set package 'racing_stage1' build argument 'cmake_target' from command line to 'None'
[3.083s] Level 5:colcon.colcon_core.verb:set package 'racing_stage1' build argument 'cmake_target_skip_unavailable' from command line to 'False'
[3.083s] Level 5:colcon.colcon_core.verb:set package 'racing_stage1' build argument 'cmake_clean_cache' from command line to 'False'
[3.083s] Level 5:colcon.colcon_core.verb:set package 'racing_stage1' build argument 'cmake_clean_first' from command line to 'False'
[3.083s] Level 5:colcon.colcon_core.verb:set package 'racing_stage1' build argument 'cmake_force_configure' from command line to 'False'
[3.084s] Level 5:colcon.colcon_core.verb:set package 'racing_stage1' build argument 'ament_cmake_args' from command line to 'None'
[3.084s] Level 5:colcon.colcon_core.verb:set package 'racing_stage1' build argument 'catkin_cmake_args' from command line to 'None'
[3.084s] Level 5:colcon.colcon_core.verb:set package 'racing_stage1' build argument 'catkin_skip_building_tests' from command line to 'False'
[3.084s] DEBUG:colcon.colcon_core.verb:Building package 'racing_stage1' with the following arguments: {'ament_cmake_args': None, 'build_base': '/home/sunrise/dev_ws/build/racing_stage1', 'catkin_cmake_args': None, 'catkin_skip_building_tests': False, 'cmake_args': None, 'cmake_clean_cache': False, 'cmake_clean_first': False, 'cmake_force_configure': False, 'cmake_target': None, 'cmake_target_skip_unavailable': False, 'install_base': '/home/sunrise/dev_ws/install/racing_stage1', 'merge_install': False, 'path': '/home/sunrise/dev_ws/src/racing/racing_stage1', 'symlink_install': True, 'test_result_base': None}
[3.087s] Level 5:colcon.colcon_core.verb:set package 'racing_stage2' build argument 'cmake_args' from command line to 'None'
[3.087s] Level 5:colcon.colcon_core.verb:set package 'racing_stage2' build argument 'cmake_target' from command line to 'None'
[3.088s] Level 5:colcon.colcon_core.verb:set package 'racing_stage2' build argument 'cmake_target_skip_unavailable' from command line to 'False'
[3.088s] Level 5:colcon.colcon_core.verb:set package 'racing_stage2' build argument 'cmake_clean_cache' from command line to 'False'
[3.088s] Level 5:colcon.colcon_core.verb:set package 'racing_stage2' build argument 'cmake_clean_first' from command line to 'False'
[3.089s] Level 5:colcon.colcon_core.verb:set package 'racing_stage2' build argument 'cmake_force_configure' from command line to 'False'
[3.089s] Level 5:colcon.colcon_core.verb:set package 'racing_stage2' build argument 'ament_cmake_args' from command line to 'None'
[3.089s] Level 5:colcon.colcon_core.verb:set package 'racing_stage2' build argument 'catkin_cmake_args' from command line to 'None'
[3.089s] Level 5:colcon.colcon_core.verb:set package 'racing_stage2' build argument 'catkin_skip_building_tests' from command line to 'False'
[3.089s] DEBUG:colcon.colcon_core.verb:Building package 'racing_stage2' with the following arguments: {'ament_cmake_args': None, 'build_base': '/home/sunrise/dev_ws/build/racing_stage2', 'catkin_cmake_args': None, 'catkin_skip_building_tests': False, 'cmake_args': None, 'cmake_clean_cache': False, 'cmake_clean_first': False, 'cmake_force_configure': False, 'cmake_target': None, 'cmake_target_skip_unavailable': False, 'install_base': '/home/sunrise/dev_ws/install/racing_stage2', 'merge_install': False, 'path': '/home/sunrise/dev_ws/src/racing/racing_stage2', 'symlink_install': True, 'test_result_base': None}
[3.092s] Level 5:colcon.colcon_core.verb:set package 'racing_stage2_param_test' build argument 'cmake_args' from command line to 'None'
[3.093s] Level 5:colcon.colcon_core.verb:set package 'racing_stage2_param_test' build argument 'cmake_target' from command line to 'None'
[3.093s] Level 5:colcon.colcon_core.verb:set package 'racing_stage2_param_test' build argument 'cmake_target_skip_unavailable' from command line to 'False'
[3.093s] Level 5:colcon.colcon_core.verb:set package 'racing_stage2_param_test' build argument 'cmake_clean_cache' from command line to 'False'
[3.093s] Level 5:colcon.colcon_core.verb:set package 'racing_stage2_param_test' build argument 'cmake_clean_first' from command line to 'False'
[3.093s] Level 5:colcon.colcon_core.verb:set package 'racing_stage2_param_test' build argument 'cmake_force_configure' from command line to 'False'
[3.093s] Level 5:colcon.colcon_core.verb:set package 'racing_stage2_param_test' build argument 'ament_cmake_args' from command line to 'None'
[3.094s] Level 5:colcon.colcon_core.verb:set package 'racing_stage2_param_test' build argument 'catkin_cmake_args' from command line to 'None'
[3.094s] Level 5:colcon.colcon_core.verb:set package 'racing_stage2_param_test' build argument 'catkin_skip_building_tests' from command line to 'False'
[3.094s] DEBUG:colcon.colcon_core.verb:Building package 'racing_stage2_param_test' with the following arguments: {'ament_cmake_args': None, 'build_base': '/home/sunrise/dev_ws/build/racing_stage2_param_test', 'catkin_cmake_args': None, 'catkin_skip_building_tests': False, 'cmake_args': None, 'cmake_clean_cache': False, 'cmake_clean_first': False, 'cmake_force_configure': False, 'cmake_target': None, 'cmake_target_skip_unavailable': False, 'install_base': '/home/sunrise/dev_ws/install/racing_stage2_param_test', 'merge_install': False, 'path': '/home/sunrise/dev_ws/src/racing/racing_stage2_param_test', 'symlink_install': True, 'test_result_base': None}
[3.095s] INFO:colcon.colcon_core.executor:Executing jobs using 'parallel' executor
[3.101s] DEBUG:colcon.colcon_parallel_executor.executor.parallel:run_until_complete
[3.103s] INFO:colcon.colcon_ros.task.ament_cmake.build:Building ROS package in '/home/sunrise/dev_ws/src/origincar/origincar_bringup' with build type 'ament_cmake'
[3.104s] INFO:colcon.colcon_cmake.task.cmake.build:Building CMake package in '/home/sunrise/dev_ws/src/origincar/origincar_bringup'
[3.123s] INFO:colcon.colcon_core.plugin_system:Skipping extension 'colcon_core.shell.bat': Not used on non-Windows systems
[3.124s] INFO:colcon.colcon_core.shell:Skip shell extension 'powershell' for command environment: Not usable outside of PowerShell
[3.124s] DEBUG:colcon.colcon_core.shell:Skip shell extension 'dsv' for command environment
[3.156s] INFO:colcon.colcon_ros.task.ament_python.build:Building ROS package in '/home/sunrise/dev_ws/src/racing/qr_scanner' with build type 'ament_python'
[3.157s] Level 1:colcon.colcon_core.shell:create_environment_hook('qr_scanner', 'ament_prefix_path')
[3.159s] INFO:colcon.colcon_core.shell:Creating environment hook '/home/sunrise/dev_ws/install/qr_scanner/share/qr_scanner/hook/ament_prefix_path.ps1'
[3.164s] INFO:colcon.colcon_core.shell:Creating environment descriptor '/home/sunrise/dev_ws/install/qr_scanner/share/qr_scanner/hook/ament_prefix_path.dsv'
[3.167s] INFO:colcon.colcon_core.shell:Creating environment hook '/home/sunrise/dev_ws/install/qr_scanner/share/qr_scanner/hook/ament_prefix_path.sh'
[3.173s] INFO:colcon.colcon_core.shell:Skip shell extension 'powershell' for command environment: Not usable outside of PowerShell
[3.174s] DEBUG:colcon.colcon_core.shell:Skip shell extension 'dsv' for command environment
[3.203s] INFO:colcon.colcon_ros.task.ament_cmake.build:Building ROS package in '/home/sunrise/dev_ws/src/origincar/3rdparty/ackermann_msgs-ros2' with build type 'ament_cmake'
[3.204s] INFO:colcon.colcon_cmake.task.cmake.build:Building CMake package in '/home/sunrise/dev_ws/src/origincar/3rdparty/ackermann_msgs-ros2'
[3.206s] INFO:colcon.colcon_core.shell:Skip shell extension 'powershell' for command environment: Not usable outside of PowerShell
[3.207s] DEBUG:colcon.colcon_core.shell:Skip shell extension 'dsv' for command environment
[3.237s] INFO:colcon.colcon_ros.task.ament_cmake.build:Building ROS package in '/home/sunrise/dev_ws/src/LSLIDAR_X_ROS2-20240228/src/lslidar_msgs' with build type 'ament_cmake'
[3.238s] INFO:colcon.colcon_cmake.task.cmake.build:Building CMake package in '/home/sunrise/dev_ws/src/LSLIDAR_X_ROS2-20240228/src/lslidar_msgs'
[3.240s] INFO:colcon.colcon_core.shell:Skip shell extension 'powershell' for command environment: Not usable outside of PowerShell
[3.241s] DEBUG:colcon.colcon_core.shell:Skip shell extension 'dsv' for command environment
[3.269s] INFO:colcon.colcon_ros.task.ament_cmake.build:Building ROS package in '/home/sunrise/dev_ws/src/origincar/origincar_description' with build type 'ament_cmake'
[3.270s] INFO:colcon.colcon_cmake.task.cmake.build:Building CMake package in '/home/sunrise/dev_ws/src/origincar/origincar_description'
[3.272s] INFO:colcon.colcon_core.shell:Skip shell extension 'powershell' for command environment: Not usable outside of PowerShell
[3.273s] DEBUG:colcon.colcon_core.shell:Skip shell extension 'dsv' for command environment
[3.302s] INFO:colcon.colcon_ros.task.ament_cmake.build:Building ROS package in '/home/sunrise/dev_ws/src/origincar/origincar_msg' with build type 'ament_cmake'
[3.303s] INFO:colcon.colcon_cmake.task.cmake.build:Building CMake package in '/home/sunrise/dev_ws/src/origincar/origincar_msg'
[3.305s] INFO:colcon.colcon_core.shell:Skip shell extension 'powershell' for command environment: Not usable outside of PowerShell
[3.305s] DEBUG:colcon.colcon_core.shell:Skip shell extension 'dsv' for command environment
[3.335s] INFO:colcon.colcon_ros.task.ament_cmake.build:Building ROS package in '/home/sunrise/dev_ws/src/origincar/3rdparty/serial_ros2' with build type 'ament_cmake'
[3.336s] INFO:colcon.colcon_cmake.task.cmake.build:Building CMake package in '/home/sunrise/dev_ws/src/origincar/3rdparty/serial_ros2'
[3.338s] INFO:colcon.colcon_core.shell:Skip shell extension 'powershell' for command environment: Not usable outside of PowerShell
[3.339s] DEBUG:colcon.colcon_core.shell:Skip shell extension 'dsv' for command environment
[3.369s] INFO:colcon.colcon_ros.task.ament_python.build:Building ROS package in '/home/sunrise/dev_ws/src/racing/bno055-main' with build type 'ament_python'
[3.370s] Level 1:colcon.colcon_core.shell:create_environment_hook('bno055', 'ament_prefix_path')
[3.372s] INFO:colcon.colcon_core.shell:Creating environment hook '/home/sunrise/dev_ws/install/bno055/share/bno055/hook/ament_prefix_path.ps1'
[3.376s] INFO:colcon.colcon_core.shell:Creating environment descriptor '/home/sunrise/dev_ws/install/bno055/share/bno055/hook/ament_prefix_path.dsv'
[3.378s] INFO:colcon.colcon_core.shell:Creating environment hook '/home/sunrise/dev_ws/install/bno055/share/bno055/hook/ament_prefix_path.sh'
[3.383s] INFO:colcon.colcon_core.shell:Skip shell extension 'powershell' for command environment: Not usable outside of PowerShell
[3.383s] DEBUG:colcon.colcon_core.shell:Skip shell extension 'dsv' for command environment
[3.441s] DEBUG:colcon.colcon_core.event_handler.log_command:Invoking command in '/home/sunrise/dev_ws/build/origincar_bringup': CMAKE_PREFIX_PATH=${CMAKE_PREFIX_PATH}:/home/sunrise/dev_ws/install/simple_avoidance:/home/sunrise/dev_ws/install/racing_stage2_param_test:/home/sunrise/dev_ws/install/racing_vision_ai:/home/sunrise/dev_ws/install/racing_stage3_param_test:/home/sunrise/dev_ws/install/racing_bringup:/home/sunrise/dev_ws/install/racing_stage3:/home/sunrise/dev_ws/install/line_follower_pkg:/home/sunrise/dev_ws/install/racing_stage2:/home/sunrise/dev_ws/install/racing_stage1:/home/sunrise/dev_ws/install/qr_scanner:/home/sunrise/dev_ws/install/bno055:/opt/tros/humble:/opt/ros/humble /usr/bin/cmake --build /home/sunrise/dev_ws/build/origincar_bringup -- -j8 -l8
[5.632s] INFO:colcon.colcon_core.task.python.build:Building Python package in '/home/sunrise/dev_ws/src/racing/qr_scanner'
[5.633s] INFO:colcon.colcon_core.shell:Skip shell extension 'powershell' for command environment: Not usable outside of PowerShell
[5.634s] DEBUG:colcon.colcon_core.shell:Skip shell extension 'dsv' for command environment
[5.679s] DEBUG:colcon.colcon_core.event_handler.log_command:Invoking command in '/home/sunrise/dev_ws/build/ackermann_msgs': CMAKE_PREFIX_PATH=${CMAKE_PREFIX_PATH}:/home/sunrise/dev_ws/install/simple_avoidance:/home/sunrise/dev_ws/install/racing_stage2_param_test:/home/sunrise/dev_ws/install/racing_vision_ai:/home/sunrise/dev_ws/install/racing_stage3_param_test:/home/sunrise/dev_ws/install/racing_bringup:/home/sunrise/dev_ws/install/racing_stage3:/home/sunrise/dev_ws/install/line_follower_pkg:/home/sunrise/dev_ws/install/racing_stage2:/home/sunrise/dev_ws/install/racing_stage1:/home/sunrise/dev_ws/install/qr_scanner:/home/sunrise/dev_ws/install/bno055:/opt/tros/humble:/opt/ros/humble /usr/bin/cmake --build /home/sunrise/dev_ws/build/ackermann_msgs -- -j8 -l8
[5.692s] DEBUG:colcon.colcon_core.event_handler.log_command:Invoking command in '/home/sunrise/dev_ws/build/lslidar_msgs': CMAKE_PREFIX_PATH=${CMAKE_PREFIX_PATH}:/home/sunrise/dev_ws/install/simple_avoidance:/home/sunrise/dev_ws/install/racing_stage2_param_test:/home/sunrise/dev_ws/install/racing_vision_ai:/home/sunrise/dev_ws/install/racing_stage3_param_test:/home/sunrise/dev_ws/install/racing_bringup:/home/sunrise/dev_ws/install/racing_stage3:/home/sunrise/dev_ws/install/line_follower_pkg:/home/sunrise/dev_ws/install/racing_stage2:/home/sunrise/dev_ws/install/racing_stage1:/home/sunrise/dev_ws/install/qr_scanner:/home/sunrise/dev_ws/install/bno055:/opt/tros/humble:/opt/ros/humble /usr/bin/cmake --build /home/sunrise/dev_ws/build/lslidar_msgs -- -j8 -l8
[5.704s] DEBUG:colcon.colcon_core.event_handler.log_command:Invoking command in '/home/sunrise/dev_ws/build/origincar_description': CMAKE_PREFIX_PATH=${CMAKE_PREFIX_PATH}:/home/sunrise/dev_ws/install/simple_avoidance:/home/sunrise/dev_ws/install/racing_stage2_param_test:/home/sunrise/dev_ws/install/racing_vision_ai:/home/sunrise/dev_ws/install/racing_stage3_param_test:/home/sunrise/dev_ws/install/racing_bringup:/home/sunrise/dev_ws/install/racing_stage3:/home/sunrise/dev_ws/install/line_follower_pkg:/home/sunrise/dev_ws/install/racing_stage2:/home/sunrise/dev_ws/install/racing_stage1:/home/sunrise/dev_ws/install/qr_scanner:/home/sunrise/dev_ws/install/bno055:/opt/tros/humble:/opt/ros/humble /usr/bin/cmake --build /home/sunrise/dev_ws/build/origincar_description -- -j8 -l8
[5.719s] DEBUG:colcon.colcon_core.event_handler.log_command:Invoking command in '/home/sunrise/dev_ws/build/origincar_msg': CMAKE_PREFIX_PATH=${CMAKE_PREFIX_PATH}:/home/sunrise/dev_ws/install/simple_avoidance:/home/sunrise/dev_ws/install/racing_stage2_param_test:/home/sunrise/dev_ws/install/racing_vision_ai:/home/sunrise/dev_ws/install/racing_stage3_param_test:/home/sunrise/dev_ws/install/racing_bringup:/home/sunrise/dev_ws/install/racing_stage3:/home/sunrise/dev_ws/install/line_follower_pkg:/home/sunrise/dev_ws/install/racing_stage2:/home/sunrise/dev_ws/install/racing_stage1:/home/sunrise/dev_ws/install/qr_scanner:/home/sunrise/dev_ws/install/bno055:/opt/tros/humble:/opt/ros/humble /usr/bin/cmake --build /home/sunrise/dev_ws/build/origincar_msg -- -j8 -l8
[5.742s] DEBUG:colcon.colcon_core.event_handler.log_command:Invoking command in '/home/sunrise/dev_ws/build/serial': CMAKE_PREFIX_PATH=${CMAKE_PREFIX_PATH}:/home/sunrise/dev_ws/install/simple_avoidance:/home/sunrise/dev_ws/install/racing_stage2_param_test:/home/sunrise/dev_ws/install/racing_vision_ai:/home/sunrise/dev_ws/install/racing_stage3_param_test:/home/sunrise/dev_ws/install/racing_bringup:/home/sunrise/dev_ws/install/racing_stage3:/home/sunrise/dev_ws/install/line_follower_pkg:/home/sunrise/dev_ws/install/racing_stage2:/home/sunrise/dev_ws/install/racing_stage1:/home/sunrise/dev_ws/install/qr_scanner:/home/sunrise/dev_ws/install/bno055:/opt/tros/humble:/opt/ros/humble /usr/bin/cmake --build /home/sunrise/dev_ws/build/serial -- -j8 -l8
[8.759s] INFO:colcon.colcon_core.task.python.build:Building Python package in '/home/sunrise/dev_ws/src/racing/bno055-main'
[8.761s] INFO:colcon.colcon_core.shell:Skip shell extension 'powershell' for command environment: Not usable outside of PowerShell
[8.762s] DEBUG:colcon.colcon_core.shell:Skip shell extension 'dsv' for command environment
[9.014s] DEBUG:colcon.colcon_core.event_handler.log_command:Invoked command in '/home/sunrise/dev_ws/build/origincar_bringup' returned '0': CMAKE_PREFIX_PATH=${CMAKE_PREFIX_PATH}:/home/sunrise/dev_ws/install/simple_avoidance:/home/sunrise/dev_ws/install/racing_stage2_param_test:/home/sunrise/dev_ws/install/racing_vision_ai:/home/sunrise/dev_ws/install/racing_stage3_param_test:/home/sunrise/dev_ws/install/racing_bringup:/home/sunrise/dev_ws/install/racing_stage3:/home/sunrise/dev_ws/install/line_follower_pkg:/home/sunrise/dev_ws/install/racing_stage2:/home/sunrise/dev_ws/install/racing_stage1:/home/sunrise/dev_ws/install/qr_scanner:/home/sunrise/dev_ws/install/bno055:/opt/tros/humble:/opt/ros/humble /usr/bin/cmake --build /home/sunrise/dev_ws/build/origincar_bringup -- -j8 -l8
[9.053s] Level 1:colcon.colcon_core.environment:create_environment_scripts_only(origincar_bringup)
[9.066s] DEBUG:colcon.colcon_core.event_handler.log_command:Invoking command in '/home/sunrise/dev_ws/build/origincar_bringup': CMAKE_PREFIX_PATH=${CMAKE_PREFIX_PATH}:/home/sunrise/dev_ws/install/simple_avoidance:/home/sunrise/dev_ws/install/racing_stage2_param_test:/home/sunrise/dev_ws/install/racing_vision_ai:/home/sunrise/dev_ws/install/racing_stage3_param_test:/home/sunrise/dev_ws/install/racing_bringup:/home/sunrise/dev_ws/install/racing_stage3:/home/sunrise/dev_ws/install/line_follower_pkg:/home/sunrise/dev_ws/install/racing_stage2:/home/sunrise/dev_ws/install/racing_stage1:/home/sunrise/dev_ws/install/qr_scanner:/home/sunrise/dev_ws/install/bno055:/opt/tros/humble:/opt/ros/humble /usr/bin/cmake --install /home/sunrise/dev_ws/build/origincar_bringup
[9.068s] DEBUG:colcon.colcon_core.event_handler.log_command:Invoked command in '/home/sunrise/dev_ws/build/serial' returned '0': CMAKE_PREFIX_PATH=${CMAKE_PREFIX_PATH}:/home/sunrise/dev_ws/install/simple_avoidance:/home/sunrise/dev_ws/install/racing_stage2_param_test:/home/sunrise/dev_ws/install/racing_vision_ai:/home/sunrise/dev_ws/install/racing_stage3_param_test:/home/sunrise/dev_ws/install/racing_bringup:/home/sunrise/dev_ws/install/racing_stage3:/home/sunrise/dev_ws/install/line_follower_pkg:/home/sunrise/dev_ws/install/racing_stage2:/home/sunrise/dev_ws/install/racing_stage1:/home/sunrise/dev_ws/install/qr_scanner:/home/sunrise/dev_ws/install/bno055:/opt/tros/humble:/opt/ros/humble /usr/bin/cmake --build /home/sunrise/dev_ws/build/serial -- -j8 -l8
[9.071s] DEBUG:colcon.colcon_core.event_handler.log_command:Invoking command in '/home/sunrise/dev_ws/build/serial': CMAKE_PREFIX_PATH=${CMAKE_PREFIX_PATH}:/home/sunrise/dev_ws/install/simple_avoidance:/home/sunrise/dev_ws/install/racing_stage2_param_test:/home/sunrise/dev_ws/install/racing_vision_ai:/home/sunrise/dev_ws/install/racing_stage3_param_test:/home/sunrise/dev_ws/install/racing_bringup:/home/sunrise/dev_ws/install/racing_stage3:/home/sunrise/dev_ws/install/line_follower_pkg:/home/sunrise/dev_ws/install/racing_stage2:/home/sunrise/dev_ws/install/racing_stage1:/home/sunrise/dev_ws/install/qr_scanner:/home/sunrise/dev_ws/install/bno055:/opt/tros/humble:/opt/ros/humble /usr/bin/cmake --install /home/sunrise/dev_ws/build/serial
[9.075s] DEBUG:colcon.colcon_core.event_handler.log_command:Invoked command in '/home/sunrise/dev_ws/build/origincar_description' returned '0': CMAKE_PREFIX_PATH=${CMAKE_PREFIX_PATH}:/home/sunrise/dev_ws/install/simple_avoidance:/home/sunrise/dev_ws/install/racing_stage2_param_test:/home/sunrise/dev_ws/install/racing_vision_ai:/home/sunrise/dev_ws/install/racing_stage3_param_test:/home/sunrise/dev_ws/install/racing_bringup:/home/sunrise/dev_ws/install/racing_stage3:/home/sunrise/dev_ws/install/line_follower_pkg:/home/sunrise/dev_ws/install/racing_stage2:/home/sunrise/dev_ws/install/racing_stage1:/home/sunrise/dev_ws/install/qr_scanner:/home/sunrise/dev_ws/install/bno055:/opt/tros/humble:/opt/ros/humble /usr/bin/cmake --build /home/sunrise/dev_ws/build/origincar_description -- -j8 -l8
[9.087s] DEBUG:colcon.colcon_core.event_handler.log_command:Invoking command in '/home/sunrise/dev_ws/build/origincar_description': CMAKE_PREFIX_PATH=${CMAKE_PREFIX_PATH}:/home/sunrise/dev_ws/install/simple_avoidance:/home/sunrise/dev_ws/install/racing_stage2_param_test:/home/sunrise/dev_ws/install/racing_vision_ai:/home/sunrise/dev_ws/install/racing_stage3_param_test:/home/sunrise/dev_ws/install/racing_bringup:/home/sunrise/dev_ws/install/racing_stage3:/home/sunrise/dev_ws/install/line_follower_pkg:/home/sunrise/dev_ws/install/racing_stage2:/home/sunrise/dev_ws/install/racing_stage1:/home/sunrise/dev_ws/install/qr_scanner:/home/sunrise/dev_ws/install/bno055:/opt/tros/humble:/opt/ros/humble /usr/bin/cmake --install /home/sunrise/dev_ws/build/origincar_description
[9.128s] Level 1:colcon.colcon_core.environment:checking '/home/sunrise/dev_ws/install/origincar_bringup' for CMake module files
[9.151s] Level 1:colcon.colcon_core.environment:checking '/home/sunrise/dev_ws/install/origincar_bringup' for CMake config files
[9.156s] Level 1:colcon.colcon_core.shell:create_environment_hook('origincar_bringup', 'cmake_prefix_path')
[9.158s] INFO:colcon.colcon_core.shell:Creating environment hook '/home/sunrise/dev_ws/install/origincar_bringup/share/origincar_bringup/hook/cmake_prefix_path.ps1'
[9.162s] INFO:colcon.colcon_core.shell:Creating environment descriptor '/home/sunrise/dev_ws/install/origincar_bringup/share/origincar_bringup/hook/cmake_prefix_path.dsv'
[9.166s] INFO:colcon.colcon_core.shell:Creating environment hook '/home/sunrise/dev_ws/install/origincar_bringup/share/origincar_bringup/hook/cmake_prefix_path.sh'
[9.177s] Level 1:colcon.colcon_core.environment:checking '/home/sunrise/dev_ws/install/origincar_bringup/bin'
[9.178s] Level 1:colcon.colcon_core.environment:checking '/home/sunrise/dev_ws/install/origincar_bringup/lib/pkgconfig/origincar_bringup.pc'
[9.179s] Level 1:colcon.colcon_core.environment:checking '/home/sunrise/dev_ws/install/origincar_bringup/lib/python3.10/site-packages'
[9.182s] Level 1:colcon.colcon_core.environment:checking '/home/sunrise/dev_ws/install/origincar_bringup/bin'
[9.185s] INFO:colcon.colcon_core.shell:Creating package script '/home/sunrise/dev_ws/install/origincar_bringup/share/origincar_bringup/package.ps1'
[9.194s] INFO:colcon.colcon_core.shell:Creating package descriptor '/home/sunrise/dev_ws/install/origincar_bringup/share/origincar_bringup/package.dsv'
[9.241s] INFO:colcon.colcon_core.shell:Creating package script '/home/sunrise/dev_ws/install/origincar_bringup/share/origincar_bringup/package.sh'
[9.248s] INFO:colcon.colcon_core.shell:Creating package script '/home/sunrise/dev_ws/install/origincar_bringup/share/origincar_bringup/package.bash'
[9.269s] DEBUG:colcon.colcon_core.event_handler.log_command:Invoked command in '/home/sunrise/dev_ws/build/origincar_bringup' returned '0': CMAKE_PREFIX_PATH=${CMAKE_PREFIX_PATH}:/home/sunrise/dev_ws/install/simple_avoidance:/home/sunrise/dev_ws/install/racing_stage2_param_test:/home/sunrise/dev_ws/install/racing_vision_ai:/home/sunrise/dev_ws/install/racing_stage3_param_test:/home/sunrise/dev_ws/install/racing_bringup:/home/sunrise/dev_ws/install/racing_stage3:/home/sunrise/dev_ws/install/line_follower_pkg:/home/sunrise/dev_ws/install/racing_stage2:/home/sunrise/dev_ws/install/racing_stage1:/home/sunrise/dev_ws/install/qr_scanner:/home/sunrise/dev_ws/install/bno055:/opt/tros/humble:/opt/ros/humble /usr/bin/cmake --install /home/sunrise/dev_ws/build/origincar_bringup
[9.285s] INFO:colcon.colcon_core.shell:Creating package script '/home/sunrise/dev_ws/install/origincar_bringup/share/origincar_bringup/package.zsh'
[9.290s] Level 1:colcon.colcon_core.environment:create_file_with_runtime_dependencies(/home/sunrise/dev_ws/install/origincar_bringup/share/colcon-core/packages/origincar_bringup)
[9.295s] Level 1:colcon.colcon_core.environment:create_environment_scripts_only(origincar_bringup)
[9.297s] Level 1:colcon.colcon_core.environment:checking '/home/sunrise/dev_ws/install/origincar_bringup' for CMake module files
[9.300s] Level 1:colcon.colcon_core.environment:checking '/home/sunrise/dev_ws/install/origincar_bringup' for CMake config files
[9.302s] Level 1:colcon.colcon_core.shell:create_environment_hook('origincar_bringup', 'cmake_prefix_path')
[9.304s] INFO:colcon.colcon_core.shell:Creating environment hook '/home/sunrise/dev_ws/install/origincar_bringup/share/origincar_bringup/hook/cmake_prefix_path.ps1'
[9.308s] INFO:colcon.colcon_core.shell:Creating environment descriptor '/home/sunrise/dev_ws/install/origincar_bringup/share/origincar_bringup/hook/cmake_prefix_path.dsv'
[9.311s] INFO:colcon.colcon_core.shell:Creating environment hook '/home/sunrise/dev_ws/install/origincar_bringup/share/origincar_bringup/hook/cmake_prefix_path.sh'
[9.317s] Level 1:colcon.colcon_core.environment:checking '/home/sunrise/dev_ws/install/origincar_bringup/bin'
[9.318s] Level 1:colcon.colcon_core.environment:checking '/home/sunrise/dev_ws/install/origincar_bringup/lib/pkgconfig/origincar_bringup.pc'
[9.320s] Level 1:colcon.colcon_core.environment:checking '/home/sunrise/dev_ws/install/origincar_bringup/lib/python3.10/site-packages'
[9.323s] Level 1:colcon.colcon_core.environment:checking '/home/sunrise/dev_ws/install/origincar_bringup/bin'
[9.326s] INFO:colcon.colcon_core.shell:Creating package script '/home/sunrise/dev_ws/install/origincar_bringup/share/origincar_bringup/package.ps1'
[9.332s] INFO:colcon.colcon_core.shell:Creating package descriptor '/home/sunrise/dev_ws/install/origincar_bringup/share/origincar_bringup/package.dsv'
[9.337s] INFO:colcon.colcon_core.shell:Creating package script '/home/sunrise/dev_ws/install/origincar_bringup/share/origincar_bringup/package.sh'
[9.342s] INFO:colcon.colcon_core.shell:Creating package script '/home/sunrise/dev_ws/install/origincar_bringup/share/origincar_bringup/package.bash'
[9.346s] INFO:colcon.colcon_core.shell:Creating package script '/home/sunrise/dev_ws/install/origincar_bringup/share/origincar_bringup/package.zsh'
[9.350s] Level 1:colcon.colcon_core.environment:create_file_with_runtime_dependencies(/home/sunrise/dev_ws/install/origincar_bringup/share/colcon-core/packages/origincar_bringup)
[9.368s] Level 1:colcon.colcon_core.environment:create_environment_scripts_only(serial)
[9.371s] DEBUG:colcon.colcon_core.event_handler.log_command:Invoked command in '/home/sunrise/dev_ws/build/serial' returned '0': CMAKE_PREFIX_PATH=${CMAKE_PREFIX_PATH}:/home/sunrise/dev_ws/install/simple_avoidance:/home/sunrise/dev_ws/install/racing_stage2_param_test:/home/sunrise/dev_ws/install/racing_vision_ai:/home/sunrise/dev_ws/install/racing_stage3_param_test:/home/sunrise/dev_ws/install/racing_bringup:/home/sunrise/dev_ws/install/racing_stage3:/home/sunrise/dev_ws/install/line_follower_pkg:/home/sunrise/dev_ws/install/racing_stage2:/home/sunrise/dev_ws/install/racing_stage1:/home/sunrise/dev_ws/install/qr_scanner:/home/sunrise/dev_ws/install/bno055:/opt/tros/humble:/opt/ros/humble /usr/bin/cmake --install /home/sunrise/dev_ws/build/serial
[9.374s] Level 1:colcon.colcon_core.environment:checking '/home/sunrise/dev_ws/install/serial' for CMake module files
[9.378s] Level 1:colcon.colcon_core.environment:checking '/home/sunrise/dev_ws/install/serial' for CMake config files
[9.381s] Level 1:colcon.colcon_core.shell:create_environment_hook('serial', 'cmake_prefix_path')
[9.383s] INFO:colcon.colcon_core.shell:Creating environment hook '/home/sunrise/dev_ws/install/serial/share/serial/hook/cmake_prefix_path.ps1'
[9.387s] INFO:colcon.colcon_core.shell:Creating environment descriptor '/home/sunrise/dev_ws/install/serial/share/serial/hook/cmake_prefix_path.dsv'
[9.390s] INFO:colcon.colcon_core.shell:Creating environment hook '/home/sunrise/dev_ws/install/serial/share/serial/hook/cmake_prefix_path.sh'
[9.395s] Level 1:colcon.colcon_core.environment:checking '/home/sunrise/dev_ws/install/serial/lib'
[9.397s] Level 1:colcon.colcon_core.environment:checking '/home/sunrise/dev_ws/install/serial/bin'
[9.398s] Level 1:colcon.colcon_core.environment:checking '/home/sunrise/dev_ws/install/serial/lib/pkgconfig/serial.pc'
[9.399s] Level 1:colcon.colcon_core.environment:checking '/home/sunrise/dev_ws/install/serial/lib/python3.10/site-packages'
[9.402s] Level 1:colcon.colcon_core.environment:checking '/home/sunrise/dev_ws/install/serial/bin'
[9.406s] INFO:colcon.colcon_core.shell:Creating package script '/home/sunrise/dev_ws/install/serial/share/serial/package.ps1'
[9.412s] INFO:colcon.colcon_core.shell:Creating package descriptor '/home/sunrise/dev_ws/install/serial/share/serial/package.dsv'
[9.416s] INFO:colcon.colcon_core.shell:Creating package script '/home/sunrise/dev_ws/install/serial/share/serial/package.sh'
[9.421s] INFO:colcon.colcon_core.shell:Creating package script '/home/sunrise/dev_ws/install/serial/share/serial/package.bash'
[9.424s] INFO:colcon.colcon_core.shell:Creating package script '/home/sunrise/dev_ws/install/serial/share/serial/package.zsh'
[9.428s] Level 1:colcon.colcon_core.environment:create_file_with_runtime_dependencies(/home/sunrise/dev_ws/install/serial/share/colcon-core/packages/serial)
[9.433s] Level 1:colcon.colcon_core.environment:create_environment_scripts_only(serial)
[9.435s] Level 1:colcon.colcon_core.environment:checking '/home/sunrise/dev_ws/install/serial' for CMake module files
[9.440s] Level 1:colcon.colcon_core.environment:checking '/home/sunrise/dev_ws/install/serial' for CMake config files
[9.443s] Level 1:colcon.colcon_core.shell:create_environment_hook('serial', 'cmake_prefix_path')
[9.445s] INFO:colcon.colcon_core.shell:Creating environment hook '/home/sunrise/dev_ws/install/serial/share/serial/hook/cmake_prefix_path.ps1'
[9.449s] INFO:colcon.colcon_core.shell:Creating environment descriptor '/home/sunrise/dev_ws/install/serial/share/serial/hook/cmake_prefix_path.dsv'
[9.453s] INFO:colcon.colcon_core.shell:Creating environment hook '/home/sunrise/dev_ws/install/serial/share/serial/hook/cmake_prefix_path.sh'
[9.458s] Level 1:colcon.colcon_core.environment:checking '/home/sunrise/dev_ws/install/serial/lib'
[9.459s] Level 1:colcon.colcon_core.environment:checking '/home/sunrise/dev_ws/install/serial/bin'
[9.459s] Level 1:colcon.colcon_core.environment:checking '/home/sunrise/dev_ws/install/serial/lib/pkgconfig/serial.pc'
[9.461s] Level 1:colcon.colcon_core.environment:checking '/home/sunrise/dev_ws/install/serial/lib/python3.10/site-packages'
[9.464s] Level 1:colcon.colcon_core.environment:checking '/home/sunrise/dev_ws/install/serial/bin'
[9.467s] INFO:colcon.colcon_core.shell:Creating package script '/home/sunrise/dev_ws/install/serial/share/serial/package.ps1'
[9.473s] INFO:colcon.colcon_core.shell:Creating package descriptor '/home/sunrise/dev_ws/install/serial/share/serial/package.dsv'
[9.478s] INFO:colcon.colcon_core.shell:Creating package script '/home/sunrise/dev_ws/install/serial/share/serial/package.sh'
[9.482s] INFO:colcon.colcon_core.shell:Creating package script '/home/sunrise/dev_ws/install/serial/share/serial/package.bash'
[9.486s] INFO:colcon.colcon_core.shell:Creating package script '/home/sunrise/dev_ws/install/serial/share/serial/package.zsh'
[9.490s] Level 1:colcon.colcon_core.environment:create_file_with_runtime_dependencies(/home/sunrise/dev_ws/install/serial/share/colcon-core/packages/serial)
[9.496s] DEBUG:colcon.colcon_core.event_handler.log_command:Invoked command in '/home/sunrise/dev_ws/build/lslidar_msgs' returned '0': CMAKE_PREFIX_PATH=${CMAKE_PREFIX_PATH}:/home/sunrise/dev_ws/install/simple_avoidance:/home/sunrise/dev_ws/install/racing_stage2_param_test:/home/sunrise/dev_ws/install/racing_vision_ai:/home/sunrise/dev_ws/install/racing_stage3_param_test:/home/sunrise/dev_ws/install/racing_bringup:/home/sunrise/dev_ws/install/racing_stage3:/home/sunrise/dev_ws/install/line_follower_pkg:/home/sunrise/dev_ws/install/racing_stage2:/home/sunrise/dev_ws/install/racing_stage1:/home/sunrise/dev_ws/install/qr_scanner:/home/sunrise/dev_ws/install/bno055:/opt/tros/humble:/opt/ros/humble /usr/bin/cmake --build /home/sunrise/dev_ws/build/lslidar_msgs -- -j8 -l8
[9.505s] DEBUG:colcon.colcon_core.event_handler.log_command:Invoking command in '/home/sunrise/dev_ws/build/lslidar_msgs': CMAKE_PREFIX_PATH=${CMAKE_PREFIX_PATH}:/home/sunrise/dev_ws/install/simple_avoidance:/home/sunrise/dev_ws/install/racing_stage2_param_test:/home/sunrise/dev_ws/install/racing_vision_ai:/home/sunrise/dev_ws/install/racing_stage3_param_test:/home/sunrise/dev_ws/install/racing_bringup:/home/sunrise/dev_ws/install/racing_stage3:/home/sunrise/dev_ws/install/line_follower_pkg:/home/sunrise/dev_ws/install/racing_stage2:/home/sunrise/dev_ws/install/racing_stage1:/home/sunrise/dev_ws/install/qr_scanner:/home/sunrise/dev_ws/install/bno055:/opt/tros/humble:/opt/ros/humble /usr/bin/cmake --install /home/sunrise/dev_ws/build/lslidar_msgs
[9.506s] Level 1:colcon.colcon_core.environment:create_environment_scripts_only(origincar_description)
[9.508s] Level 1:colcon.colcon_core.environment:checking '/home/sunrise/dev_ws/install/origincar_description' for CMake module files
[9.512s] DEBUG:colcon.colcon_core.event_handler.log_command:Invoked command in '/home/sunrise/dev_ws/build/origincar_description' returned '0': CMAKE_PREFIX_PATH=${CMAKE_PREFIX_PATH}:/home/sunrise/dev_ws/install/simple_avoidance:/home/sunrise/dev_ws/install/racing_stage2_param_test:/home/sunrise/dev_ws/install/racing_vision_ai:/home/sunrise/dev_ws/install/racing_stage3_param_test:/home/sunrise/dev_ws/install/racing_bringup:/home/sunrise/dev_ws/install/racing_stage3:/home/sunrise/dev_ws/install/line_follower_pkg:/home/sunrise/dev_ws/install/racing_stage2:/home/sunrise/dev_ws/install/racing_stage1:/home/sunrise/dev_ws/install/qr_scanner:/home/sunrise/dev_ws/install/bno055:/opt/tros/humble:/opt/ros/humble /usr/bin/cmake --install /home/sunrise/dev_ws/build/origincar_description
[9.515s] Level 1:colcon.colcon_core.environment:checking '/home/sunrise/dev_ws/install/origincar_description' for CMake config files
[9.517s] Level 1:colcon.colcon_core.shell:create_environment_hook('origincar_description', 'cmake_prefix_path')
[9.520s] INFO:colcon.colcon_core.shell:Creating environment hook '/home/sunrise/dev_ws/install/origincar_description/share/origincar_description/hook/cmake_prefix_path.ps1'
[9.523s] INFO:colcon.colcon_core.shell:Creating environment descriptor '/home/sunrise/dev_ws/install/origincar_description/share/origincar_description/hook/cmake_prefix_path.dsv'
[9.526s] INFO:colcon.colcon_core.shell:Creating environment hook '/home/sunrise/dev_ws/install/origincar_description/share/origincar_description/hook/cmake_prefix_path.sh'
[9.530s] Level 1:colcon.colcon_core.environment:checking '/home/sunrise/dev_ws/install/origincar_description/bin'
[9.531s] Level 1:colcon.colcon_core.environment:checking '/home/sunrise/dev_ws/install/origincar_description/lib/pkgconfig/origincar_description.pc'
[9.533s] Level 1:colcon.colcon_core.environment:checking '/home/sunrise/dev_ws/install/origincar_description/lib/python3.10/site-packages'
[9.535s] Level 1:colcon.colcon_core.environment:checking '/home/sunrise/dev_ws/install/origincar_description/bin'
[9.538s] INFO:colcon.colcon_core.shell:Creating package script '/home/sunrise/dev_ws/install/origincar_description/share/origincar_description/package.ps1'
[9.542s] INFO:colcon.colcon_core.shell:Creating package descriptor '/home/sunrise/dev_ws/install/origincar_description/share/origincar_description/package.dsv'
[9.546s] INFO:colcon.colcon_core.shell:Creating package script '/home/sunrise/dev_ws/install/origincar_description/share/origincar_description/package.sh'
[9.550s] INFO:colcon.colcon_core.shell:Creating package script '/home/sunrise/dev_ws/install/origincar_description/share/origincar_description/package.bash'
[9.554s] INFO:colcon.colcon_core.shell:Creating package script '/home/sunrise/dev_ws/install/origincar_description/share/origincar_description/package.zsh'
[9.557s] Level 1:colcon.colcon_core.environment:create_file_with_runtime_dependencies(/home/sunrise/dev_ws/install/origincar_description/share/colcon-core/packages/origincar_description)
[9.563s] Level 1:colcon.colcon_core.environment:create_environment_scripts_only(origincar_description)
[9.566s] Level 1:colcon.colcon_core.environment:checking '/home/sunrise/dev_ws/install/origincar_description' for CMake module files
[9.570s] Level 1:colcon.colcon_core.environment:checking '/home/sunrise/dev_ws/install/origincar_description' for CMake config files
[9.572s] Level 1:colcon.colcon_core.shell:create_environment_hook('origincar_description', 'cmake_prefix_path')
[9.573s] INFO:colcon.colcon_core.shell:Creating environment hook '/home/sunrise/dev_ws/install/origincar_description/share/origincar_description/hook/cmake_prefix_path.ps1'
[9.577s] INFO:colcon.colcon_core.shell:Creating environment descriptor '/home/sunrise/dev_ws/install/origincar_description/share/origincar_description/hook/cmake_prefix_path.dsv'
[9.581s] INFO:colcon.colcon_core.shell:Creating environment hook '/home/sunrise/dev_ws/install/origincar_description/share/origincar_description/hook/cmake_prefix_path.sh'
[9.586s] Level 1:colcon.colcon_core.environment:checking '/home/sunrise/dev_ws/install/origincar_description/bin'
[9.587s] Level 1:colcon.colcon_core.environment:checking '/home/sunrise/dev_ws/install/origincar_description/lib/pkgconfig/origincar_description.pc'
[9.589s] Level 1:colcon.colcon_core.environment:checking '/home/sunrise/dev_ws/install/origincar_description/lib/python3.10/site-packages'
[9.593s] Level 1:colcon.colcon_core.environment:checking '/home/sunrise/dev_ws/install/origincar_description/bin'
[9.596s] INFO:colcon.colcon_core.shell:Creating package script '/home/sunrise/dev_ws/install/origincar_description/share/origincar_description/package.ps1'
[9.603s] INFO:colcon.colcon_core.shell:Creating package descriptor '/home/sunrise/dev_ws/install/origincar_description/share/origincar_description/package.dsv'
[9.608s] INFO:colcon.colcon_core.shell:Creating package script '/home/sunrise/dev_ws/install/origincar_description/share/origincar_description/package.sh'
[9.613s] INFO:colcon.colcon_core.shell:Creating package script '/home/sunrise/dev_ws/install/origincar_description/share/origincar_description/package.bash'
[9.618s] INFO:colcon.colcon_core.shell:Creating package script '/home/sunrise/dev_ws/install/origincar_description/share/origincar_description/package.zsh'
[9.623s] Level 1:colcon.colcon_core.environment:create_file_with_runtime_dependencies(/home/sunrise/dev_ws/install/origincar_description/share/colcon-core/packages/origincar_description)
[9.629s] DEBUG:colcon.colcon_core.event_handler.log_command:Invoked command in '/home/sunrise/dev_ws/build/origincar_msg' returned '0': CMAKE_PREFIX_PATH=${CMAKE_PREFIX_PATH}:/home/sunrise/dev_ws/install/simple_avoidance:/home/sunrise/dev_ws/install/racing_stage2_param_test:/home/sunrise/dev_ws/install/racing_vision_ai:/home/sunrise/dev_ws/install/racing_stage3_param_test:/home/sunrise/dev_ws/install/racing_bringup:/home/sunrise/dev_ws/install/racing_stage3:/home/sunrise/dev_ws/install/line_follower_pkg:/home/sunrise/dev_ws/install/racing_stage2:/home/sunrise/dev_ws/install/racing_stage1:/home/sunrise/dev_ws/install/qr_scanner:/home/sunrise/dev_ws/install/bno055:/opt/tros/humble:/opt/ros/humble /usr/bin/cmake --build /home/sunrise/dev_ws/build/origincar_msg -- -j8 -l8
[9.638s] DEBUG:colcon.colcon_core.event_handler.log_command:Invoking command in '/home/sunrise/dev_ws/build/origincar_msg': CMAKE_PREFIX_PATH=${CMAKE_PREFIX_PATH}:/home/sunrise/dev_ws/install/simple_avoidance:/home/sunrise/dev_ws/install/racing_stage2_param_test:/home/sunrise/dev_ws/install/racing_vision_ai:/home/sunrise/dev_ws/install/racing_stage3_param_test:/home/sunrise/dev_ws/install/racing_bringup:/home/sunrise/dev_ws/install/racing_stage3:/home/sunrise/dev_ws/install/line_follower_pkg:/home/sunrise/dev_ws/install/racing_stage2:/home/sunrise/dev_ws/install/racing_stage1:/home/sunrise/dev_ws/install/qr_scanner:/home/sunrise/dev_ws/install/bno055:/opt/tros/humble:/opt/ros/humble /usr/bin/cmake --install /home/sunrise/dev_ws/build/origincar_msg
[9.647s] DEBUG:colcon.colcon_core.event_handler.log_command:Invoked command in '/home/sunrise/dev_ws/build/ackermann_msgs' returned '0': CMAKE_PREFIX_PATH=${CMAKE_PREFIX_PATH}:/home/sunrise/dev_ws/install/simple_avoidance:/home/sunrise/dev_ws/install/racing_stage2_param_test:/home/sunrise/dev_ws/install/racing_vision_ai:/home/sunrise/dev_ws/install/racing_stage3_param_test:/home/sunrise/dev_ws/install/racing_bringup:/home/sunrise/dev_ws/install/racing_stage3:/home/sunrise/dev_ws/install/line_follower_pkg:/home/sunrise/dev_ws/install/racing_stage2:/home/sunrise/dev_ws/install/racing_stage1:/home/sunrise/dev_ws/install/qr_scanner:/home/sunrise/dev_ws/install/bno055:/opt/tros/humble:/opt/ros/humble /usr/bin/cmake --build /home/sunrise/dev_ws/build/ackermann_msgs -- -j8 -l8
[9.779s] DEBUG:colcon.colcon_core.event_handler.log_command:Invoking command in '/home/sunrise/dev_ws/build/ackermann_msgs': CMAKE_PREFIX_PATH=${CMAKE_PREFIX_PATH}:/home/sunrise/dev_ws/install/simple_avoidance:/home/sunrise/dev_ws/install/racing_stage2_param_test:/home/sunrise/dev_ws/install/racing_vision_ai:/home/sunrise/dev_ws/install/racing_stage3_param_test:/home/sunrise/dev_ws/install/racing_bringup:/home/sunrise/dev_ws/install/racing_stage3:/home/sunrise/dev_ws/install/line_follower_pkg:/home/sunrise/dev_ws/install/racing_stage2:/home/sunrise/dev_ws/install/racing_stage1:/home/sunrise/dev_ws/install/qr_scanner:/home/sunrise/dev_ws/install/bno055:/opt/tros/humble:/opt/ros/humble /usr/bin/cmake --install /home/sunrise/dev_ws/build/ackermann_msgs
[10.173s] Level 1:colcon.colcon_core.environment:create_environment_scripts_only(lslidar_msgs)
[10.175s] Level 1:colcon.colcon_core.environment:checking '/home/sunrise/dev_ws/install/lslidar_msgs' for CMake module files
[10.189s] DEBUG:colcon.colcon_core.event_handler.log_command:Invoked command in '/home/sunrise/dev_ws/build/lslidar_msgs' returned '0': CMAKE_PREFIX_PATH=${CMAKE_PREFIX_PATH}:/home/sunrise/dev_ws/install/simple_avoidance:/home/sunrise/dev_ws/install/racing_stage2_param_test:/home/sunrise/dev_ws/install/racing_vision_ai:/home/sunrise/dev_ws/install/racing_stage3_param_test:/home/sunrise/dev_ws/install/racing_bringup:/home/sunrise/dev_ws/install/racing_stage3:/home/sunrise/dev_ws/install/line_follower_pkg:/home/sunrise/dev_ws/install/racing_stage2:/home/sunrise/dev_ws/install/racing_stage1:/home/sunrise/dev_ws/install/qr_scanner:/home/sunrise/dev_ws/install/bno055:/opt/tros/humble:/opt/ros/humble /usr/bin/cmake --install /home/sunrise/dev_ws/build/lslidar_msgs
[10.191s] Level 1:colcon.colcon_core.environment:checking '/home/sunrise/dev_ws/install/lslidar_msgs' for CMake config files
[10.195s] Level 1:colcon.colcon_core.shell:create_environment_hook('lslidar_msgs', 'cmake_prefix_path')
[10.197s] INFO:colcon.colcon_core.shell:Creating environment hook '/home/sunrise/dev_ws/install/lslidar_msgs/share/lslidar_msgs/hook/cmake_prefix_path.ps1'
[10.200s] INFO:colcon.colcon_core.shell:Creating environment descriptor '/home/sunrise/dev_ws/install/lslidar_msgs/share/lslidar_msgs/hook/cmake_prefix_path.dsv'
[10.203s] INFO:colcon.colcon_core.shell:Creating environment hook '/home/sunrise/dev_ws/install/lslidar_msgs/share/lslidar_msgs/hook/cmake_prefix_path.sh'
[10.207s] Level 1:colcon.colcon_core.environment:checking '/home/sunrise/dev_ws/install/lslidar_msgs/lib'
[10.208s] Level 1:colcon.colcon_core.shell:create_environment_hook('lslidar_msgs', 'ld_library_path_lib')
[10.210s] INFO:colcon.colcon_core.shell:Creating environment hook '/home/sunrise/dev_ws/install/lslidar_msgs/share/lslidar_msgs/hook/ld_library_path_lib.ps1'
[10.213s] INFO:colcon.colcon_core.shell:Creating environment descriptor '/home/sunrise/dev_ws/install/lslidar_msgs/share/lslidar_msgs/hook/ld_library_path_lib.dsv'
[10.216s] INFO:colcon.colcon_core.shell:Creating environment hook '/home/sunrise/dev_ws/install/lslidar_msgs/share/lslidar_msgs/hook/ld_library_path_lib.sh'
[10.219s] Level 1:colcon.colcon_core.environment:checking '/home/sunrise/dev_ws/install/lslidar_msgs/bin'
[10.220s] Level 1:colcon.colcon_core.environment:checking '/home/sunrise/dev_ws/install/lslidar_msgs/lib/pkgconfig/lslidar_msgs.pc'
[10.222s] Level 1:colcon.colcon_core.environment:checking '/home/sunrise/dev_ws/install/lslidar_msgs/lib/python3.10/site-packages'
[10.225s] Level 1:colcon.colcon_core.environment:checking '/home/sunrise/dev_ws/install/lslidar_msgs/bin'
[10.228s] INFO:colcon.colcon_core.shell:Creating package script '/home/sunrise/dev_ws/install/lslidar_msgs/share/lslidar_msgs/package.ps1'
[10.235s] INFO:colcon.colcon_core.shell:Creating package descriptor '/home/sunrise/dev_ws/install/lslidar_msgs/share/lslidar_msgs/package.dsv'
[10.240s] INFO:colcon.colcon_core.shell:Creating package script '/home/sunrise/dev_ws/install/lslidar_msgs/share/lslidar_msgs/package.sh'
[10.245s] INFO:colcon.colcon_core.shell:Creating package script '/home/sunrise/dev_ws/install/lslidar_msgs/share/lslidar_msgs/package.bash'
[10.250s] INFO:colcon.colcon_core.shell:Creating package script '/home/sunrise/dev_ws/install/lslidar_msgs/share/lslidar_msgs/package.zsh'
[10.254s] Level 1:colcon.colcon_core.environment:create_file_with_runtime_dependencies(/home/sunrise/dev_ws/install/lslidar_msgs/share/colcon-core/packages/lslidar_msgs)
[10.261s] Level 1:colcon.colcon_core.environment:create_environment_scripts_only(lslidar_msgs)
[10.263s] Level 1:colcon.colcon_core.environment:checking '/home/sunrise/dev_ws/install/lslidar_msgs' for CMake module files
[10.270s] Level 1:colcon.colcon_core.environment:checking '/home/sunrise/dev_ws/install/lslidar_msgs' for CMake config files
[10.274s] Level 1:colcon.colcon_core.shell:create_environment_hook('lslidar_msgs', 'cmake_prefix_path')
[10.276s] INFO:colcon.colcon_core.shell:Creating environment hook '/home/sunrise/dev_ws/install/lslidar_msgs/share/lslidar_msgs/hook/cmake_prefix_path.ps1'
[10.279s] INFO:colcon.colcon_core.shell:Creating environment descriptor '/home/sunrise/dev_ws/install/lslidar_msgs/share/lslidar_msgs/hook/cmake_prefix_path.dsv'
[10.282s] INFO:colcon.colcon_core.shell:Creating environment hook '/home/sunrise/dev_ws/install/lslidar_msgs/share/lslidar_msgs/hook/cmake_prefix_path.sh'
[10.289s] Level 1:colcon.colcon_core.environment:checking '/home/sunrise/dev_ws/install/lslidar_msgs/lib'
[10.289s] Level 1:colcon.colcon_core.shell:create_environment_hook('lslidar_msgs', 'ld_library_path_lib')
[10.291s] INFO:colcon.colcon_core.shell:Creating environment hook '/home/sunrise/dev_ws/install/lslidar_msgs/share/lslidar_msgs/hook/ld_library_path_lib.ps1'
[10.295s] INFO:colcon.colcon_core.shell:Creating environment descriptor '/home/sunrise/dev_ws/install/lslidar_msgs/share/lslidar_msgs/hook/ld_library_path_lib.dsv'
[10.298s] INFO:colcon.colcon_core.shell:Creating environment hook '/home/sunrise/dev_ws/install/lslidar_msgs/share/lslidar_msgs/hook/ld_library_path_lib.sh'
[10.302s] Level 1:colcon.colcon_core.environment:checking '/home/sunrise/dev_ws/install/lslidar_msgs/bin'
[10.302s] Level 1:colcon.colcon_core.environment:checking '/home/sunrise/dev_ws/install/lslidar_msgs/lib/pkgconfig/lslidar_msgs.pc'
[10.304s] Level 1:colcon.colcon_core.environment:checking '/home/sunrise/dev_ws/install/lslidar_msgs/lib/python3.10/site-packages'
[10.308s] Level 1:colcon.colcon_core.environment:checking '/home/sunrise/dev_ws/install/lslidar_msgs/bin'
[10.311s] INFO:colcon.colcon_core.shell:Creating package script '/home/sunrise/dev_ws/install/lslidar_msgs/share/lslidar_msgs/package.ps1'
[10.317s] INFO:colcon.colcon_core.shell:Creating package descriptor '/home/sunrise/dev_ws/install/lslidar_msgs/share/lslidar_msgs/package.dsv'
[10.322s] INFO:colcon.colcon_core.shell:Creating package script '/home/sunrise/dev_ws/install/lslidar_msgs/share/lslidar_msgs/package.sh'
[10.327s] INFO:colcon.colcon_core.shell:Creating package script '/home/sunrise/dev_ws/install/lslidar_msgs/share/lslidar_msgs/package.bash'
[10.331s] INFO:colcon.colcon_core.shell:Creating package script '/home/sunrise/dev_ws/install/lslidar_msgs/share/lslidar_msgs/package.zsh'
[10.334s] Level 1:colcon.colcon_core.environment:create_file_with_runtime_dependencies(/home/sunrise/dev_ws/install/lslidar_msgs/share/colcon-core/packages/lslidar_msgs)
[10.338s] INFO:colcon.colcon_ros.task.ament_cmake.build:Building ROS package in '/home/sunrise/dev_ws/src/LSLIDAR_X_ROS2-20240228/src/lslidar_driver' with build type 'ament_cmake'
[10.339s] INFO:colcon.colcon_cmake.task.cmake.build:Building CMake package in '/home/sunrise/dev_ws/src/LSLIDAR_X_ROS2-20240228/src/lslidar_driver'
[10.341s] INFO:colcon.colcon_core.shell:Skip shell extension 'powershell' for command environment: Not usable outside of PowerShell
[10.343s] DEBUG:colcon.colcon_core.shell:Skip shell extension 'dsv' for command environment
[10.391s] Level 1:colcon.colcon_core.environment:create_environment_scripts_only(origincar_msg)
[10.394s] Level 1:colcon.colcon_core.environment:checking '/home/sunrise/dev_ws/install/origincar_msg' for CMake module files
[10.397s] DEBUG:colcon.colcon_core.event_handler.log_command:Invoked command in '/home/sunrise/dev_ws/build/origincar_msg' returned '0': CMAKE_PREFIX_PATH=${CMAKE_PREFIX_PATH}:/home/sunrise/dev_ws/install/simple_avoidance:/home/sunrise/dev_ws/install/racing_stage2_param_test:/home/sunrise/dev_ws/install/racing_vision_ai:/home/sunrise/dev_ws/install/racing_stage3_param_test:/home/sunrise/dev_ws/install/racing_bringup:/home/sunrise/dev_ws/install/racing_stage3:/home/sunrise/dev_ws/install/line_follower_pkg:/home/sunrise/dev_ws/install/racing_stage2:/home/sunrise/dev_ws/install/racing_stage1:/home/sunrise/dev_ws/install/qr_scanner:/home/sunrise/dev_ws/install/bno055:/opt/tros/humble:/opt/ros/humble /usr/bin/cmake --install /home/sunrise/dev_ws/build/origincar_msg
[10.401s] Level 1:colcon.colcon_core.environment:checking '/home/sunrise/dev_ws/install/origincar_msg' for CMake config files
[10.403s] Level 1:colcon.colcon_core.shell:create_environment_hook('origincar_msg', 'cmake_prefix_path')
[10.405s] INFO:colcon.colcon_core.shell:Creating environment hook '/home/sunrise/dev_ws/install/origincar_msg/share/origincar_msg/hook/cmake_prefix_path.ps1'
[10.408s] INFO:colcon.colcon_core.shell:Creating environment descriptor '/home/sunrise/dev_ws/install/origincar_msg/share/origincar_msg/hook/cmake_prefix_path.dsv'
[10.410s] INFO:colcon.colcon_core.shell:Creating environment hook '/home/sunrise/dev_ws/install/origincar_msg/share/origincar_msg/hook/cmake_prefix_path.sh'
[10.414s] Level 1:colcon.colcon_core.environment:checking '/home/sunrise/dev_ws/install/origincar_msg/lib'
[10.414s] Level 1:colcon.colcon_core.shell:create_environment_hook('origincar_msg', 'ld_library_path_lib')
[10.416s] INFO:colcon.colcon_core.shell:Creating environment hook '/home/sunrise/dev_ws/install/origincar_msg/share/origincar_msg/hook/ld_library_path_lib.ps1'
[10.419s] INFO:colcon.colcon_core.shell:Creating environment descriptor '/home/sunrise/dev_ws/install/origincar_msg/share/origincar_msg/hook/ld_library_path_lib.dsv'
[10.421s] INFO:colcon.colcon_core.shell:Creating environment hook '/home/sunrise/dev_ws/install/origincar_msg/share/origincar_msg/hook/ld_library_path_lib.sh'
[10.424s] Level 1:colcon.colcon_core.environment:checking '/home/sunrise/dev_ws/install/origincar_msg/bin'
[10.424s] Level 1:colcon.colcon_core.environment:checking '/home/sunrise/dev_ws/install/origincar_msg/lib/pkgconfig/origincar_msg.pc'
[10.426s] Level 1:colcon.colcon_core.environment:checking '/home/sunrise/dev_ws/install/origincar_msg/lib/python3.10/site-packages'
[10.428s] Level 1:colcon.colcon_core.environment:checking '/home/sunrise/dev_ws/install/origincar_msg/bin'
[10.430s] INFO:colcon.colcon_core.shell:Creating package script '/home/sunrise/dev_ws/install/origincar_msg/share/origincar_msg/package.ps1'
[10.435s] INFO:colcon.colcon_core.shell:Creating package descriptor '/home/sunrise/dev_ws/install/origincar_msg/share/origincar_msg/package.dsv'
[10.437s] INFO:colcon.colcon_core.shell:Creating package script '/home/sunrise/dev_ws/install/origincar_msg/share/origincar_msg/package.sh'
[10.440s] INFO:colcon.colcon_core.shell:Creating package script '/home/sunrise/dev_ws/install/origincar_msg/share/origincar_msg/package.bash'
[10.443s] INFO:colcon.colcon_core.shell:Creating package script '/home/sunrise/dev_ws/install/origincar_msg/share/origincar_msg/package.zsh'
[10.445s] Level 1:colcon.colcon_core.environment:create_file_with_runtime_dependencies(/home/sunrise/dev_ws/install/origincar_msg/share/colcon-core/packages/origincar_msg)
[10.449s] Level 1:colcon.colcon_core.environment:create_environment_scripts_only(origincar_msg)
[10.451s] Level 1:colcon.colcon_core.environment:checking '/home/sunrise/dev_ws/install/origincar_msg' for CMake module files
[10.456s] Level 1:colcon.colcon_core.environment:checking '/home/sunrise/dev_ws/install/origincar_msg' for CMake config files
[10.458s] Level 1:colcon.colcon_core.shell:create_environment_hook('origincar_msg', 'cmake_prefix_path')
[10.460s] INFO:colcon.colcon_core.shell:Creating environment hook '/home/sunrise/dev_ws/install/origincar_msg/share/origincar_msg/hook/cmake_prefix_path.ps1'
[10.462s] INFO:colcon.colcon_core.shell:Creating environment descriptor '/home/sunrise/dev_ws/install/origincar_msg/share/origincar_msg/hook/cmake_prefix_path.dsv'
[10.465s] INFO:colcon.colcon_core.shell:Creating environment hook '/home/sunrise/dev_ws/install/origincar_msg/share/origincar_msg/hook/cmake_prefix_path.sh'
[10.468s] Level 1:colcon.colcon_core.environment:checking '/home/sunrise/dev_ws/install/origincar_msg/lib'
[10.469s] Level 1:colcon.colcon_core.shell:create_environment_hook('origincar_msg', 'ld_library_path_lib')
[10.470s] INFO:colcon.colcon_core.shell:Creating environment hook '/home/sunrise/dev_ws/install/origincar_msg/share/origincar_msg/hook/ld_library_path_lib.ps1'
[10.473s] INFO:colcon.colcon_core.shell:Creating environment descriptor '/home/sunrise/dev_ws/install/origincar_msg/share/origincar_msg/hook/ld_library_path_lib.dsv'
[10.475s] INFO:colcon.colcon_core.shell:Creating environment hook '/home/sunrise/dev_ws/install/origincar_msg/share/origincar_msg/hook/ld_library_path_lib.sh'
[10.477s] Level 1:colcon.colcon_core.environment:checking '/home/sunrise/dev_ws/install/origincar_msg/bin'
[10.478s] Level 1:colcon.colcon_core.environment:checking '/home/sunrise/dev_ws/install/origincar_msg/lib/pkgconfig/origincar_msg.pc'
[10.479s] Level 1:colcon.colcon_core.environment:checking '/home/sunrise/dev_ws/install/origincar_msg/lib/python3.10/site-packages'
[10.482s] Level 1:colcon.colcon_core.environment:checking '/home/sunrise/dev_ws/install/origincar_msg/bin'
[10.484s] INFO:colcon.colcon_core.shell:Creating package script '/home/sunrise/dev_ws/install/origincar_msg/share/origincar_msg/package.ps1'
[10.489s] INFO:colcon.colcon_core.shell:Creating package descriptor '/home/sunrise/dev_ws/install/origincar_msg/share/origincar_msg/package.dsv'
[10.492s] INFO:colcon.colcon_core.shell:Creating package script '/home/sunrise/dev_ws/install/origincar_msg/share/origincar_msg/package.sh'
[10.495s] INFO:colcon.colcon_core.shell:Creating package script '/home/sunrise/dev_ws/install/origincar_msg/share/origincar_msg/package.bash'
[10.498s] INFO:colcon.colcon_core.shell:Creating package script '/home/sunrise/dev_ws/install/origincar_msg/share/origincar_msg/package.zsh'
[10.501s] Level 1:colcon.colcon_core.environment:create_file_with_runtime_dependencies(/home/sunrise/dev_ws/install/origincar_msg/share/colcon-core/packages/origincar_msg)
[10.506s] Level 1:colcon.colcon_core.environment:create_environment_scripts_only(ackermann_msgs)
[10.508s] Level 1:colcon.colcon_core.environment:checking '/home/sunrise/dev_ws/install/ackermann_msgs' for CMake module files
[10.513s] DEBUG:colcon.colcon_core.event_handler.log_command:Invoked command in '/home/sunrise/dev_ws/build/ackermann_msgs' returned '0': CMAKE_PREFIX_PATH=${CMAKE_PREFIX_PATH}:/home/sunrise/dev_ws/install/simple_avoidance:/home/sunrise/dev_ws/install/racing_stage2_param_test:/home/sunrise/dev_ws/install/racing_vision_ai:/home/sunrise/dev_ws/install/racing_stage3_param_test:/home/sunrise/dev_ws/install/racing_bringup:/home/sunrise/dev_ws/install/racing_stage3:/home/sunrise/dev_ws/install/line_follower_pkg:/home/sunrise/dev_ws/install/racing_stage2:/home/sunrise/dev_ws/install/racing_stage1:/home/sunrise/dev_ws/install/qr_scanner:/home/sunrise/dev_ws/install/bno055:/opt/tros/humble:/opt/ros/humble /usr/bin/cmake --install /home/sunrise/dev_ws/build/ackermann_msgs
[10.516s] Level 1:colcon.colcon_core.environment:checking '/home/sunrise/dev_ws/install/ackermann_msgs' for CMake config files
[10.518s] Level 1:colcon.colcon_core.shell:create_environment_hook('ackermann_msgs', 'cmake_prefix_path')
[10.520s] INFO:colcon.colcon_core.shell:Creating environment hook '/home/sunrise/dev_ws/install/ackermann_msgs/share/ackermann_msgs/hook/cmake_prefix_path.ps1'
[10.523s] INFO:colcon.colcon_core.shell:Creating environment descriptor '/home/sunrise/dev_ws/install/ackermann_msgs/share/ackermann_msgs/hook/cmake_prefix_path.dsv'
[10.526s] INFO:colcon.colcon_core.shell:Creating environment hook '/home/sunrise/dev_ws/install/ackermann_msgs/share/ackermann_msgs/hook/cmake_prefix_path.sh'
[10.529s] Level 1:colcon.colcon_core.environment:checking '/home/sunrise/dev_ws/install/ackermann_msgs/lib'
[10.530s] Level 1:colcon.colcon_core.shell:create_environment_hook('ackermann_msgs', 'ld_library_path_lib')
[10.532s] INFO:colcon.colcon_core.shell:Creating environment hook '/home/sunrise/dev_ws/install/ackermann_msgs/share/ackermann_msgs/hook/ld_library_path_lib.ps1'
[10.534s] INFO:colcon.colcon_core.shell:Creating environment descriptor '/home/sunrise/dev_ws/install/ackermann_msgs/share/ackermann_msgs/hook/ld_library_path_lib.dsv'
[10.537s] INFO:colcon.colcon_core.shell:Creating environment hook '/home/sunrise/dev_ws/install/ackermann_msgs/share/ackermann_msgs/hook/ld_library_path_lib.sh'
[10.539s] Level 1:colcon.colcon_core.environment:checking '/home/sunrise/dev_ws/install/ackermann_msgs/bin'
[10.540s] Level 1:colcon.colcon_core.environment:checking '/home/sunrise/dev_ws/install/ackermann_msgs/lib/pkgconfig/ackermann_msgs.pc'
[10.541s] Level 1:colcon.colcon_core.environment:checking '/home/sunrise/dev_ws/install/ackermann_msgs/lib/python3.10/site-packages'
[10.543s] Level 1:colcon.colcon_core.environment:checking '/home/sunrise/dev_ws/install/ackermann_msgs/bin'
[10.546s] INFO:colcon.colcon_core.shell:Creating package script '/home/sunrise/dev_ws/install/ackermann_msgs/share/ackermann_msgs/package.ps1'
[10.550s] INFO:colcon.colcon_core.shell:Creating package descriptor '/home/sunrise/dev_ws/install/ackermann_msgs/share/ackermann_msgs/package.dsv'
[10.553s] INFO:colcon.colcon_core.shell:Creating package script '/home/sunrise/dev_ws/install/ackermann_msgs/share/ackermann_msgs/package.sh'
[10.556s] INFO:colcon.colcon_core.shell:Creating package script '/home/sunrise/dev_ws/install/ackermann_msgs/share/ackermann_msgs/package.bash'
[10.558s] INFO:colcon.colcon_core.shell:Creating package script '/home/sunrise/dev_ws/install/ackermann_msgs/share/ackermann_msgs/package.zsh'
[10.561s] Level 1:colcon.colcon_core.environment:create_file_with_runtime_dependencies(/home/sunrise/dev_ws/install/ackermann_msgs/share/colcon-core/packages/ackermann_msgs)
[10.564s] Level 1:colcon.colcon_core.environment:create_environment_scripts_only(ackermann_msgs)
[10.566s] Level 1:colcon.colcon_core.environment:checking '/home/sunrise/dev_ws/install/ackermann_msgs' for CMake module files
[10.571s] Level 1:colcon.colcon_core.environment:checking '/home/sunrise/dev_ws/install/ackermann_msgs' for CMake config files
[10.573s] Level 1:colcon.colcon_core.shell:create_environment_hook('ackermann_msgs', 'cmake_prefix_path')
[10.575s] INFO:colcon.colcon_core.shell:Creating environment hook '/home/sunrise/dev_ws/install/ackermann_msgs/share/ackermann_msgs/hook/cmake_prefix_path.ps1'
[10.578s] INFO:colcon.colcon_core.shell:Creating environment descriptor '/home/sunrise/dev_ws/install/ackermann_msgs/share/ackermann_msgs/hook/cmake_prefix_path.dsv'
[10.580s] INFO:colcon.colcon_core.shell:Creating environment hook '/home/sunrise/dev_ws/install/ackermann_msgs/share/ackermann_msgs/hook/cmake_prefix_path.sh'
[10.585s] Level 1:colcon.colcon_core.environment:checking '/home/sunrise/dev_ws/install/ackermann_msgs/lib'
[10.586s] Level 1:colcon.colcon_core.shell:create_environment_hook('ackermann_msgs', 'ld_library_path_lib')
[10.588s] INFO:colcon.colcon_core.shell:Creating environment hook '/home/sunrise/dev_ws/install/ackermann_msgs/share/ackermann_msgs/hook/ld_library_path_lib.ps1'
[10.590s] INFO:colcon.colcon_core.shell:Creating environment descriptor '/home/sunrise/dev_ws/install/ackermann_msgs/share/ackermann_msgs/hook/ld_library_path_lib.dsv'
[10.593s] INFO:colcon.colcon_core.shell:Creating environment hook '/home/sunrise/dev_ws/install/ackermann_msgs/share/ackermann_msgs/hook/ld_library_path_lib.sh'
[10.595s] Level 1:colcon.colcon_core.environment:checking '/home/sunrise/dev_ws/install/ackermann_msgs/bin'
[10.596s] Level 1:colcon.colcon_core.environment:checking '/home/sunrise/dev_ws/install/ackermann_msgs/lib/pkgconfig/ackermann_msgs.pc'
[10.597s] Level 1:colcon.colcon_core.environment:checking '/home/sunrise/dev_ws/install/ackermann_msgs/lib/python3.10/site-packages'
[10.600s] Level 1:colcon.colcon_core.environment:checking '/home/sunrise/dev_ws/install/ackermann_msgs/bin'
[10.602s] INFO:colcon.colcon_core.shell:Creating package script '/home/sunrise/dev_ws/install/ackermann_msgs/share/ackermann_msgs/package.ps1'
[10.607s] INFO:colcon.colcon_core.shell:Creating package descriptor '/home/sunrise/dev_ws/install/ackermann_msgs/share/ackermann_msgs/package.dsv'
[10.610s] INFO:colcon.colcon_core.shell:Creating package script '/home/sunrise/dev_ws/install/ackermann_msgs/share/ackermann_msgs/package.sh'
[10.614s] INFO:colcon.colcon_core.shell:Creating package script '/home/sunrise/dev_ws/install/ackermann_msgs/share/ackermann_msgs/package.bash'
[10.617s] INFO:colcon.colcon_core.shell:Creating package script '/home/sunrise/dev_ws/install/ackermann_msgs/share/ackermann_msgs/package.zsh'
[10.620s] Level 1:colcon.colcon_core.environment:create_file_with_runtime_dependencies(/home/sunrise/dev_ws/install/ackermann_msgs/share/colcon-core/packages/ackermann_msgs)
[10.622s] INFO:colcon.colcon_ros.task.ament_cmake.build:Building ROS package in '/home/sunrise/dev_ws/src/origincar/origincar_base' with build type 'ament_cmake'
[10.623s] INFO:colcon.colcon_cmake.task.cmake.build:Building CMake package in '/home/sunrise/dev_ws/src/origincar/origincar_base'
[10.625s] INFO:colcon.colcon_core.shell:Skip shell extension 'powershell' for command environment: Not usable outside of PowerShell
[10.625s] DEBUG:colcon.colcon_core.shell:Skip shell extension 'dsv' for command environment
[10.679s] DEBUG:colcon.colcon_core.event_handler.log_command:Invoking command in '/home/sunrise/dev_ws/build/lslidar_driver': CMAKE_PREFIX_PATH=/home/sunrise/dev_ws/install/lslidar_msgs:/home/sunrise/dev_ws/install/voice_driver:/home/sunrise/dev_ws/install/utils:/home/sunrise/dev_ws/install/origincar_base:/home/sunrise/dev_ws/install/serial:/home/sunrise/dev_ws/install/origincar_msg:/home/sunrise/dev_ws/install/origincar_description:/home/sunrise/dev_ws/install/origincar_bringup:/home/sunrise/dev_ws/install/lslidar_driver:/home/sunrise/dev_ws/install/ackermann_msgs:/home/sunrise/dev_ws/install/simple_avoidance:/home/sunrise/dev_ws/install/racing_stage2_param_test:/home/sunrise/dev_ws/install/racing_vision_ai:/home/sunrise/dev_ws/install/racing_stage3_param_test:/home/sunrise/dev_ws/install/racing_bringup:/home/sunrise/dev_ws/install/racing_stage3:/home/sunrise/dev_ws/install/line_follower_pkg:/home/sunrise/dev_ws/install/racing_stage2:/home/sunrise/dev_ws/install/racing_stage1:/home/sunrise/dev_ws/install/qr_scanner:/home/sunrise/dev_ws/install/bno055:/opt/tros/humble:/opt/ros/humble LD_LIBRARY_PATH=/home/sunrise/dev_ws/install/lslidar_msgs/lib:/home/sunrise/dev_ws/install/voice_driver/lib:/home/sunrise/dev_ws/install/origincar_base/lib:/home/sunrise/dev_ws/install/serial/lib:/home/sunrise/dev_ws/install/origincar_msg/lib:/home/sunrise/dev_ws/install/ackermann_msgs/lib:/opt/tros/humble/lib/aarch64-linux-gnu:/opt/tros/humble/lib:/opt/ros/humble/opt/rviz_ogre_vendor/lib:/opt/ros/humble/lib/aarch64-linux-gnu:/opt/ros/humble/lib:/usr/hobot/lib:/app/lib:/app/pub/lib:/middleware/lib:/middleware/pub/lib:/usr/hobot/lib/sensor:/system/lib:/system/usr/lib:/lib:/usr/hobot/lib:/app/lib:/app/pub/lib:/middleware/lib:/middleware/pub/lib:/usr/hobot/lib/sensor:/system/lib:/system/usr/lib:/lib /usr/bin/cmake --build /home/sunrise/dev_ws/build/lslidar_driver -- -j8 -l8
[10.714s] DEBUG:colcon.colcon_core.event_handler.log_command:Invoking command in '/home/sunrise/dev_ws/build/origincar_base': CMAKE_PREFIX_PATH=/home/sunrise/dev_ws/install/serial:/home/sunrise/dev_ws/install/origincar_msg:/home/sunrise/dev_ws/install/origincar_description:/home/sunrise/dev_ws/install/ackermann_msgs:/home/sunrise/dev_ws/install/voice_driver:/home/sunrise/dev_ws/install/utils:/home/sunrise/dev_ws/install/origincar_base:/home/sunrise/dev_ws/install/origincar_bringup:/home/sunrise/dev_ws/install/lslidar_driver:/home/sunrise/dev_ws/install/lslidar_msgs:/home/sunrise/dev_ws/install/simple_avoidance:/home/sunrise/dev_ws/install/racing_stage2_param_test:/home/sunrise/dev_ws/install/racing_vision_ai:/home/sunrise/dev_ws/install/racing_stage3_param_test:/home/sunrise/dev_ws/install/racing_bringup:/home/sunrise/dev_ws/install/racing_stage3:/home/sunrise/dev_ws/install/line_follower_pkg:/home/sunrise/dev_ws/install/racing_stage2:/home/sunrise/dev_ws/install/racing_stage1:/home/sunrise/dev_ws/install/qr_scanner:/home/sunrise/dev_ws/install/bno055:/opt/tros/humble:/opt/ros/humble LD_LIBRARY_PATH=/home/sunrise/dev_ws/install/origincar_msg/lib:/home/sunrise/dev_ws/install/ackermann_msgs/lib:/home/sunrise/dev_ws/install/voice_driver/lib:/home/sunrise/dev_ws/install/origincar_base/lib:/home/sunrise/dev_ws/install/serial/lib:/home/sunrise/dev_ws/install/lslidar_msgs/lib:/opt/tros/humble/lib/aarch64-linux-gnu:/opt/tros/humble/lib:/opt/ros/humble/opt/rviz_ogre_vendor/lib:/opt/ros/humble/lib/aarch64-linux-gnu:/opt/ros/humble/lib:/usr/hobot/lib:/app/lib:/app/pub/lib:/middleware/lib:/middleware/pub/lib:/usr/hobot/lib/sensor:/system/lib:/system/usr/lib:/lib:/usr/hobot/lib:/app/lib:/app/pub/lib:/middleware/lib:/middleware/pub/lib:/usr/hobot/lib/sensor:/system/lib:/system/usr/lib:/lib /usr/bin/cmake --build /home/sunrise/dev_ws/build/origincar_base -- -j8 -l8
[11.288s] DEBUG:colcon.colcon_core.event_handler.log_command:Invoked command in '/home/sunrise/dev_ws/build/lslidar_driver' returned '0': CMAKE_PREFIX_PATH=/home/sunrise/dev_ws/install/lslidar_msgs:/home/sunrise/dev_ws/install/voice_driver:/home/sunrise/dev_ws/install/utils:/home/sunrise/dev_ws/install/origincar_base:/home/sunrise/dev_ws/install/serial:/home/sunrise/dev_ws/install/origincar_msg:/home/sunrise/dev_ws/install/origincar_description:/home/sunrise/dev_ws/install/origincar_bringup:/home/sunrise/dev_ws/install/lslidar_driver:/home/sunrise/dev_ws/install/ackermann_msgs:/home/sunrise/dev_ws/install/simple_avoidance:/home/sunrise/dev_ws/install/racing_stage2_param_test:/home/sunrise/dev_ws/install/racing_vision_ai:/home/sunrise/dev_ws/install/racing_stage3_param_test:/home/sunrise/dev_ws/install/racing_bringup:/home/sunrise/dev_ws/install/racing_stage3:/home/sunrise/dev_ws/install/line_follower_pkg:/home/sunrise/dev_ws/install/racing_stage2:/home/sunrise/dev_ws/install/racing_stage1:/home/sunrise/dev_ws/install/qr_scanner:/home/sunrise/dev_ws/install/bno055:/opt/tros/humble:/opt/ros/humble LD_LIBRARY_PATH=/home/sunrise/dev_ws/install/lslidar_msgs/lib:/home/sunrise/dev_ws/install/voice_driver/lib:/home/sunrise/dev_ws/install/origincar_base/lib:/home/sunrise/dev_ws/install/serial/lib:/home/sunrise/dev_ws/install/origincar_msg/lib:/home/sunrise/dev_ws/install/ackermann_msgs/lib:/opt/tros/humble/lib/aarch64-linux-gnu:/opt/tros/humble/lib:/opt/ros/humble/opt/rviz_ogre_vendor/lib:/opt/ros/humble/lib/aarch64-linux-gnu:/opt/ros/humble/lib:/usr/hobot/lib:/app/lib:/app/pub/lib:/middleware/lib:/middleware/pub/lib:/usr/hobot/lib/sensor:/system/lib:/system/usr/lib:/lib:/usr/hobot/lib:/app/lib:/app/pub/lib:/middleware/lib:/middleware/pub/lib:/usr/hobot/lib/sensor:/system/lib:/system/usr/lib:/lib /usr/bin/cmake --build /home/sunrise/dev_ws/build/lslidar_driver -- -j8 -l8
[11.297s] DEBUG:colcon.colcon_core.event_handler.log_command:Invoking command in '/home/sunrise/dev_ws/build/lslidar_driver': CMAKE_PREFIX_PATH=/home/sunrise/dev_ws/install/lslidar_msgs:/home/sunrise/dev_ws/install/voice_driver:/home/sunrise/dev_ws/install/utils:/home/sunrise/dev_ws/install/origincar_base:/home/sunrise/dev_ws/install/serial:/home/sunrise/dev_ws/install/origincar_msg:/home/sunrise/dev_ws/install/origincar_description:/home/sunrise/dev_ws/install/origincar_bringup:/home/sunrise/dev_ws/install/lslidar_driver:/home/sunrise/dev_ws/install/ackermann_msgs:/home/sunrise/dev_ws/install/simple_avoidance:/home/sunrise/dev_ws/install/racing_stage2_param_test:/home/sunrise/dev_ws/install/racing_vision_ai:/home/sunrise/dev_ws/install/racing_stage3_param_test:/home/sunrise/dev_ws/install/racing_bringup:/home/sunrise/dev_ws/install/racing_stage3:/home/sunrise/dev_ws/install/line_follower_pkg:/home/sunrise/dev_ws/install/racing_stage2:/home/sunrise/dev_ws/install/racing_stage1:/home/sunrise/dev_ws/install/qr_scanner:/home/sunrise/dev_ws/install/bno055:/opt/tros/humble:/opt/ros/humble LD_LIBRARY_PATH=/home/sunrise/dev_ws/install/lslidar_msgs/lib:/home/sunrise/dev_ws/install/voice_driver/lib:/home/sunrise/dev_ws/install/origincar_base/lib:/home/sunrise/dev_ws/install/serial/lib:/home/sunrise/dev_ws/install/origincar_msg/lib:/home/sunrise/dev_ws/install/ackermann_msgs/lib:/opt/tros/humble/lib/aarch64-linux-gnu:/opt/tros/humble/lib:/opt/ros/humble/opt/rviz_ogre_vendor/lib:/opt/ros/humble/lib/aarch64-linux-gnu:/opt/ros/humble/lib:/usr/hobot/lib:/app/lib:/app/pub/lib:/middleware/lib:/middleware/pub/lib:/usr/hobot/lib/sensor:/system/lib:/system/usr/lib:/lib:/usr/hobot/lib:/app/lib:/app/pub/lib:/middleware/lib:/middleware/pub/lib:/usr/hobot/lib/sensor:/system/lib:/system/usr/lib:/lib /usr/bin/cmake --install /home/sunrise/dev_ws/build/lslidar_driver
[11.416s] Level 1:colcon.colcon_core.environment:create_environment_scripts_only(lslidar_driver)
[11.418s] Level 1:colcon.colcon_core.environment:checking '/home/sunrise/dev_ws/install/lslidar_driver' for CMake module files
[11.421s] DEBUG:colcon.colcon_core.event_handler.log_command:Invoked command in '/home/sunrise/dev_ws/build/lslidar_driver' returned '0': CMAKE_PREFIX_PATH=/home/sunrise/dev_ws/install/lslidar_msgs:/home/sunrise/dev_ws/install/voice_driver:/home/sunrise/dev_ws/install/utils:/home/sunrise/dev_ws/install/origincar_base:/home/sunrise/dev_ws/install/serial:/home/sunrise/dev_ws/install/origincar_msg:/home/sunrise/dev_ws/install/origincar_description:/home/sunrise/dev_ws/install/origincar_bringup:/home/sunrise/dev_ws/install/lslidar_driver:/home/sunrise/dev_ws/install/ackermann_msgs:/home/sunrise/dev_ws/install/simple_avoidance:/home/sunrise/dev_ws/install/racing_stage2_param_test:/home/sunrise/dev_ws/install/racing_vision_ai:/home/sunrise/dev_ws/install/racing_stage3_param_test:/home/sunrise/dev_ws/install/racing_bringup:/home/sunrise/dev_ws/install/racing_stage3:/home/sunrise/dev_ws/install/line_follower_pkg:/home/sunrise/dev_ws/install/racing_stage2:/home/sunrise/dev_ws/install/racing_stage1:/home/sunrise/dev_ws/install/qr_scanner:/home/sunrise/dev_ws/install/bno055:/opt/tros/humble:/opt/ros/humble LD_LIBRARY_PATH=/home/sunrise/dev_ws/install/lslidar_msgs/lib:/home/sunrise/dev_ws/install/voice_driver/lib:/home/sunrise/dev_ws/install/origincar_base/lib:/home/sunrise/dev_ws/install/serial/lib:/home/sunrise/dev_ws/install/origincar_msg/lib:/home/sunrise/dev_ws/install/ackermann_msgs/lib:/opt/tros/humble/lib/aarch64-linux-gnu:/opt/tros/humble/lib:/opt/ros/humble/opt/rviz_ogre_vendor/lib:/opt/ros/humble/lib/aarch64-linux-gnu:/opt/ros/humble/lib:/usr/hobot/lib:/app/lib:/app/pub/lib:/middleware/lib:/middleware/pub/lib:/usr/hobot/lib/sensor:/system/lib:/system/usr/lib:/lib:/usr/hobot/lib:/app/lib:/app/pub/lib:/middleware/lib:/middleware/pub/lib:/usr/hobot/lib/sensor:/system/lib:/system/usr/lib:/lib /usr/bin/cmake --install /home/sunrise/dev_ws/build/lslidar_driver
[11.425s] Level 1:colcon.colcon_core.environment:checking '/home/sunrise/dev_ws/install/lslidar_driver' for CMake config files
[11.427s] Level 1:colcon.colcon_core.shell:create_environment_hook('lslidar_driver', 'cmake_prefix_path')
[11.429s] INFO:colcon.colcon_core.shell:Creating environment hook '/home/sunrise/dev_ws/install/lslidar_driver/share/lslidar_driver/hook/cmake_prefix_path.ps1'
[11.432s] INFO:colcon.colcon_core.shell:Creating environment descriptor '/home/sunrise/dev_ws/install/lslidar_driver/share/lslidar_driver/hook/cmake_prefix_path.dsv'
[11.437s] INFO:colcon.colcon_core.shell:Creating environment hook '/home/sunrise/dev_ws/install/lslidar_driver/share/lslidar_driver/hook/cmake_prefix_path.sh'
[11.441s] Level 1:colcon.colcon_core.environment:checking '/home/sunrise/dev_ws/install/lslidar_driver/lib'
[11.441s] Level 1:colcon.colcon_core.environment:checking '/home/sunrise/dev_ws/install/lslidar_driver/bin'
[11.442s] Level 1:colcon.colcon_core.environment:checking '/home/sunrise/dev_ws/install/lslidar_driver/lib/pkgconfig/lslidar_driver.pc'
[11.444s] Level 1:colcon.colcon_core.environment:checking '/home/sunrise/dev_ws/install/lslidar_driver/lib/python3.10/site-packages'
[11.447s] Level 1:colcon.colcon_core.environment:checking '/home/sunrise/dev_ws/install/lslidar_driver/bin'
[11.449s] INFO:colcon.colcon_core.shell:Creating package script '/home/sunrise/dev_ws/install/lslidar_driver/share/lslidar_driver/package.ps1'
[11.453s] INFO:colcon.colcon_core.shell:Creating package descriptor '/home/sunrise/dev_ws/install/lslidar_driver/share/lslidar_driver/package.dsv'
[11.456s] INFO:colcon.colcon_core.shell:Creating package script '/home/sunrise/dev_ws/install/lslidar_driver/share/lslidar_driver/package.sh'
[11.459s] INFO:colcon.colcon_core.shell:Creating package script '/home/sunrise/dev_ws/install/lslidar_driver/share/lslidar_driver/package.bash'
[11.462s] INFO:colcon.colcon_core.shell:Creating package script '/home/sunrise/dev_ws/install/lslidar_driver/share/lslidar_driver/package.zsh'
[11.465s] Level 1:colcon.colcon_core.environment:create_file_with_runtime_dependencies(/home/sunrise/dev_ws/install/lslidar_driver/share/colcon-core/packages/lslidar_driver)
[11.469s] Level 1:colcon.colcon_core.environment:create_environment_scripts_only(lslidar_driver)
[11.471s] Level 1:colcon.colcon_core.environment:checking '/home/sunrise/dev_ws/install/lslidar_driver' for CMake module files
[11.476s] Level 1:colcon.colcon_core.environment:checking '/home/sunrise/dev_ws/install/lslidar_driver' for CMake config files
[11.478s] Level 1:colcon.colcon_core.shell:create_environment_hook('lslidar_driver', 'cmake_prefix_path')
[11.480s] INFO:colcon.colcon_core.shell:Creating environment hook '/home/sunrise/dev_ws/install/lslidar_driver/share/lslidar_driver/hook/cmake_prefix_path.ps1'
[11.483s] INFO:colcon.colcon_core.shell:Creating environment descriptor '/home/sunrise/dev_ws/install/lslidar_driver/share/lslidar_driver/hook/cmake_prefix_path.dsv'
[11.485s] INFO:colcon.colcon_core.shell:Creating environment hook '/home/sunrise/dev_ws/install/lslidar_driver/share/lslidar_driver/hook/cmake_prefix_path.sh'
[11.489s] Level 1:colcon.colcon_core.environment:checking '/home/sunrise/dev_ws/install/lslidar_driver/lib'
[11.490s] Level 1:colcon.colcon_core.environment:checking '/home/sunrise/dev_ws/install/lslidar_driver/bin'
[11.491s] Level 1:colcon.colcon_core.environment:checking '/home/sunrise/dev_ws/install/lslidar_driver/lib/pkgconfig/lslidar_driver.pc'
[11.492s] Level 1:colcon.colcon_core.environment:checking '/home/sunrise/dev_ws/install/lslidar_driver/lib/python3.10/site-packages'
[11.496s] Level 1:colcon.colcon_core.environment:checking '/home/sunrise/dev_ws/install/lslidar_driver/bin'
[11.498s] INFO:colcon.colcon_core.shell:Creating package script '/home/sunrise/dev_ws/install/lslidar_driver/share/lslidar_driver/package.ps1'
[11.503s] INFO:colcon.colcon_core.shell:Creating package descriptor '/home/sunrise/dev_ws/install/lslidar_driver/share/lslidar_driver/package.dsv'
[11.506s] INFO:colcon.colcon_core.shell:Creating package script '/home/sunrise/dev_ws/install/lslidar_driver/share/lslidar_driver/package.sh'
[11.510s] INFO:colcon.colcon_core.shell:Creating package script '/home/sunrise/dev_ws/install/lslidar_driver/share/lslidar_driver/package.bash'
[11.513s] INFO:colcon.colcon_core.shell:Creating package script '/home/sunrise/dev_ws/install/lslidar_driver/share/lslidar_driver/package.zsh'
[11.516s] Level 1:colcon.colcon_core.environment:create_file_with_runtime_dependencies(/home/sunrise/dev_ws/install/lslidar_driver/share/colcon-core/packages/lslidar_driver)
[12.234s] DEBUG:colcon.colcon_core.event_handler.log_command:Invoking command in '/home/sunrise/dev_ws/build/qr_scanner': PYTHONPATH=/home/sunrise/dev_ws/build/qr_scanner/prefix_override:/usr/lib/python3/dist-packages/colcon_core/task/python/colcon_distutils_commands:/home/sunrise/dev_ws/install/qr_scanner/lib/python3.10/site-packages:${PYTHONPATH} /usr/bin/python3 -W ignore:setup.py install is deprecated -W ignore:easy_install command is deprecated setup.py develop --editable --build-directory /home/sunrise/dev_ws/build/qr_scanner/build --no-deps symlink_data
[12.278s] DEBUG:colcon.colcon_core.event_handler.log_command:Invoking command in '/home/sunrise/dev_ws/build/bno055': PYTHONPATH=/home/sunrise/dev_ws/build/bno055/prefix_override:/usr/lib/python3/dist-packages/colcon_core/task/python/colcon_distutils_commands:/home/sunrise/dev_ws/install/bno055/lib/python3.10/site-packages:${PYTHONPATH} /usr/bin/python3 -W ignore:setup.py install is deprecated -W ignore:easy_install command is deprecated setup.py develop --editable --build-directory /home/sunrise/dev_ws/build/bno055/build --no-deps symlink_data
[13.565s] DEBUG:colcon.colcon_core.event_handler.log_command:Invoked command in '/home/sunrise/dev_ws/build/origincar_base' returned '0': CMAKE_PREFIX_PATH=/home/sunrise/dev_ws/install/serial:/home/sunrise/dev_ws/install/origincar_msg:/home/sunrise/dev_ws/install/origincar_description:/home/sunrise/dev_ws/install/ackermann_msgs:/home/sunrise/dev_ws/install/voice_driver:/home/sunrise/dev_ws/install/utils:/home/sunrise/dev_ws/install/origincar_base:/home/sunrise/dev_ws/install/origincar_bringup:/home/sunrise/dev_ws/install/lslidar_driver:/home/sunrise/dev_ws/install/lslidar_msgs:/home/sunrise/dev_ws/install/simple_avoidance:/home/sunrise/dev_ws/install/racing_stage2_param_test:/home/sunrise/dev_ws/install/racing_vision_ai:/home/sunrise/dev_ws/install/racing_stage3_param_test:/home/sunrise/dev_ws/install/racing_bringup:/home/sunrise/dev_ws/install/racing_stage3:/home/sunrise/dev_ws/install/line_follower_pkg:/home/sunrise/dev_ws/install/racing_stage2:/home/sunrise/dev_ws/install/racing_stage1:/home/sunrise/dev_ws/install/qr_scanner:/home/sunrise/dev_ws/install/bno055:/opt/tros/humble:/opt/ros/humble LD_LIBRARY_PATH=/home/sunrise/dev_ws/install/origincar_msg/lib:/home/sunrise/dev_ws/install/ackermann_msgs/lib:/home/sunrise/dev_ws/install/voice_driver/lib:/home/sunrise/dev_ws/install/origincar_base/lib:/home/sunrise/dev_ws/install/serial/lib:/home/sunrise/dev_ws/install/lslidar_msgs/lib:/opt/tros/humble/lib/aarch64-linux-gnu:/opt/tros/humble/lib:/opt/ros/humble/opt/rviz_ogre_vendor/lib:/opt/ros/humble/lib/aarch64-linux-gnu:/opt/ros/humble/lib:/usr/hobot/lib:/app/lib:/app/pub/lib:/middleware/lib:/middleware/pub/lib:/usr/hobot/lib/sensor:/system/lib:/system/usr/lib:/lib:/usr/hobot/lib:/app/lib:/app/pub/lib:/middleware/lib:/middleware/pub/lib:/usr/hobot/lib/sensor:/system/lib:/system/usr/lib:/lib /usr/bin/cmake --build /home/sunrise/dev_ws/build/origincar_base -- -j8 -l8
[13.573s] DEBUG:colcon.colcon_core.event_handler.log_command:Invoking command in '/home/sunrise/dev_ws/build/origincar_base': CMAKE_PREFIX_PATH=/home/sunrise/dev_ws/install/serial:/home/sunrise/dev_ws/install/origincar_msg:/home/sunrise/dev_ws/install/origincar_description:/home/sunrise/dev_ws/install/ackermann_msgs:/home/sunrise/dev_ws/install/voice_driver:/home/sunrise/dev_ws/install/utils:/home/sunrise/dev_ws/install/origincar_base:/home/sunrise/dev_ws/install/origincar_bringup:/home/sunrise/dev_ws/install/lslidar_driver:/home/sunrise/dev_ws/install/lslidar_msgs:/home/sunrise/dev_ws/install/simple_avoidance:/home/sunrise/dev_ws/install/racing_stage2_param_test:/home/sunrise/dev_ws/install/racing_vision_ai:/home/sunrise/dev_ws/install/racing_stage3_param_test:/home/sunrise/dev_ws/install/racing_bringup:/home/sunrise/dev_ws/install/racing_stage3:/home/sunrise/dev_ws/install/line_follower_pkg:/home/sunrise/dev_ws/install/racing_stage2:/home/sunrise/dev_ws/install/racing_stage1:/home/sunrise/dev_ws/install/qr_scanner:/home/sunrise/dev_ws/install/bno055:/opt/tros/humble:/opt/ros/humble LD_LIBRARY_PATH=/home/sunrise/dev_ws/install/origincar_msg/lib:/home/sunrise/dev_ws/install/ackermann_msgs/lib:/home/sunrise/dev_ws/install/voice_driver/lib:/home/sunrise/dev_ws/install/origincar_base/lib:/home/sunrise/dev_ws/install/serial/lib:/home/sunrise/dev_ws/install/lslidar_msgs/lib:/opt/tros/humble/lib/aarch64-linux-gnu:/opt/tros/humble/lib:/opt/ros/humble/opt/rviz_ogre_vendor/lib:/opt/ros/humble/lib/aarch64-linux-gnu:/opt/ros/humble/lib:/usr/hobot/lib:/app/lib:/app/pub/lib:/middleware/lib:/middleware/pub/lib:/usr/hobot/lib/sensor:/system/lib:/system/usr/lib:/lib:/usr/hobot/lib:/app/lib:/app/pub/lib:/middleware/lib:/middleware/pub/lib:/usr/hobot/lib/sensor:/system/lib:/system/usr/lib:/lib /usr/bin/cmake --install /home/sunrise/dev_ws/build/origincar_base
[14.127s] Level 1:colcon.colcon_core.environment:create_environment_scripts_only(origincar_base)
[14.130s] Level 1:colcon.colcon_core.environment:checking '/home/sunrise/dev_ws/install/origincar_base' for CMake module files
[14.132s] DEBUG:colcon.colcon_core.event_handler.log_command:Invoked command in '/home/sunrise/dev_ws/build/origincar_base' returned '0': CMAKE_PREFIX_PATH=/home/sunrise/dev_ws/install/serial:/home/sunrise/dev_ws/install/origincar_msg:/home/sunrise/dev_ws/install/origincar_description:/home/sunrise/dev_ws/install/ackermann_msgs:/home/sunrise/dev_ws/install/voice_driver:/home/sunrise/dev_ws/install/utils:/home/sunrise/dev_ws/install/origincar_base:/home/sunrise/dev_ws/install/origincar_bringup:/home/sunrise/dev_ws/install/lslidar_driver:/home/sunrise/dev_ws/install/lslidar_msgs:/home/sunrise/dev_ws/install/simple_avoidance:/home/sunrise/dev_ws/install/racing_stage2_param_test:/home/sunrise/dev_ws/install/racing_vision_ai:/home/sunrise/dev_ws/install/racing_stage3_param_test:/home/sunrise/dev_ws/install/racing_bringup:/home/sunrise/dev_ws/install/racing_stage3:/home/sunrise/dev_ws/install/line_follower_pkg:/home/sunrise/dev_ws/install/racing_stage2:/home/sunrise/dev_ws/install/racing_stage1:/home/sunrise/dev_ws/install/qr_scanner:/home/sunrise/dev_ws/install/bno055:/opt/tros/humble:/opt/ros/humble LD_LIBRARY_PATH=/home/sunrise/dev_ws/install/origincar_msg/lib:/home/sunrise/dev_ws/install/ackermann_msgs/lib:/home/sunrise/dev_ws/install/voice_driver/lib:/home/sunrise/dev_ws/install/origincar_base/lib:/home/sunrise/dev_ws/install/serial/lib:/home/sunrise/dev_ws/install/lslidar_msgs/lib:/opt/tros/humble/lib/aarch64-linux-gnu:/opt/tros/humble/lib:/opt/ros/humble/opt/rviz_ogre_vendor/lib:/opt/ros/humble/lib/aarch64-linux-gnu:/opt/ros/humble/lib:/usr/hobot/lib:/app/lib:/app/pub/lib:/middleware/lib:/middleware/pub/lib:/usr/hobot/lib/sensor:/system/lib:/system/usr/lib:/lib:/usr/hobot/lib:/app/lib:/app/pub/lib:/middleware/lib:/middleware/pub/lib:/usr/hobot/lib/sensor:/system/lib:/system/usr/lib:/lib /usr/bin/cmake --install /home/sunrise/dev_ws/build/origincar_base
[14.136s] Level 1:colcon.colcon_core.environment:checking '/home/sunrise/dev_ws/install/origincar_base' for CMake config files
[14.139s] Level 1:colcon.colcon_core.shell:create_environment_hook('origincar_base', 'cmake_prefix_path')
[14.140s] INFO:colcon.colcon_core.shell:Creating environment hook '/home/sunrise/dev_ws/install/origincar_base/share/origincar_base/hook/cmake_prefix_path.ps1'
[14.143s] INFO:colcon.colcon_core.shell:Creating environment descriptor '/home/sunrise/dev_ws/install/origincar_base/share/origincar_base/hook/cmake_prefix_path.dsv'
[14.145s] INFO:colcon.colcon_core.shell:Creating environment hook '/home/sunrise/dev_ws/install/origincar_base/share/origincar_base/hook/cmake_prefix_path.sh'
[14.149s] Level 1:colcon.colcon_core.environment:checking '/home/sunrise/dev_ws/install/origincar_base/lib'
[14.149s] Level 1:colcon.colcon_core.shell:create_environment_hook('origincar_base', 'ld_library_path_lib')
[14.151s] INFO:colcon.colcon_core.shell:Creating environment hook '/home/sunrise/dev_ws/install/origincar_base/share/origincar_base/hook/ld_library_path_lib.ps1'
[14.153s] INFO:colcon.colcon_core.shell:Creating environment descriptor '/home/sunrise/dev_ws/install/origincar_base/share/origincar_base/hook/ld_library_path_lib.dsv'
[14.156s] INFO:colcon.colcon_core.shell:Creating environment hook '/home/sunrise/dev_ws/install/origincar_base/share/origincar_base/hook/ld_library_path_lib.sh'
[14.159s] Level 1:colcon.colcon_core.environment:checking '/home/sunrise/dev_ws/install/origincar_base/bin'
[14.160s] Level 1:colcon.colcon_core.environment:checking '/home/sunrise/dev_ws/install/origincar_base/lib/pkgconfig/origincar_base.pc'
[14.161s] Level 1:colcon.colcon_core.environment:checking '/home/sunrise/dev_ws/install/origincar_base/lib/python3.10/site-packages'
[14.164s] Level 1:colcon.colcon_core.environment:checking '/home/sunrise/dev_ws/install/origincar_base/bin'
[14.167s] INFO:colcon.colcon_core.shell:Creating package script '/home/sunrise/dev_ws/install/origincar_base/share/origincar_base/package.ps1'
[14.171s] INFO:colcon.colcon_core.shell:Creating package descriptor '/home/sunrise/dev_ws/install/origincar_base/share/origincar_base/package.dsv'
[14.174s] INFO:colcon.colcon_core.shell:Creating package script '/home/sunrise/dev_ws/install/origincar_base/share/origincar_base/package.sh'
[14.177s] INFO:colcon.colcon_core.shell:Creating package script '/home/sunrise/dev_ws/install/origincar_base/share/origincar_base/package.bash'
[14.180s] INFO:colcon.colcon_core.shell:Creating package script '/home/sunrise/dev_ws/install/origincar_base/share/origincar_base/package.zsh'
[14.182s] Level 1:colcon.colcon_core.environment:create_file_with_runtime_dependencies(/home/sunrise/dev_ws/install/origincar_base/share/colcon-core/packages/origincar_base)
[14.186s] Level 1:colcon.colcon_core.environment:create_environment_scripts_only(origincar_base)
[14.188s] Level 1:colcon.colcon_core.environment:checking '/home/sunrise/dev_ws/install/origincar_base' for CMake module files
[14.193s] Level 1:colcon.colcon_core.environment:checking '/home/sunrise/dev_ws/install/origincar_base' for CMake config files
[14.196s] Level 1:colcon.colcon_core.shell:create_environment_hook('origincar_base', 'cmake_prefix_path')
[14.197s] INFO:colcon.colcon_core.shell:Creating environment hook '/home/sunrise/dev_ws/install/origincar_base/share/origincar_base/hook/cmake_prefix_path.ps1'
[14.202s] INFO:colcon.colcon_core.shell:Creating environment descriptor '/home/sunrise/dev_ws/install/origincar_base/share/origincar_base/hook/cmake_prefix_path.dsv'
[14.204s] INFO:colcon.colcon_core.shell:Creating environment hook '/home/sunrise/dev_ws/install/origincar_base/share/origincar_base/hook/cmake_prefix_path.sh'
[14.208s] Level 1:colcon.colcon_core.environment:checking '/home/sunrise/dev_ws/install/origincar_base/lib'
[14.208s] Level 1:colcon.colcon_core.shell:create_environment_hook('origincar_base', 'ld_library_path_lib')
[14.210s] INFO:colcon.colcon_core.shell:Creating environment hook '/home/sunrise/dev_ws/install/origincar_base/share/origincar_base/hook/ld_library_path_lib.ps1'
[14.213s] INFO:colcon.colcon_core.shell:Creating environment descriptor '/home/sunrise/dev_ws/install/origincar_base/share/origincar_base/hook/ld_library_path_lib.dsv'
[14.215s] INFO:colcon.colcon_core.shell:Creating environment hook '/home/sunrise/dev_ws/install/origincar_base/share/origincar_base/hook/ld_library_path_lib.sh'
[14.218s] Level 1:colcon.colcon_core.environment:checking '/home/sunrise/dev_ws/install/origincar_base/bin'
[14.218s] Level 1:colcon.colcon_core.environment:checking '/home/sunrise/dev_ws/install/origincar_base/lib/pkgconfig/origincar_base.pc'
[14.220s] Level 1:colcon.colcon_core.environment:checking '/home/sunrise/dev_ws/install/origincar_base/lib/python3.10/site-packages'
[14.222s] Level 1:colcon.colcon_core.environment:checking '/home/sunrise/dev_ws/install/origincar_base/bin'
[14.225s] INFO:colcon.colcon_core.shell:Creating package script '/home/sunrise/dev_ws/install/origincar_base/share/origincar_base/package.ps1'
[14.230s] INFO:colcon.colcon_core.shell:Creating package descriptor '/home/sunrise/dev_ws/install/origincar_base/share/origincar_base/package.dsv'
[14.234s] INFO:colcon.colcon_core.shell:Creating package script '/home/sunrise/dev_ws/install/origincar_base/share/origincar_base/package.sh'
[14.237s] INFO:colcon.colcon_core.shell:Creating package script '/home/sunrise/dev_ws/install/origincar_base/share/origincar_base/package.bash'
[14.240s] INFO:colcon.colcon_core.shell:Creating package script '/home/sunrise/dev_ws/install/origincar_base/share/origincar_base/package.zsh'
[14.243s] Level 1:colcon.colcon_core.environment:create_file_with_runtime_dependencies(/home/sunrise/dev_ws/install/origincar_base/share/colcon-core/packages/origincar_base)
[15.952s] Level 1:colcon.colcon_core.shell:create_environment_hook('qr_scanner', 'pythonpath_develop')
[15.954s] INFO:colcon.colcon_core.shell:Creating environment hook '/home/sunrise/dev_ws/build/qr_scanner/share/qr_scanner/hook/pythonpath_develop.ps1'
[15.956s] DEBUG:colcon.colcon_core.event_handler.log_command:Invoked command in '/home/sunrise/dev_ws/build/qr_scanner' returned '0': PYTHONPATH=/home/sunrise/dev_ws/build/qr_scanner/prefix_override:/usr/lib/python3/dist-packages/colcon_core/task/python/colcon_distutils_commands:/home/sunrise/dev_ws/install/qr_scanner/lib/python3.10/site-packages:${PYTHONPATH} /usr/bin/python3 -W ignore:setup.py install is deprecated -W ignore:easy_install command is deprecated setup.py develop --editable --build-directory /home/sunrise/dev_ws/build/qr_scanner/build --no-deps symlink_data
[15.959s] INFO:colcon.colcon_core.shell:Creating environment descriptor '/home/sunrise/dev_ws/build/qr_scanner/share/qr_scanner/hook/pythonpath_develop.dsv'
[15.961s] INFO:colcon.colcon_core.shell:Creating environment hook '/home/sunrise/dev_ws/build/qr_scanner/share/qr_scanner/hook/pythonpath_develop.sh'
[15.965s] Level 1:colcon.colcon_core.environment:checking '/home/sunrise/dev_ws/install/qr_scanner' for CMake module files
[15.969s] Level 1:colcon.colcon_core.environment:checking '/home/sunrise/dev_ws/install/qr_scanner' for CMake config files
[15.972s] Level 1:colcon.colcon_core.environment:checking '/home/sunrise/dev_ws/install/qr_scanner/lib'
[15.973s] Level 1:colcon.colcon_core.environment:checking '/home/sunrise/dev_ws/install/qr_scanner/bin'
[15.973s] Level 1:colcon.colcon_core.environment:checking '/home/sunrise/dev_ws/install/qr_scanner/lib/pkgconfig/qr_scanner.pc'
[15.975s] Level 1:colcon.colcon_core.environment:checking '/home/sunrise/dev_ws/install/qr_scanner/lib/python3.10/site-packages'
[15.975s] Level 1:colcon.colcon_core.shell:create_environment_hook('qr_scanner', 'pythonpath')
[15.977s] INFO:colcon.colcon_core.shell:Creating environment hook '/home/sunrise/dev_ws/install/qr_scanner/share/qr_scanner/hook/pythonpath.ps1'
[15.980s] INFO:colcon.colcon_core.shell:Creating environment descriptor '/home/sunrise/dev_ws/install/qr_scanner/share/qr_scanner/hook/pythonpath.dsv'
[15.983s] INFO:colcon.colcon_core.shell:Creating environment hook '/home/sunrise/dev_ws/install/qr_scanner/share/qr_scanner/hook/pythonpath.sh'
[15.988s] Level 1:colcon.colcon_core.environment:checking '/home/sunrise/dev_ws/install/qr_scanner/bin'
[15.989s] Level 1:colcon.colcon_core.environment:create_environment_scripts_only(qr_scanner)
[15.992s] INFO:colcon.colcon_core.shell:Creating package script '/home/sunrise/dev_ws/install/qr_scanner/share/qr_scanner/package.ps1'
[15.997s] INFO:colcon.colcon_core.shell:Creating package descriptor '/home/sunrise/dev_ws/install/qr_scanner/share/qr_scanner/package.dsv'
[16.001s] INFO:colcon.colcon_core.shell:Creating package script '/home/sunrise/dev_ws/install/qr_scanner/share/qr_scanner/package.sh'
[16.004s] INFO:colcon.colcon_core.shell:Creating package script '/home/sunrise/dev_ws/install/qr_scanner/share/qr_scanner/package.bash'
[16.008s] INFO:colcon.colcon_core.shell:Creating package script '/home/sunrise/dev_ws/install/qr_scanner/share/qr_scanner/package.zsh'
[16.011s] Level 1:colcon.colcon_core.environment:create_file_with_runtime_dependencies(/home/sunrise/dev_ws/install/qr_scanner/share/colcon-core/packages/qr_scanner)
[16.013s] INFO:colcon.colcon_ros.task.ament_python.build:Building ROS package in '/home/sunrise/dev_ws/src/racing/racing_stage1' with build type 'ament_python'
[16.014s] Level 1:colcon.colcon_core.shell:create_environment_hook('racing_stage1', 'ament_prefix_path')
[16.016s] INFO:colcon.colcon_core.shell:Creating environment hook '/home/sunrise/dev_ws/install/racing_stage1/share/racing_stage1/hook/ament_prefix_path.ps1'
[16.020s] INFO:colcon.colcon_core.shell:Creating environment descriptor '/home/sunrise/dev_ws/install/racing_stage1/share/racing_stage1/hook/ament_prefix_path.dsv'
[16.023s] INFO:colcon.colcon_core.shell:Creating environment hook '/home/sunrise/dev_ws/install/racing_stage1/share/racing_stage1/hook/ament_prefix_path.sh'
[16.027s] INFO:colcon.colcon_core.shell:Skip shell extension 'powershell' for command environment: Not usable outside of PowerShell
[16.028s] DEBUG:colcon.colcon_core.shell:Skip shell extension 'dsv' for command environment
[16.061s] Level 1:colcon.colcon_core.shell:create_environment_hook('bno055', 'pythonpath_develop')
[16.063s] INFO:colcon.colcon_core.shell:Creating environment hook '/home/sunrise/dev_ws/build/bno055/share/bno055/hook/pythonpath_develop.ps1'
[16.064s] DEBUG:colcon.colcon_core.event_handler.log_command:Invoked command in '/home/sunrise/dev_ws/build/bno055' returned '0': PYTHONPATH=/home/sunrise/dev_ws/build/bno055/prefix_override:/usr/lib/python3/dist-packages/colcon_core/task/python/colcon_distutils_commands:/home/sunrise/dev_ws/install/bno055/lib/python3.10/site-packages:${PYTHONPATH} /usr/bin/python3 -W ignore:setup.py install is deprecated -W ignore:easy_install command is deprecated setup.py develop --editable --build-directory /home/sunrise/dev_ws/build/bno055/build --no-deps symlink_data
[16.067s] INFO:colcon.colcon_core.shell:Creating environment descriptor '/home/sunrise/dev_ws/build/bno055/share/bno055/hook/pythonpath_develop.dsv'
[16.070s] INFO:colcon.colcon_core.shell:Creating environment hook '/home/sunrise/dev_ws/build/bno055/share/bno055/hook/pythonpath_develop.sh'
[16.074s] Level 1:colcon.colcon_core.environment:checking '/home/sunrise/dev_ws/install/bno055' for CMake module files
[16.077s] Level 1:colcon.colcon_core.environment:checking '/home/sunrise/dev_ws/install/bno055' for CMake config files
[16.080s] Level 1:colcon.colcon_core.environment:checking '/home/sunrise/dev_ws/install/bno055/lib'
[16.080s] Level 1:colcon.colcon_core.environment:checking '/home/sunrise/dev_ws/install/bno055/bin'
[16.081s] Level 1:colcon.colcon_core.environment:checking '/home/sunrise/dev_ws/install/bno055/lib/pkgconfig/bno055.pc'
[16.082s] Level 1:colcon.colcon_core.environment:checking '/home/sunrise/dev_ws/install/bno055/lib/python3.10/site-packages'
[16.082s] Level 1:colcon.colcon_core.shell:create_environment_hook('bno055', 'pythonpath')
[16.084s] INFO:colcon.colcon_core.shell:Creating environment hook '/home/sunrise/dev_ws/install/bno055/share/bno055/hook/pythonpath.ps1'
[16.086s] INFO:colcon.colcon_core.shell:Creating environment descriptor '/home/sunrise/dev_ws/install/bno055/share/bno055/hook/pythonpath.dsv'
[16.088s] INFO:colcon.colcon_core.shell:Creating environment hook '/home/sunrise/dev_ws/install/bno055/share/bno055/hook/pythonpath.sh'
[16.092s] Level 1:colcon.colcon_core.environment:checking '/home/sunrise/dev_ws/install/bno055/bin'
[16.093s] Level 1:colcon.colcon_core.environment:create_environment_scripts_only(bno055)
[16.095s] INFO:colcon.colcon_core.shell:Creating package script '/home/sunrise/dev_ws/install/bno055/share/bno055/package.ps1'
[16.099s] INFO:colcon.colcon_core.shell:Creating package descriptor '/home/sunrise/dev_ws/install/bno055/share/bno055/package.dsv'
[16.102s] INFO:colcon.colcon_core.shell:Creating package script '/home/sunrise/dev_ws/install/bno055/share/bno055/package.sh'
[16.105s] INFO:colcon.colcon_core.shell:Creating package script '/home/sunrise/dev_ws/install/bno055/share/bno055/package.bash'
[16.107s] INFO:colcon.colcon_core.shell:Creating package script '/home/sunrise/dev_ws/install/bno055/share/bno055/package.zsh'
[16.109s] Level 1:colcon.colcon_core.environment:create_file_with_runtime_dependencies(/home/sunrise/dev_ws/install/bno055/share/colcon-core/packages/bno055)
[18.133s] INFO:colcon.colcon_core.task.python.build:Building Python package in '/home/sunrise/dev_ws/src/racing/racing_stage1'
[18.135s] INFO:colcon.colcon_core.shell:Skip shell extension 'powershell' for command environment: Not usable outside of PowerShell
[18.135s] DEBUG:colcon.colcon_core.shell:Skip shell extension 'dsv' for command environment
[20.876s] DEBUG:colcon.colcon_core.event_handler.log_command:Invoking command in '/home/sunrise/dev_ws/build/racing_stage1': AMENT_PREFIX_PATH=/home/sunrise/dev_ws/install/qr_scanner:/home/sunrise/dev_ws/install/voice_driver:/home/sunrise/dev_ws/install/utils:/home/sunrise/dev_ws/install/simple_avoidance:/home/sunrise/dev_ws/install/racing_stage2_param_test:/home/sunrise/dev_ws/install/racing_vision_ai:/home/sunrise/dev_ws/install/racing_stage3_param_test:/home/sunrise/dev_ws/install/racing_bringup:/home/sunrise/dev_ws/install/racing_stage3:/home/sunrise/dev_ws/install/line_follower_pkg:/home/sunrise/dev_ws/install/origincar_base:/home/sunrise/dev_ws/install/serial:/home/sunrise/dev_ws/install/racing_stage2:/home/sunrise/dev_ws/install/racing_stage1:/home/sunrise/dev_ws/install/origincar_msg:/home/sunrise/dev_ws/install/origincar_description:/home/sunrise/dev_ws/install/origincar_bringup:/home/sunrise/dev_ws/install/lslidar_driver:/home/sunrise/dev_ws/install/lslidar_msgs:/home/sunrise/dev_ws/install/bno055:/home/sunrise/dev_ws/install/ackermann_msgs:/opt/tros/humble:/opt/ros/humble CMAKE_PREFIX_PATH=/home/sunrise/dev_ws/install/origincar_bringup:/home/sunrise/dev_ws/install/voice_driver:/home/sunrise/dev_ws/install/utils:/home/sunrise/dev_ws/install/origincar_base:/home/sunrise/dev_ws/install/serial:/home/sunrise/dev_ws/install/origincar_msg:/home/sunrise/dev_ws/install/origincar_description:/home/sunrise/dev_ws/install/lslidar_driver:/home/sunrise/dev_ws/install/lslidar_msgs:/home/sunrise/dev_ws/install/ackermann_msgs PYTHONPATH=/home/sunrise/dev_ws/build/racing_stage1/prefix_override:/usr/lib/python3/dist-packages/colcon_core/task/python/colcon_distutils_commands:/home/sunrise/dev_ws/install/racing_stage1/lib/python3.10/site-packages:/home/sunrise/dev_ws/build/qr_scanner:/home/sunrise/dev_ws/install/qr_scanner/lib/python3.10/site-packages:/home/sunrise/dev_ws/install/voice_driver/local/lib/python3.10/dist-packages:/home/sunrise/dev_ws/build/simple_avoidance:/home/sunrise/dev_ws/install/simple_avoidance/lib/python3.10/site-packages:/home/sunrise/dev_ws/build/racing_vision_ai:/home/sunrise/dev_ws/install/racing_vision_ai/lib/python3.10/site-packages:/home/sunrise/dev_ws/build/racing_stage3_param_test:/home/sunrise/dev_ws/install/racing_stage3_param_test/lib/python3.10/site-packages:/home/sunrise/dev_ws/build/racing_bringup:/home/sunrise/dev_ws/install/racing_bringup/lib/python3.10/site-packages:/home/sunrise/dev_ws/build/racing_stage3:/home/sunrise/dev_ws/install/racing_stage3/lib/python3.10/site-packages:/home/sunrise/dev_ws/build/line_follower_pkg:/home/sunrise/dev_ws/install/line_follower_pkg/lib/python3.10/site-packages:/home/sunrise/dev_ws/install/origincar_base/local/lib/python3.10/dist-packages:/home/sunrise/dev_ws/build/racing_stage2_param_test:/home/sunrise/dev_ws/install/racing_stage2_param_test/lib/python3.10/site-packages:/home/sunrise/dev_ws/build/racing_stage2:/home/sunrise/dev_ws/install/racing_stage2/lib/python3.10/site-packages:/home/sunrise/dev_ws/build/racing_stage1:/home/sunrise/dev_ws/install/racing_stage1/lib/python3.10/site-packages:/home/sunrise/dev_ws/install/origincar_msg/local/lib/python3.10/dist-packages:/home/sunrise/dev_ws/install/lslidar_msgs/local/lib/python3.10/dist-packages:/home/sunrise/dev_ws/build/bno055:/home/sunrise/dev_ws/install/bno055/lib/python3.10/site-packages:/home/sunrise/dev_ws/install/ackermann_msgs/local/lib/python3.10/dist-packages:/opt/tros/humble/lib/python3.10/site-packages:/opt/tros/humble/local/lib/python3.10/dist-packages:/opt/ros/humble/lib/python3.10/site-packages:/opt/ros/humble/local/lib/python3.10/dist-packages /usr/bin/python3 -W ignore:setup.py install is deprecated -W ignore:easy_install command is deprecated setup.py develop --editable --build-directory /home/sunrise/dev_ws/build/racing_stage1/build --no-deps symlink_data
[24.415s] Level 1:colcon.colcon_core.shell:create_environment_hook('racing_stage1', 'pythonpath_develop')
[24.421s] INFO:colcon.colcon_core.shell:Creating environment hook '/home/sunrise/dev_ws/build/racing_stage1/share/racing_stage1/hook/pythonpath_develop.ps1'
[24.428s] DEBUG:colcon.colcon_core.event_handler.log_command:Invoked command in '/home/sunrise/dev_ws/build/racing_stage1' returned '0': AMENT_PREFIX_PATH=/home/sunrise/dev_ws/install/qr_scanner:/home/sunrise/dev_ws/install/voice_driver:/home/sunrise/dev_ws/install/utils:/home/sunrise/dev_ws/install/simple_avoidance:/home/sunrise/dev_ws/install/racing_stage2_param_test:/home/sunrise/dev_ws/install/racing_vision_ai:/home/sunrise/dev_ws/install/racing_stage3_param_test:/home/sunrise/dev_ws/install/racing_bringup:/home/sunrise/dev_ws/install/racing_stage3:/home/sunrise/dev_ws/install/line_follower_pkg:/home/sunrise/dev_ws/install/origincar_base:/home/sunrise/dev_ws/install/serial:/home/sunrise/dev_ws/install/racing_stage2:/home/sunrise/dev_ws/install/racing_stage1:/home/sunrise/dev_ws/install/origincar_msg:/home/sunrise/dev_ws/install/origincar_description:/home/sunrise/dev_ws/install/origincar_bringup:/home/sunrise/dev_ws/install/lslidar_driver:/home/sunrise/dev_ws/install/lslidar_msgs:/home/sunrise/dev_ws/install/bno055:/home/sunrise/dev_ws/install/ackermann_msgs:/opt/tros/humble:/opt/ros/humble CMAKE_PREFIX_PATH=/home/sunrise/dev_ws/install/origincar_bringup:/home/sunrise/dev_ws/install/voice_driver:/home/sunrise/dev_ws/install/utils:/home/sunrise/dev_ws/install/origincar_base:/home/sunrise/dev_ws/install/serial:/home/sunrise/dev_ws/install/origincar_msg:/home/sunrise/dev_ws/install/origincar_description:/home/sunrise/dev_ws/install/lslidar_driver:/home/sunrise/dev_ws/install/lslidar_msgs:/home/sunrise/dev_ws/install/ackermann_msgs PYTHONPATH=/home/sunrise/dev_ws/build/racing_stage1/prefix_override:/usr/lib/python3/dist-packages/colcon_core/task/python/colcon_distutils_commands:/home/sunrise/dev_ws/install/racing_stage1/lib/python3.10/site-packages:/home/sunrise/dev_ws/build/qr_scanner:/home/sunrise/dev_ws/install/qr_scanner/lib/python3.10/site-packages:/home/sunrise/dev_ws/install/voice_driver/local/lib/python3.10/dist-packages:/home/sunrise/dev_ws/build/simple_avoidance:/home/sunrise/dev_ws/install/simple_avoidance/lib/python3.10/site-packages:/home/sunrise/dev_ws/build/racing_vision_ai:/home/sunrise/dev_ws/install/racing_vision_ai/lib/python3.10/site-packages:/home/sunrise/dev_ws/build/racing_stage3_param_test:/home/sunrise/dev_ws/install/racing_stage3_param_test/lib/python3.10/site-packages:/home/sunrise/dev_ws/build/racing_bringup:/home/sunrise/dev_ws/install/racing_bringup/lib/python3.10/site-packages:/home/sunrise/dev_ws/build/racing_stage3:/home/sunrise/dev_ws/install/racing_stage3/lib/python3.10/site-packages:/home/sunrise/dev_ws/build/line_follower_pkg:/home/sunrise/dev_ws/install/line_follower_pkg/lib/python3.10/site-packages:/home/sunrise/dev_ws/install/origincar_base/local/lib/python3.10/dist-packages:/home/sunrise/dev_ws/build/racing_stage2_param_test:/home/sunrise/dev_ws/install/racing_stage2_param_test/lib/python3.10/site-packages:/home/sunrise/dev_ws/build/racing_stage2:/home/sunrise/dev_ws/install/racing_stage2/lib/python3.10/site-packages:/home/sunrise/dev_ws/build/racing_stage1:/home/sunrise/dev_ws/install/racing_stage1/lib/python3.10/site-packages:/home/sunrise/dev_ws/install/origincar_msg/local/lib/python3.10/dist-packages:/home/sunrise/dev_ws/install/lslidar_msgs/local/lib/python3.10/dist-packages:/home/sunrise/dev_ws/build/bno055:/home/sunrise/dev_ws/install/bno055/lib/python3.10/site-packages:/home/sunrise/dev_ws/install/ackermann_msgs/local/lib/python3.10/dist-packages:/opt/tros/humble/lib/python3.10/site-packages:/opt/tros/humble/local/lib/python3.10/dist-packages:/opt/ros/humble/lib/python3.10/site-packages:/opt/ros/humble/local/lib/python3.10/dist-packages /usr/bin/python3 -W ignore:setup.py install is deprecated -W ignore:easy_install command is deprecated setup.py develop --editable --build-directory /home/sunrise/dev_ws/build/racing_stage1/build --no-deps symlink_data
[24.435s] INFO:colcon.colcon_core.shell:Creating environment descriptor '/home/sunrise/dev_ws/build/racing_stage1/share/racing_stage1/hook/pythonpath_develop.dsv'
[24.443s] INFO:colcon.colcon_core.shell:Creating environment hook '/home/sunrise/dev_ws/build/racing_stage1/share/racing_stage1/hook/pythonpath_develop.sh'
[24.450s] Level 1:colcon.colcon_core.environment:checking '/home/sunrise/dev_ws/install/racing_stage1' for CMake module files
[24.453s] Level 1:colcon.colcon_core.environment:checking '/home/sunrise/dev_ws/install/racing_stage1' for CMake config files
[24.455s] Level 1:colcon.colcon_core.environment:checking '/home/sunrise/dev_ws/install/racing_stage1/lib'
[24.456s] Level 1:colcon.colcon_core.environment:checking '/home/sunrise/dev_ws/install/racing_stage1/bin'
[24.456s] Level 1:colcon.colcon_core.environment:checking '/home/sunrise/dev_ws/install/racing_stage1/lib/pkgconfig/racing_stage1.pc'
[24.457s] Level 1:colcon.colcon_core.environment:checking '/home/sunrise/dev_ws/install/racing_stage1/lib/python3.10/site-packages'
[24.458s] Level 1:colcon.colcon_core.shell:create_environment_hook('racing_stage1', 'pythonpath')
[24.461s] INFO:colcon.colcon_core.shell:Creating environment hook '/home/sunrise/dev_ws/install/racing_stage1/share/racing_stage1/hook/pythonpath.ps1'
[24.465s] INFO:colcon.colcon_core.shell:Creating environment descriptor '/home/sunrise/dev_ws/install/racing_stage1/share/racing_stage1/hook/pythonpath.dsv'
[24.469s] INFO:colcon.colcon_core.shell:Creating environment hook '/home/sunrise/dev_ws/install/racing_stage1/share/racing_stage1/hook/pythonpath.sh'
[24.473s] Level 1:colcon.colcon_core.environment:checking '/home/sunrise/dev_ws/install/racing_stage1/bin'
[24.474s] Level 1:colcon.colcon_core.environment:create_environment_scripts_only(racing_stage1)
[24.476s] INFO:colcon.colcon_core.shell:Creating package script '/home/sunrise/dev_ws/install/racing_stage1/share/racing_stage1/package.ps1'
[24.481s] INFO:colcon.colcon_core.shell:Creating package descriptor '/home/sunrise/dev_ws/install/racing_stage1/share/racing_stage1/package.dsv'
[24.485s] INFO:colcon.colcon_core.shell:Creating package script '/home/sunrise/dev_ws/install/racing_stage1/share/racing_stage1/package.sh'
[24.489s] INFO:colcon.colcon_core.shell:Creating package script '/home/sunrise/dev_ws/install/racing_stage1/share/racing_stage1/package.bash'
[24.491s] INFO:colcon.colcon_core.shell:Creating package script '/home/sunrise/dev_ws/install/racing_stage1/share/racing_stage1/package.zsh'
[24.494s] Level 1:colcon.colcon_core.environment:create_file_with_runtime_dependencies(/home/sunrise/dev_ws/install/racing_stage1/share/colcon-core/packages/racing_stage1)
[24.496s] INFO:colcon.colcon_ros.task.ament_python.build:Building ROS package in '/home/sunrise/dev_ws/src/racing/racing_stage2' with build type 'ament_python'
[24.497s] Level 1:colcon.colcon_core.shell:create_environment_hook('racing_stage2', 'ament_prefix_path')
[24.499s] INFO:colcon.colcon_core.shell:Creating environment hook '/home/sunrise/dev_ws/install/racing_stage2/share/racing_stage2/hook/ament_prefix_path.ps1'
[24.502s] INFO:colcon.colcon_core.shell:Creating environment descriptor '/home/sunrise/dev_ws/install/racing_stage2/share/racing_stage2/hook/ament_prefix_path.dsv'
[24.506s] INFO:colcon.colcon_core.shell:Creating environment hook '/home/sunrise/dev_ws/install/racing_stage2/share/racing_stage2/hook/ament_prefix_path.sh'
[24.510s] INFO:colcon.colcon_core.shell:Skip shell extension 'powershell' for command environment: Not usable outside of PowerShell
[24.510s] DEBUG:colcon.colcon_core.shell:Skip shell extension 'dsv' for command environment
[26.586s] INFO:colcon.colcon_core.task.python.build:Building Python package in '/home/sunrise/dev_ws/src/racing/racing_stage2'
[26.588s] INFO:colcon.colcon_core.shell:Skip shell extension 'powershell' for command environment: Not usable outside of PowerShell
[26.589s] DEBUG:colcon.colcon_core.shell:Skip shell extension 'dsv' for command environment
[29.339s] DEBUG:colcon.colcon_core.event_handler.log_command:Invoking command in '/home/sunrise/dev_ws/build/racing_stage2': AMENT_PREFIX_PATH=/home/sunrise/dev_ws/install/racing_stage1:/home/sunrise/dev_ws/install/qr_scanner:/home/sunrise/dev_ws/install/voice_driver:/home/sunrise/dev_ws/install/utils:/home/sunrise/dev_ws/install/simple_avoidance:/home/sunrise/dev_ws/install/racing_stage2_param_test:/home/sunrise/dev_ws/install/racing_vision_ai:/home/sunrise/dev_ws/install/racing_stage3_param_test:/home/sunrise/dev_ws/install/racing_bringup:/home/sunrise/dev_ws/install/racing_stage3:/home/sunrise/dev_ws/install/line_follower_pkg:/home/sunrise/dev_ws/install/origincar_base:/home/sunrise/dev_ws/install/serial:/home/sunrise/dev_ws/install/racing_stage2:/home/sunrise/dev_ws/install/origincar_msg:/home/sunrise/dev_ws/install/origincar_description:/home/sunrise/dev_ws/install/origincar_bringup:/home/sunrise/dev_ws/install/lslidar_driver:/home/sunrise/dev_ws/install/lslidar_msgs:/home/sunrise/dev_ws/install/bno055:/home/sunrise/dev_ws/install/ackermann_msgs:/opt/tros/humble:/opt/ros/humble CMAKE_PREFIX_PATH=/home/sunrise/dev_ws/install/origincar_bringup:/home/sunrise/dev_ws/install/voice_driver:/home/sunrise/dev_ws/install/utils:/home/sunrise/dev_ws/install/origincar_base:/home/sunrise/dev_ws/install/serial:/home/sunrise/dev_ws/install/origincar_msg:/home/sunrise/dev_ws/install/origincar_description:/home/sunrise/dev_ws/install/lslidar_driver:/home/sunrise/dev_ws/install/lslidar_msgs:/home/sunrise/dev_ws/install/ackermann_msgs PYTHONPATH=/home/sunrise/dev_ws/build/racing_stage2/prefix_override:/usr/lib/python3/dist-packages/colcon_core/task/python/colcon_distutils_commands:/home/sunrise/dev_ws/install/racing_stage2/lib/python3.10/site-packages:/home/sunrise/dev_ws/build/racing_stage1:/home/sunrise/dev_ws/install/racing_stage1/lib/python3.10/site-packages:/home/sunrise/dev_ws/build/qr_scanner:/home/sunrise/dev_ws/install/qr_scanner/lib/python3.10/site-packages:/home/sunrise/dev_ws/install/voice_driver/local/lib/python3.10/dist-packages:/home/sunrise/dev_ws/build/simple_avoidance:/home/sunrise/dev_ws/install/simple_avoidance/lib/python3.10/site-packages:/home/sunrise/dev_ws/build/racing_vision_ai:/home/sunrise/dev_ws/install/racing_vision_ai/lib/python3.10/site-packages:/home/sunrise/dev_ws/build/racing_stage3_param_test:/home/sunrise/dev_ws/install/racing_stage3_param_test/lib/python3.10/site-packages:/home/sunrise/dev_ws/build/racing_bringup:/home/sunrise/dev_ws/install/racing_bringup/lib/python3.10/site-packages:/home/sunrise/dev_ws/build/racing_stage3:/home/sunrise/dev_ws/install/racing_stage3/lib/python3.10/site-packages:/home/sunrise/dev_ws/build/line_follower_pkg:/home/sunrise/dev_ws/install/line_follower_pkg/lib/python3.10/site-packages:/home/sunrise/dev_ws/install/origincar_base/local/lib/python3.10/dist-packages:/home/sunrise/dev_ws/build/racing_stage2_param_test:/home/sunrise/dev_ws/install/racing_stage2_param_test/lib/python3.10/site-packages:/home/sunrise/dev_ws/build/racing_stage2:/home/sunrise/dev_ws/install/racing_stage2/lib/python3.10/site-packages:/home/sunrise/dev_ws/install/origincar_msg/local/lib/python3.10/dist-packages:/home/sunrise/dev_ws/install/lslidar_msgs/local/lib/python3.10/dist-packages:/home/sunrise/dev_ws/build/bno055:/home/sunrise/dev_ws/install/bno055/lib/python3.10/site-packages:/home/sunrise/dev_ws/install/ackermann_msgs/local/lib/python3.10/dist-packages:/opt/tros/humble/lib/python3.10/site-packages:/opt/tros/humble/local/lib/python3.10/dist-packages:/opt/ros/humble/lib/python3.10/site-packages:/opt/ros/humble/local/lib/python3.10/dist-packages /usr/bin/python3 -W ignore:setup.py install is deprecated -W ignore:easy_install command is deprecated setup.py develop --editable --build-directory /home/sunrise/dev_ws/build/racing_stage2/build --no-deps symlink_data
[32.893s] Level 1:colcon.colcon_core.shell:create_environment_hook('racing_stage2', 'pythonpath_develop')
[32.899s] INFO:colcon.colcon_core.shell:Creating environment hook '/home/sunrise/dev_ws/build/racing_stage2/share/racing_stage2/hook/pythonpath_develop.ps1'
[32.906s] DEBUG:colcon.colcon_core.event_handler.log_command:Invoked command in '/home/sunrise/dev_ws/build/racing_stage2' returned '0': AMENT_PREFIX_PATH=/home/sunrise/dev_ws/install/racing_stage1:/home/sunrise/dev_ws/install/qr_scanner:/home/sunrise/dev_ws/install/voice_driver:/home/sunrise/dev_ws/install/utils:/home/sunrise/dev_ws/install/simple_avoidance:/home/sunrise/dev_ws/install/racing_stage2_param_test:/home/sunrise/dev_ws/install/racing_vision_ai:/home/sunrise/dev_ws/install/racing_stage3_param_test:/home/sunrise/dev_ws/install/racing_bringup:/home/sunrise/dev_ws/install/racing_stage3:/home/sunrise/dev_ws/install/line_follower_pkg:/home/sunrise/dev_ws/install/origincar_base:/home/sunrise/dev_ws/install/serial:/home/sunrise/dev_ws/install/racing_stage2:/home/sunrise/dev_ws/install/origincar_msg:/home/sunrise/dev_ws/install/origincar_description:/home/sunrise/dev_ws/install/origincar_bringup:/home/sunrise/dev_ws/install/lslidar_driver:/home/sunrise/dev_ws/install/lslidar_msgs:/home/sunrise/dev_ws/install/bno055:/home/sunrise/dev_ws/install/ackermann_msgs:/opt/tros/humble:/opt/ros/humble CMAKE_PREFIX_PATH=/home/sunrise/dev_ws/install/origincar_bringup:/home/sunrise/dev_ws/install/voice_driver:/home/sunrise/dev_ws/install/utils:/home/sunrise/dev_ws/install/origincar_base:/home/sunrise/dev_ws/install/serial:/home/sunrise/dev_ws/install/origincar_msg:/home/sunrise/dev_ws/install/origincar_description:/home/sunrise/dev_ws/install/lslidar_driver:/home/sunrise/dev_ws/install/lslidar_msgs:/home/sunrise/dev_ws/install/ackermann_msgs PYTHONPATH=/home/sunrise/dev_ws/build/racing_stage2/prefix_override:/usr/lib/python3/dist-packages/colcon_core/task/python/colcon_distutils_commands:/home/sunrise/dev_ws/install/racing_stage2/lib/python3.10/site-packages:/home/sunrise/dev_ws/build/racing_stage1:/home/sunrise/dev_ws/install/racing_stage1/lib/python3.10/site-packages:/home/sunrise/dev_ws/build/qr_scanner:/home/sunrise/dev_ws/install/qr_scanner/lib/python3.10/site-packages:/home/sunrise/dev_ws/install/voice_driver/local/lib/python3.10/dist-packages:/home/sunrise/dev_ws/build/simple_avoidance:/home/sunrise/dev_ws/install/simple_avoidance/lib/python3.10/site-packages:/home/sunrise/dev_ws/build/racing_vision_ai:/home/sunrise/dev_ws/install/racing_vision_ai/lib/python3.10/site-packages:/home/sunrise/dev_ws/build/racing_stage3_param_test:/home/sunrise/dev_ws/install/racing_stage3_param_test/lib/python3.10/site-packages:/home/sunrise/dev_ws/build/racing_bringup:/home/sunrise/dev_ws/install/racing_bringup/lib/python3.10/site-packages:/home/sunrise/dev_ws/build/racing_stage3:/home/sunrise/dev_ws/install/racing_stage3/lib/python3.10/site-packages:/home/sunrise/dev_ws/build/line_follower_pkg:/home/sunrise/dev_ws/install/line_follower_pkg/lib/python3.10/site-packages:/home/sunrise/dev_ws/install/origincar_base/local/lib/python3.10/dist-packages:/home/sunrise/dev_ws/build/racing_stage2_param_test:/home/sunrise/dev_ws/install/racing_stage2_param_test/lib/python3.10/site-packages:/home/sunrise/dev_ws/build/racing_stage2:/home/sunrise/dev_ws/install/racing_stage2/lib/python3.10/site-packages:/home/sunrise/dev_ws/install/origincar_msg/local/lib/python3.10/dist-packages:/home/sunrise/dev_ws/install/lslidar_msgs/local/lib/python3.10/dist-packages:/home/sunrise/dev_ws/build/bno055:/home/sunrise/dev_ws/install/bno055/lib/python3.10/site-packages:/home/sunrise/dev_ws/install/ackermann_msgs/local/lib/python3.10/dist-packages:/opt/tros/humble/lib/python3.10/site-packages:/opt/tros/humble/local/lib/python3.10/dist-packages:/opt/ros/humble/lib/python3.10/site-packages:/opt/ros/humble/local/lib/python3.10/dist-packages /usr/bin/python3 -W ignore:setup.py install is deprecated -W ignore:easy_install command is deprecated setup.py develop --editable --build-directory /home/sunrise/dev_ws/build/racing_stage2/build --no-deps symlink_data
[32.914s] INFO:colcon.colcon_core.shell:Creating environment descriptor '/home/sunrise/dev_ws/build/racing_stage2/share/racing_stage2/hook/pythonpath_develop.dsv'
[32.920s] INFO:colcon.colcon_core.shell:Creating environment hook '/home/sunrise/dev_ws/build/racing_stage2/share/racing_stage2/hook/pythonpath_develop.sh'
[32.924s] Level 1:colcon.colcon_core.environment:checking '/home/sunrise/dev_ws/install/racing_stage2' for CMake module files
[32.927s] Level 1:colcon.colcon_core.environment:checking '/home/sunrise/dev_ws/install/racing_stage2' for CMake config files
[32.929s] Level 1:colcon.colcon_core.environment:checking '/home/sunrise/dev_ws/install/racing_stage2/lib'
[32.930s] Level 1:colcon.colcon_core.environment:checking '/home/sunrise/dev_ws/install/racing_stage2/bin'
[32.931s] Level 1:colcon.colcon_core.environment:checking '/home/sunrise/dev_ws/install/racing_stage2/lib/pkgconfig/racing_stage2.pc'
[32.934s] Level 1:colcon.colcon_core.environment:checking '/home/sunrise/dev_ws/install/racing_stage2/lib/python3.10/site-packages'
[32.934s] Level 1:colcon.colcon_core.shell:create_environment_hook('racing_stage2', 'pythonpath')
[32.937s] INFO:colcon.colcon_core.shell:Creating environment hook '/home/sunrise/dev_ws/install/racing_stage2/share/racing_stage2/hook/pythonpath.ps1'
[32.942s] INFO:colcon.colcon_core.shell:Creating environment descriptor '/home/sunrise/dev_ws/install/racing_stage2/share/racing_stage2/hook/pythonpath.dsv'
[32.944s] INFO:colcon.colcon_core.shell:Creating environment hook '/home/sunrise/dev_ws/install/racing_stage2/share/racing_stage2/hook/pythonpath.sh'
[32.949s] Level 1:colcon.colcon_core.environment:checking '/home/sunrise/dev_ws/install/racing_stage2/bin'
[32.950s] Level 1:colcon.colcon_core.environment:create_environment_scripts_only(racing_stage2)
[32.953s] INFO:colcon.colcon_core.shell:Creating package script '/home/sunrise/dev_ws/install/racing_stage2/share/racing_stage2/package.ps1'
[32.958s] INFO:colcon.colcon_core.shell:Creating package descriptor '/home/sunrise/dev_ws/install/racing_stage2/share/racing_stage2/package.dsv'
[32.962s] INFO:colcon.colcon_core.shell:Creating package script '/home/sunrise/dev_ws/install/racing_stage2/share/racing_stage2/package.sh'
[32.965s] INFO:colcon.colcon_core.shell:Creating package script '/home/sunrise/dev_ws/install/racing_stage2/share/racing_stage2/package.bash'
[32.968s] INFO:colcon.colcon_core.shell:Creating package script '/home/sunrise/dev_ws/install/racing_stage2/share/racing_stage2/package.zsh'
[32.970s] Level 1:colcon.colcon_core.environment:create_file_with_runtime_dependencies(/home/sunrise/dev_ws/install/racing_stage2/share/colcon-core/packages/racing_stage2)
[32.972s] INFO:colcon.colcon_ros.task.ament_python.build:Building ROS package in '/home/sunrise/dev_ws/src/racing/racing_stage2_param_test' with build type 'ament_python'
[32.973s] Level 1:colcon.colcon_core.shell:create_environment_hook('racing_stage2_param_test', 'ament_prefix_path')
[32.975s] INFO:colcon.colcon_core.shell:Creating environment hook '/home/sunrise/dev_ws/install/racing_stage2_param_test/share/racing_stage2_param_test/hook/ament_prefix_path.ps1'
[32.979s] INFO:colcon.colcon_core.shell:Creating environment descriptor '/home/sunrise/dev_ws/install/racing_stage2_param_test/share/racing_stage2_param_test/hook/ament_prefix_path.dsv'
[32.982s] INFO:colcon.colcon_core.shell:Creating environment hook '/home/sunrise/dev_ws/install/racing_stage2_param_test/share/racing_stage2_param_test/hook/ament_prefix_path.sh'
[32.986s] INFO:colcon.colcon_core.shell:Skip shell extension 'powershell' for command environment: Not usable outside of PowerShell
[32.987s] DEBUG:colcon.colcon_core.shell:Skip shell extension 'dsv' for command environment
[35.139s] INFO:colcon.colcon_core.task.python.build:Building Python package in '/home/sunrise/dev_ws/src/racing/racing_stage2_param_test'
[35.141s] INFO:colcon.colcon_core.shell:Skip shell extension 'powershell' for command environment: Not usable outside of PowerShell
[35.141s] DEBUG:colcon.colcon_core.shell:Skip shell extension 'dsv' for command environment
[37.974s] DEBUG:colcon.colcon_core.event_handler.log_command:Invoking command in '/home/sunrise/dev_ws/build/racing_stage2_param_test': AMENT_PREFIX_PATH=/home/sunrise/dev_ws/install/racing_stage2:/home/sunrise/dev_ws/install/racing_stage1:/home/sunrise/dev_ws/install/qr_scanner:/home/sunrise/dev_ws/install/bno055:/home/sunrise/dev_ws/install/voice_driver:/home/sunrise/dev_ws/install/utils:/home/sunrise/dev_ws/install/simple_avoidance:/home/sunrise/dev_ws/install/racing_stage2_param_test:/home/sunrise/dev_ws/install/racing_vision_ai:/home/sunrise/dev_ws/install/racing_stage3_param_test:/home/sunrise/dev_ws/install/racing_bringup:/home/sunrise/dev_ws/install/racing_stage3:/home/sunrise/dev_ws/install/line_follower_pkg:/home/sunrise/dev_ws/install/origincar_base:/home/sunrise/dev_ws/install/serial:/home/sunrise/dev_ws/install/origincar_msg:/home/sunrise/dev_ws/install/origincar_description:/home/sunrise/dev_ws/install/origincar_bringup:/home/sunrise/dev_ws/install/lslidar_driver:/home/sunrise/dev_ws/install/lslidar_msgs:/home/sunrise/dev_ws/install/ackermann_msgs:/opt/tros/humble:/opt/ros/humble CMAKE_PREFIX_PATH=/home/sunrise/dev_ws/install/origincar_base:/home/sunrise/dev_ws/install/lslidar_driver:/home/sunrise/dev_ws/install/serial:/home/sunrise/dev_ws/install/origincar_msg:/home/sunrise/dev_ws/install/origincar_description:/home/sunrise/dev_ws/install/origincar_bringup:/home/sunrise/dev_ws/install/lslidar_msgs:/home/sunrise/dev_ws/install/ackermann_msgs:/home/sunrise/dev_ws/install/voice_driver:/home/sunrise/dev_ws/install/utils LD_LIBRARY_PATH=/home/sunrise/dev_ws/install/origincar_base/lib:/home/sunrise/dev_ws/install/origincar_msg/lib:/home/sunrise/dev_ws/install/lslidar_msgs/lib:/home/sunrise/dev_ws/install/ackermann_msgs/lib:/home/sunrise/dev_ws/install/voice_driver/lib:/home/sunrise/dev_ws/install/serial/lib:/opt/tros/humble/lib/aarch64-linux-gnu:/opt/tros/humble/lib:/opt/ros/humble/opt/rviz_ogre_vendor/lib:/opt/ros/humble/lib/aarch64-linux-gnu:/opt/ros/humble/lib:/usr/hobot/lib:/app/lib:/app/pub/lib:/middleware/lib:/middleware/pub/lib:/usr/hobot/lib/sensor:/system/lib:/system/usr/lib:/lib:/usr/hobot/lib:/app/lib:/app/pub/lib:/middleware/lib:/middleware/pub/lib:/usr/hobot/lib/sensor:/system/lib:/system/usr/lib:/lib PYTHONPATH=/home/sunrise/dev_ws/build/racing_stage2_param_test/prefix_override:/usr/lib/python3/dist-packages/colcon_core/task/python/colcon_distutils_commands:/home/sunrise/dev_ws/install/racing_stage2_param_test/lib/python3.10/site-packages:/home/sunrise/dev_ws/build/racing_stage2:/home/sunrise/dev_ws/install/racing_stage2/lib/python3.10/site-packages:/home/sunrise/dev_ws/build/racing_stage1:/home/sunrise/dev_ws/install/racing_stage1/lib/python3.10/site-packages:/home/sunrise/dev_ws/build/qr_scanner:/home/sunrise/dev_ws/install/qr_scanner/lib/python3.10/site-packages:/home/sunrise/dev_ws/build/bno055:/home/sunrise/dev_ws/install/bno055/lib/python3.10/site-packages:/home/sunrise/dev_ws/install/voice_driver/local/lib/python3.10/dist-packages:/home/sunrise/dev_ws/build/simple_avoidance:/home/sunrise/dev_ws/install/simple_avoidance/lib/python3.10/site-packages:/home/sunrise/dev_ws/build/racing_vision_ai:/home/sunrise/dev_ws/install/racing_vision_ai/lib/python3.10/site-packages:/home/sunrise/dev_ws/build/racing_stage3_param_test:/home/sunrise/dev_ws/install/racing_stage3_param_test/lib/python3.10/site-packages:/home/sunrise/dev_ws/build/racing_bringup:/home/sunrise/dev_ws/install/racing_bringup/lib/python3.10/site-packages:/home/sunrise/dev_ws/build/racing_stage3:/home/sunrise/dev_ws/install/racing_stage3/lib/python3.10/site-packages:/home/sunrise/dev_ws/build/line_follower_pkg:/home/sunrise/dev_ws/install/line_follower_pkg/lib/python3.10/site-packages:/home/sunrise/dev_ws/install/origincar_base/local/lib/python3.10/dist-packages:/home/sunrise/dev_ws/build/racing_stage2_param_test:/home/sunrise/dev_ws/install/racing_stage2_param_test/lib/python3.10/site-packages:/home/sunrise/dev_ws/install/origincar_msg/local/lib/python3.10/dist-packages:/home/sunrise/dev_ws/install/lslidar_msgs/local/lib/python3.10/dist-packages:/home/sunrise/dev_ws/install/ackermann_msgs/local/lib/python3.10/dist-packages:/opt/tros/humble/lib/python3.10/site-packages:/opt/tros/humble/local/lib/python3.10/dist-packages:/opt/ros/humble/lib/python3.10/site-packages:/opt/ros/humble/local/lib/python3.10/dist-packages /usr/bin/python3 -W ignore:setup.py install is deprecated -W ignore:easy_install command is deprecated setup.py develop --editable --build-directory /home/sunrise/dev_ws/build/racing_stage2_param_test/build --no-deps symlink_data
[41.486s] Level 1:colcon.colcon_core.shell:create_environment_hook('racing_stage2_param_test', 'pythonpath_develop')
[41.491s] INFO:colcon.colcon_core.shell:Creating environment hook '/home/sunrise/dev_ws/build/racing_stage2_param_test/share/racing_stage2_param_test/hook/pythonpath_develop.ps1'
[41.495s] DEBUG:colcon.colcon_core.event_handler.log_command:Invoked command in '/home/sunrise/dev_ws/build/racing_stage2_param_test' returned '0': AMENT_PREFIX_PATH=/home/sunrise/dev_ws/install/racing_stage2:/home/sunrise/dev_ws/install/racing_stage1:/home/sunrise/dev_ws/install/qr_scanner:/home/sunrise/dev_ws/install/bno055:/home/sunrise/dev_ws/install/voice_driver:/home/sunrise/dev_ws/install/utils:/home/sunrise/dev_ws/install/simple_avoidance:/home/sunrise/dev_ws/install/racing_stage2_param_test:/home/sunrise/dev_ws/install/racing_vision_ai:/home/sunrise/dev_ws/install/racing_stage3_param_test:/home/sunrise/dev_ws/install/racing_bringup:/home/sunrise/dev_ws/install/racing_stage3:/home/sunrise/dev_ws/install/line_follower_pkg:/home/sunrise/dev_ws/install/origincar_base:/home/sunrise/dev_ws/install/serial:/home/sunrise/dev_ws/install/origincar_msg:/home/sunrise/dev_ws/install/origincar_description:/home/sunrise/dev_ws/install/origincar_bringup:/home/sunrise/dev_ws/install/lslidar_driver:/home/sunrise/dev_ws/install/lslidar_msgs:/home/sunrise/dev_ws/install/ackermann_msgs:/opt/tros/humble:/opt/ros/humble CMAKE_PREFIX_PATH=/home/sunrise/dev_ws/install/origincar_base:/home/sunrise/dev_ws/install/lslidar_driver:/home/sunrise/dev_ws/install/serial:/home/sunrise/dev_ws/install/origincar_msg:/home/sunrise/dev_ws/install/origincar_description:/home/sunrise/dev_ws/install/origincar_bringup:/home/sunrise/dev_ws/install/lslidar_msgs:/home/sunrise/dev_ws/install/ackermann_msgs:/home/sunrise/dev_ws/install/voice_driver:/home/sunrise/dev_ws/install/utils LD_LIBRARY_PATH=/home/sunrise/dev_ws/install/origincar_base/lib:/home/sunrise/dev_ws/install/origincar_msg/lib:/home/sunrise/dev_ws/install/lslidar_msgs/lib:/home/sunrise/dev_ws/install/ackermann_msgs/lib:/home/sunrise/dev_ws/install/voice_driver/lib:/home/sunrise/dev_ws/install/serial/lib:/opt/tros/humble/lib/aarch64-linux-gnu:/opt/tros/humble/lib:/opt/ros/humble/opt/rviz_ogre_vendor/lib:/opt/ros/humble/lib/aarch64-linux-gnu:/opt/ros/humble/lib:/usr/hobot/lib:/app/lib:/app/pub/lib:/middleware/lib:/middleware/pub/lib:/usr/hobot/lib/sensor:/system/lib:/system/usr/lib:/lib:/usr/hobot/lib:/app/lib:/app/pub/lib:/middleware/lib:/middleware/pub/lib:/usr/hobot/lib/sensor:/system/lib:/system/usr/lib:/lib PYTHONPATH=/home/sunrise/dev_ws/build/racing_stage2_param_test/prefix_override:/usr/lib/python3/dist-packages/colcon_core/task/python/colcon_distutils_commands:/home/sunrise/dev_ws/install/racing_stage2_param_test/lib/python3.10/site-packages:/home/sunrise/dev_ws/build/racing_stage2:/home/sunrise/dev_ws/install/racing_stage2/lib/python3.10/site-packages:/home/sunrise/dev_ws/build/racing_stage1:/home/sunrise/dev_ws/install/racing_stage1/lib/python3.10/site-packages:/home/sunrise/dev_ws/build/qr_scanner:/home/sunrise/dev_ws/install/qr_scanner/lib/python3.10/site-packages:/home/sunrise/dev_ws/build/bno055:/home/sunrise/dev_ws/install/bno055/lib/python3.10/site-packages:/home/sunrise/dev_ws/install/voice_driver/local/lib/python3.10/dist-packages:/home/sunrise/dev_ws/build/simple_avoidance:/home/sunrise/dev_ws/install/simple_avoidance/lib/python3.10/site-packages:/home/sunrise/dev_ws/build/racing_vision_ai:/home/sunrise/dev_ws/install/racing_vision_ai/lib/python3.10/site-packages:/home/sunrise/dev_ws/build/racing_stage3_param_test:/home/sunrise/dev_ws/install/racing_stage3_param_test/lib/python3.10/site-packages:/home/sunrise/dev_ws/build/racing_bringup:/home/sunrise/dev_ws/install/racing_bringup/lib/python3.10/site-packages:/home/sunrise/dev_ws/build/racing_stage3:/home/sunrise/dev_ws/install/racing_stage3/lib/python3.10/site-packages:/home/sunrise/dev_ws/build/line_follower_pkg:/home/sunrise/dev_ws/install/line_follower_pkg/lib/python3.10/site-packages:/home/sunrise/dev_ws/install/origincar_base/local/lib/python3.10/dist-packages:/home/sunrise/dev_ws/build/racing_stage2_param_test:/home/sunrise/dev_ws/install/racing_stage2_param_test/lib/python3.10/site-packages:/home/sunrise/dev_ws/install/origincar_msg/local/lib/python3.10/dist-packages:/home/sunrise/dev_ws/install/lslidar_msgs/local/lib/python3.10/dist-packages:/home/sunrise/dev_ws/install/ackermann_msgs/local/lib/python3.10/dist-packages:/opt/tros/humble/lib/python3.10/site-packages:/opt/tros/humble/local/lib/python3.10/dist-packages:/opt/ros/humble/lib/python3.10/site-packages:/opt/ros/humble/local/lib/python3.10/dist-packages /usr/bin/python3 -W ignore:setup.py install is deprecated -W ignore:easy_install command is deprecated setup.py develop --editable --build-directory /home/sunrise/dev_ws/build/racing_stage2_param_test/build --no-deps symlink_data
[41.496s] INFO:colcon.colcon_core.shell:Creating environment descriptor '/home/sunrise/dev_ws/build/racing_stage2_param_test/share/racing_stage2_param_test/hook/pythonpath_develop.dsv'
[41.499s] INFO:colcon.colcon_core.shell:Creating environment hook '/home/sunrise/dev_ws/build/racing_stage2_param_test/share/racing_stage2_param_test/hook/pythonpath_develop.sh'
[41.504s] Level 1:colcon.colcon_core.environment:checking '/home/sunrise/dev_ws/install/racing_stage2_param_test' for CMake module files
[41.511s] Level 1:colcon.colcon_core.environment:checking '/home/sunrise/dev_ws/install/racing_stage2_param_test' for CMake config files
[41.514s] Level 1:colcon.colcon_core.environment:checking '/home/sunrise/dev_ws/install/racing_stage2_param_test/lib'
[41.515s] Level 1:colcon.colcon_core.environment:checking '/home/sunrise/dev_ws/install/racing_stage2_param_test/bin'
[41.516s] Level 1:colcon.colcon_core.environment:checking '/home/sunrise/dev_ws/install/racing_stage2_param_test/lib/pkgconfig/racing_stage2_param_test.pc'
[41.517s] Level 1:colcon.colcon_core.environment:checking '/home/sunrise/dev_ws/install/racing_stage2_param_test/lib/python3.10/site-packages'
[41.517s] Level 1:colcon.colcon_core.shell:create_environment_hook('racing_stage2_param_test', 'pythonpath')
[41.519s] INFO:colcon.colcon_core.shell:Creating environment hook '/home/sunrise/dev_ws/install/racing_stage2_param_test/share/racing_stage2_param_test/hook/pythonpath.ps1'
[41.522s] INFO:colcon.colcon_core.shell:Creating environment descriptor '/home/sunrise/dev_ws/install/racing_stage2_param_test/share/racing_stage2_param_test/hook/pythonpath.dsv'
[41.524s] INFO:colcon.colcon_core.shell:Creating environment hook '/home/sunrise/dev_ws/install/racing_stage2_param_test/share/racing_stage2_param_test/hook/pythonpath.sh'
[41.529s] Level 1:colcon.colcon_core.environment:checking '/home/sunrise/dev_ws/install/racing_stage2_param_test/bin'
[41.529s] Level 1:colcon.colcon_core.environment:create_environment_scripts_only(racing_stage2_param_test)
[41.532s] INFO:colcon.colcon_core.shell:Creating package script '/home/sunrise/dev_ws/install/racing_stage2_param_test/share/racing_stage2_param_test/package.ps1'
[41.538s] INFO:colcon.colcon_core.shell:Creating package descriptor '/home/sunrise/dev_ws/install/racing_stage2_param_test/share/racing_stage2_param_test/package.dsv'
[41.541s] INFO:colcon.colcon_core.shell:Creating package script '/home/sunrise/dev_ws/install/racing_stage2_param_test/share/racing_stage2_param_test/package.sh'
[41.545s] INFO:colcon.colcon_core.shell:Creating package script '/home/sunrise/dev_ws/install/racing_stage2_param_test/share/racing_stage2_param_test/package.bash'
[41.547s] INFO:colcon.colcon_core.shell:Creating package script '/home/sunrise/dev_ws/install/racing_stage2_param_test/share/racing_stage2_param_test/package.zsh'
[41.549s] Level 1:colcon.colcon_core.environment:create_file_with_runtime_dependencies(/home/sunrise/dev_ws/install/racing_stage2_param_test/share/colcon-core/packages/racing_stage2_param_test)
[41.551s] DEBUG:colcon.colcon_parallel_executor.executor.parallel:closing loop
[41.552s] DEBUG:colcon.colcon_parallel_executor.executor.parallel:loop closed
[41.552s] DEBUG:colcon.colcon_parallel_executor.executor.parallel:run_until_complete finished with '0'
[41.553s] DEBUG:colcon.colcon_core.event_reactor:joining thread
[41.558s] DEBUG:colcon.colcon_core.event_reactor:joined thread
[41.560s] INFO:colcon.colcon_core.shell:Creating prefix script '/home/sunrise/dev_ws/install/local_setup.ps1'
[41.568s] INFO:colcon.colcon_core.shell:Creating prefix util module '/home/sunrise/dev_ws/install/_local_setup_util_ps1.py'
[41.577s] INFO:colcon.colcon_core.shell:Creating prefix chain script '/home/sunrise/dev_ws/install/setup.ps1'
[41.589s] INFO:colcon.colcon_core.shell:Creating prefix script '/home/sunrise/dev_ws/install/local_setup.sh'
[41.592s] INFO:colcon.colcon_core.shell:Creating prefix util module '/home/sunrise/dev_ws/install/_local_setup_util_sh.py'
[41.596s] INFO:colcon.colcon_core.shell:Creating prefix chain script '/home/sunrise/dev_ws/install/setup.sh'
[41.608s] INFO:colcon.colcon_core.shell:Creating prefix script '/home/sunrise/dev_ws/install/local_setup.bash'
[41.610s] INFO:colcon.colcon_core.shell:Creating prefix chain script '/home/sunrise/dev_ws/install/setup.bash'
[41.621s] INFO:colcon.colcon_core.shell:Creating prefix script '/home/sunrise/dev_ws/install/local_setup.zsh'
[41.624s] INFO:colcon.colcon_core.shell:Creating prefix chain script '/home/sunrise/dev_ws/install/setup.zsh'
